,0,1,2,3,4,5,6,7,8,9,10,11,12,13,14,15,16,17,18,19,20,21,22,23,24,25,26,27,28,29,30,31,32,33,34,35,36,37,38,39,40,41,42,43,44,45,46,47,48,49,50,51,52,53,54,55,56,57,58,59,60,61,62,63,64,65,66,67,68,69,70,71,72,73,74,75,76,77,78,79,80,81,82,83,84,85,86,87,88,89,90,91,92,93,94,95,96,97,98,99
MG,-0.146032077,-0.176997698,-0.063232697,-0.033613407,-0.112373792,-0.106988467,0.028317837,-0.053808377,0.078132098,0.10034656521331697,0.041107985,0.05120547,0.12929268979408406,0.14746816336804255,0.11717570741141958,0.1117903819080344,0.2450771881171333,0.37701766295037636,0.7856292355206789,2.101668155413489,4.182423296788793,7.679519046,12.339845103060505,19.373753376185874,27.43895148,36.68286270979409,47.89847624,60.55399116929248,76.88701025540988,94.60001900177292,109.50121466967445,131.63019032882366,143.77140667623385,171.1833866542162,195.94645965021485,222.63142068523854,250.88351144175093,276.2483945627543,292.8230801308366,304.58126520181764,322.587101,332.2315458333254,339.25199079269225,339.29440023103155,333.1436853404634,325.4265138940944,313.9584632346089,298.5241203418711,283.87401547556544,271.0111655,255.7821381527791,240.6278321862179,225.6849002,211.17077484832026,197.09555347950234,183.7217708,171.18742564834378,160.0404750219984,147.3297605026039,136.42649585528727,128.05164153181585,121.36104775953208,114.47052377793472,109.91588473343609,104.11723549765256,99.45421677739807,94.88678758482884,91.36141887716713,86.01850281210865,82.27166259311966,78.94285826633192,76.25760033720024,73.92844705698076,70.91670376920557,68.32030371087991,66.12511040255743,63.96694120707079,61.672119376935434,60.47051862398982,58.16290664578389,56.34333979132336,54.58301151740022,52.97818451738771,51.04485266166793,49.30943151819801,47.851354638153076,46.23037166163035,44.92241072999262,43.68917118971454,42.475453454386304,41.375500720317305,40.278240649000004,39.06519607935969,38.33077231383382,37.62327517582493,36.45062054746006,35.630031573879855,34.838388724880396,34.20157398410362,33.303570956412024
MG,-0.142476319,0.002822784,-0.19908057,-0.150053266,-0.04130179,-0.043976007,-0.046650223,0.03268487,0.004159893,0.004605595,0.091517635,0.012182542370590868,0.1387621289528075,0.15391602312109784,0.18288670314873035,0.22299995241773268,0.22433706072670617,0.3999439519710565,0.9481583586475695,2.064643796635109,4.181286249730052,7.278920498837212,12.037243267681516,17.99272367582106,25.75330030106618,34.36516921635374,45.016574005585774,56.42879342,69.76689450733674,83.16204555,91.84388979669279,101.96936531773112,110.09318970024566,120.86003150681852,126.83690564790153,131.0104663829576,116.33703980035243,116.62630089785898,121.9511118869357,120.50034937170638,122.13028440033732,119.31968273488842,115.77322579673798,109.97329565520826,102.44225595633581,95.04893841328696,88.04115377,80.67636120019945,74.85013459526006,69.54181460866062,64.97380692245929,60.04255147898857,56.690866651177664,52.61758903929417,49.49856105724355,46.74322653523197,44.00839434062456,41.33506912822966,38.99646669584616,37.21677553661094,35.15852014634087,33.474209379811974,31.609388991572505,30.48131528,29.169166327707508,28.205111236942216,27.534774271380066,26.750337396786016,25.616023848012237,25.014325108977037,24.416191992099076,23.91076505,23.683010936015435,23.02426224,22.33119443564969,21.836018658562217,21.608264543268128,21.16612739576967,21.068964191984744,20.56175444011655,20.052761877169726,19.554466180694646,19.60705910751402,19.22865745607633,18.770029306100597,18.495922102762346,18.16966767537437,18.092561096223935,17.88397220002507,17.77477502145942,17.34021482104511,16.994349471792276,17.00370922995504,16.818742580547926,16.68324893857259,16.353428889027377,16.16355950915404,16.039654139189757,15.75975279984598,15.631836104954779
MG,-0.508380231,-0.290954782,-0.217820768,-0.140733563,-0.287001592,-0.165441001,-0.261305858,0.057914233,-0.040915516,0.13796633027790275,0.2792928720382351,0.3405673167175514,0.4048066538813363,0.5342736257037383,0.15773228017449084,0.4255609012727004,0.5589810630744312,0.7744299169468425,1.1262638251054249,2.352741016186331,3.8401287459017053,6.131002338911848,9.422032996687387,12.737771091833649,16.721598293483254,22.072240930479325,26.014559637346203,30.528114296223375,35.133580622119496,40.29842333008798,44.44828451086858,49.40854963740784,51.860515722074815,52.90712276909716,55.65953129219173,59.16304591135521,60.915297369684325,65.79946358912181,69.59946745673349,72.45762381177465,73.87385412186242,73.86891263,70.01554070205592,66.18193471962007,61.74645556283423,59.46052345729827,57.77053474114325,55.566631327677946,54.02785212823155,52.33193362710757,50.63700342347841,49.497496411942315,48.247300080985546,46.45749331785292,44.84854499627377,44.12511123006002,42.52209269344987,41.708723855206834,40.10965851,39.30419605029152,38.524429326872614,37.67745837380545,37.05087776208483,36.494466272496965,35.79178675367461,33.60962589,33.10658246022832,32.39896145,31.755579784799114,31.257477847406037,30.190116552992357,29.837294347338943,29.44197534940797,28.462572532033906,28.102832243916694,27.283533620704723,27.026576272049557,26.7004381,26.094611734427218,25.840619278256575,25.284207788668677,25.12509189200145,24.63390804,24.191150759389476,24.058718895082578,23.520096760401604,23.414348928455063,23.081292672698208,22.584179032799966,22.135491970148276,21.789587846958657,21.497051788489728,21.41502309641902,20.879365854222517,20.665893595339796,20.22214802016224,20.224124615151904,19.601497193410587,19.495749361464046,18.980846366658906
MG,-0.854304671,-0.548335995,-0.378799253,-0.320615046,-0.412907237,-0.241364143,-0.10192268,-0.060792465,0.1518808445770752,0.091690285,0.2662429072044342,0.5401099519174027,0.6263830868819327,0.7076403419066412,0.5350940719775813,0.5631829996404675,0.762815021,0.9012533075828085,1.2433363194770068,2.3187409785695956,3.521548988,5.680383714221884,7.921478871,11.348328046193044,15.233628647560213,19.280440582988863,23.128623672801496,26.899562211541276,30.86511689194519,34.83568745228887,39.70711005,45.050025361692505,49.638552330619305,54.35147312205302,60.40363385741268,62.09097586916058,63.940832390957866,65.42854238,67.34159899014062,69.21452856,67.82111711238524,67.42586577312922,66.62934403868934,65.04733550567724,63.987981662392016,62.509300256139696,62.22841097951106,62.00670908617198,62.08696316520872,56.83232734027688,55.348630054084765,54.93431837105748,54.29830479,53.30817009457512,53.23794777541796,52.94602356292178,52.461489560737334,48.342448954175595,46.70626891781365,45.88466778367483,44.674837542195654,44.37990380173558,43.61949640286227,42.81595243650675,42.03447834188627,41.04735316973414,40.14650113254648,39.730183097543296,38.78218178892155,38.23946357943549,37.37974175775417,36.776832988990506,35.996362070358025,35.25802454321981,34.50263302428632,34.24180726741683,33.23261222,32.47120164866833,31.99168353,31.073777497440734,30.864113715957224,29.782690000936878,29.574029395441304,28.807602940640233,28.673177358253646,28.181621124153512,27.844553992199106,27.19850865595318,26.788209676877752,26.386939281693948,26.077961077402428,25.526214284024718,24.99152148244226,24.400650825534143,23.835862744312955,23.55597664367223,23.18480152812721,22.687226238099317,22.653118254508673,22.430413185181685
MG,-0.470852279,-0.254034632,-0.196284137,-0.103072813,-0.27227163,-0.044309151,-0.065585649,0.11171850078770738,-0.108138646,0.1390739982598943,0.26369348674435256,0.076257671,0.3579179780375048,0.27585148562091527,0.29003581764351893,0.35285214517228713,0.4126289729819074,0.8827382628745329,1.1795960687765645,2.271789635,3.928316981446164,6.228205102257057,9.259599488806055,12.671944506819802,15.249440268644905,14.48247317285022,17.622276382715004,23.223061198504737,27.317267320177375,33.24023911,39.297962046428076,46.616064203528154,55.82473518592923,62.89461153263341,69.81251289338098,78.86211672381404,86.44161585675957,95.15282205,105.66543841370506,113.82953465929728,125.07163095379858,131.11618272858175,127.38367707348597,129.36239139064182,128.0462880122571,124.5275605040737,124.27629519395866,118.13549259473623,112.33612713062976,106.88833046736974,98.85088004,92.92385559109802,86.3737337,81.05764868760137,77.34945903025867,74.24410348387742,71.71523971755842,67.88445690487734,61.466046664640736,57.49747319802563,54.14186550810239,51.883517216786316,49.670761421257225,46.74068369201261,44.026410442826574,40.456011439417885,39.169289891651445,37.92714767309894,37.07000875,35.91702519217874,35.22503242278938,33.865362881763716,33.06901395535077,32.309139025567426,31.114615635948013,30.184528721893194,29.29192897104103,28.47227721344807,28.00622058984761,27.23520082776079,26.833986864835197,26.257495084772913,26.212915755558917,25.572594481394844,25.375026999651155,24.874522712567195,24.22305660609964,23.988001961153326,23.63845949345299,22.890742562546155,22.39530410832744,22.245355455516837,21.654679343431923,21.290952543708983,20.85022508443464,20.60909144005006,20.17140348049487,20.09440282094347,19.684070358860463,19.367962388070584
MG,-0.450463824,-0.584087997,-0.369608433,-0.398546152,-0.267475308,-0.138106682,-0.232579823,0.056797365897980644,0.087437304,0.056797366,0.41085886759975865,0.4040499925670001,0.466180977,0.46447875848246656,0.49426758675061605,0.5700163214897168,0.6466161656078881,0.8789690260996627,1.317290356331393,2.2637239858803384,3.7174188053673327,5.980518644369683,8.914292674095538,12.48554762876037,17.03387615062139,21.88945515833419,27.890627390303163,34.45693624998836,40.105749199013765,46.895899825399816,52.059580428343466,58.387578661883296,66.37183575,70.48694959503756,74.19948870663143,79.38189371591507,82.72420024760451,85.77287404350758,88.49727516597713,89.69904160925329,90.76803498939125,89.77649256275058,86.00778023213662,84.19321503591513,83.70552936169615,81.82372652452644,80.37513836131401,77.50945308191541,75.07613136709492,70.51588731392661,68.35321838,66.27991593419189,63.42784840485876,61.33241711353731,60.02851754477026,58.28459443,57.00452592086081,54.90398797326482,46.62269371471173,45.81499091395457,44.906006097085644,44.24214078139483,43.523804465442254,42.82759699,42.26075814687153,41.94074102033343,41.08878053186355,40.56109272,40.30661101247915,39.69977002518745,39.167826663255724,38.54992125403583,38.080959986156806,37.65029864033693,36.95409116824068,36.31235469640625,36.00084866,35.14888817518914,34.574389344302915,34.30458767113112,33.44837163576581,33.115587868541326,32.682373194584116,31.966590206768807,31.77168615895701,31.26782940653527,30.81163477934262,30.61247518,30.243944823489105,29.637103836197372,29.194526959070195,28.977494067402052,28.44810403360759,28.117873594520393,27.62593237340593,27.381663981606852,26.727160869086074,26.651412134346998,26.270966241893426,25.738171770582603
ALE1,-0.195121285,-0.111665795,-0.081692345,-0.075815198,0.033499738638166056,0.045841748,0.017631441388513632,0.062297759572738386,0.042903174045383574,0.2621207619758685,0.21216501137508179,0.14634096352464265,0.29150649762337727,0.16926183732971656,0.30502393602125044,0.6188635927367467,0.864528343,1.5550931304666904,2.437840629318162,3.809566769344343,5.633245523629351,7.912990895163873,10.230937723040153,12.558287986323649,15.288222827978137,18.286155578738025,21.272921749951834,23.91411166995081,25.364591581512368,28.618180232405635,32.12272306572873,35.77595772142828,38.92140686513868,41.81648954113224,43.91874506935576,45.526144809275024,46.093877221985096,46.26372677402777,45.47148734097063,44.63105530145159,43.42624013990333,41.63018397712698,40.35425533531172,38.948441741934424,37.592583899157894,36.30960268078723,35.00605145,33.38924827213679,31.911145769066604,30.715734042925558,29.045448828720545,28.072193264074734,26.624651926077977,25.72603612997682,24.82213090145915,23.902357375691814,22.988460997053974,22.25969475,21.55796338573276,19.833608417936354,19.74838978455856,19.486269022582693,19.077807297082185,18.57707436164845,18.27733985804376,17.874167564959798,17.376373203090825,17.129533023651675,16.70108899791086,15.88005154391917,15.356985449393342,15.198890191609705,14.79042846610918,14.180968308779653,13.391079734574333,13.343474842825342,13.22064246781873,12.812768457031174,12.686997508459777,12.528314535963187,12.283237500662878,12.143949113693626,11.772513415108985,11.636751316417467,11.44045460229204,11.227701876204007,11.126027230863574,10.993203705736805,10.797494706324331,10.647039739809019,10.363761248166936,10.15688566920842,10.146306804375312,10.019948141090978,9.708459343227279,9.584451538794742,9.397558260076515,9.165998663,9.082543173935129,8.879193883
ALE1,-0.12727191,0.001219859,-0.097995304,-0.00040662,-0.032122942,0.032122942,0.026430268838219927,-0.007725771,0.11182036816171748,0.093929109,0.054080396,0.300491826,0.2305532681734064,0.3557920805145115,0.3679906661321639,0.514373694,0.736387952,1.4731825230903677,2.5360859499074473,3.8104315274302865,5.714224122823348,7.550517877798822,9.987795284203361,11.802131585067071,14.077574422277618,16.618946425952675,18.87243180905146,20.93724573,23.37289666291958,23.833189960225212,26.50061401528258,28.933825226481243,30.827858953380215,32.566564023414564,33.57416719543166,34.18978914960192,34.39472538797828,33.96370869615499,32.94715989468494,32.21524475762651,30.866894427356666,29.58278998133971,28.218174870246344,27.21545113,26.162306574153355,24.705795451407095,23.594910921160654,22.06032885046147,20.82745846403862,20.348460668785943,18.41783118503406,18.142143150075388,17.664771832905046,17.392336754111096,16.858851943099616,16.564459410193876,15.96510223684715,15.704865743670828,15.088430550459414,14.197933800371667,14.249981099006904,13.952335609936513,13.380628563989763,13.370869695495651,12.915455832437052,12.770699283107744,12.62756921186075,12.263238121413885,12.171342109760994,11.849299449455275,11.449185841196702,11.210906802132097,10.953110026079313,10.790462217844118,10.447275342467815,10.45703421096195,10.180532936962075,9.884513925974021,8.521525292962988,8.789894176551087,8.739473355998165,8.433695476515974,8.274300624445498,8.320655249792521,8.252343170333733,8.005931740857399,7.840030976457483,7.652172757945802,7.7375628572693005,7.450489475734179,7.417959914087144,7.452929192857695,7.136579205840237,6.588456092087566,6.577883984552273,6.623425370858141,6.677099147575761,6.5917090482522855,6.574631028387577,6.400597873575932
ALE1,-0.195769053,0.062451706163525106,0.037790173,-0.010082215,-0.030391713,0.029811441618137403,0.058099671,0.066803741,0.005875248,-0.024588999,0.034163477,0.1306335921028147,0.071155777,0.23363176022384152,0.27860279137526506,0.47299370022340625,0.7087289441623748,1.384745089858139,2.4466416964017337,3.8436450189447275,6.339537247849381,9.180690942,13.107677436140444,17.338581060435985,22.775723794486975,28.999134234475928,34.23245664992123,42.31636216899784,49.861340653469306,58.291232976727144,67.13601932931752,69.04148544,77.16020724081494,82.71630560565362,83.58598732098537,84.58187805922604,84.8248667,81.86548270983691,77.92108807432875,70.88674839518968,60.29969725508721,57.75520729897051,56.94065136375982,55.11714858449033,53.08039607685754,47.208049815534615,45.153889166811005,43.69958404651051,40.15485131688046,37.711908850460524,35.76147170907002,34.142514587618365,32.29942764962161,30.91838178974525,29.42780970883881,28.226647973568227,27.32940336817586,26.468425723389515,25.39564902866413,24.76823061018039,24.261943840120693,23.542407341697732,22.88089798024435,22.07141942,21.71165117030703,21.044339095156683,20.669338722490686,19.97156240043132,19.42610731291713,18.446174037343106,18.03708272170747,17.598977837587046,17.300863421405733,16.75758435152791,15.999604874862595,15.544817188863393,15.161838084864076,15.021122277712799,14.5627079,14.255164069714166,14.060773160866026,13.833016648260353,13.738722550684765,13.59655606510926,13.284660203897687,13.12871227,12.843653962928787,12.288044126444907,12.190848672020847,11.85429127759718,11.686012580385379,11.534416685052312,11.385722146567717,11.341476454628397,11.142008171295412,10.831562988508084,10.495730933296562,9.789975879903883,9.731948742934302,9.607915737661777
ALE1,-0.071500425,-0.064859519,-0.057480734,-0.016159539,-0.076665574,-0.045674678,0.042132861334890255,-0.024276202,0.084191935,0.23029187430156967,0.3741781783349313,0.34244940359936826,0.056152552,0.1159207095571146,0.2590691351082294,0.5497932571038349,0.885527967,1.5164140688150305,2.4026061259639695,3.842944923261869,5.019861102406414,6.978190594224377,8.930617058184534,10.723661769984693,13.148330462567126,15.781818765618475,18.33635407107202,21.01706659698557,23.794441204070257,26.831549036897172,29.436997957624047,30.648594425433078,31.874948462886522,33.93067791435781,35.942872535377965,36.73682978224916,37.331559838920306,36.914658496464696,35.87646347197798,34.14540055268447,32.218061957119865,29.60744788701741,28.129477287126186,26.892792950921642,25.166895181003696,24.150098632501397,23.104524823192417,22.143069160856783,21.164642293430038,20.441521380852183,19.670438366929904,19.62764141496102,18.865412942825387,17.928307270403074,17.385966585969726,16.942501618154115,16.81632439769411,16.49091998703408,16.093941363598503,15.820188446694027,15.45715223344067,15.068290273309515,14.656554080229464,14.38796631270057,13.847101385231632,13.54604696448495,13.54235757207382,13.186700143642678,12.981569925584889,12.876053302627103,12.79341091261821,12.35142170176707,12.294605058635932,11.862208268053685,12.099067260847038,11.829741614835896,11.67331137660478,11.437190262293653,11.192952484678084,11.164175223871403,10.955355613402485,11.01069649956917,10.764982964989128,10.877140494286948,10.773099628293592,10.775313263740248,10.476472478440243,10.331848295924654,10.29200285788465,10.241827121093547,10.303808913600221,10.194602898231304,10.052930229644641,9.889121206591287,9.821974264709054,9.602086477,9.444180481811243,9.582901636469025,9.405810801,9.067124577395658
ALE1,-1.273136246,-0.588899639,-0.500709144,-0.563050701,0.002584894,0.15159642152530695,0.5423715502313116,0.6929036037017158,0.5925489013880986,0.9437903594857373,0.851038286,0.3918394967609073,0.5773436434618073,0.8738461730247458,0.7628477901627074,0.753724635,0.8875309051584425,1.4516459742243315,2.1708546741385812,3.305166915440953,4.85762375,6.7521988873343055,9.248902238833548,11.826193457342333,15.110529169424181,18.816050526064743,22.81959493806084,26.61330679067396,30.62749488321852,35.50230057439191,40.471378864708406,45.174365141314546,48.70046445442471,50.98125314337047,51.625956079445814,51.337056178845984,50.55398539564129,49.74354514816925,48.37051035742392,47.433866469163505,45.69590548818684,44.86569840541059,44.00508080678172,43.127737424433924,41.29702437010678,40.761799291100836,39.27624559170083,38.85658047293479,37.704021922120894,37.09733213086132,35.99190987961894,35.310714324520504,34.36646780729694,33.70960066488054,33.329469216722956,32.69693048698863,32.04006334457222,30.965051609182506,30.584920161024836,30.07858507207888,28.82871287053664,27.937684756055145,27.324912861625066,27.153093447057817,26.371543189645724,25.444022456141134,25.29805198004856,25.551979787417856,25.658416592902025,25.152081503956023,25.751168666252497,25.214423061453914,24.73393691098267,24.817565829577358,24.714170075678464,24.473927000442863,24.27473812160827,24.096836603870514,23.500790493159318,23.535762586389815,23.403476842430976,23.16019272,22.85760808287661,22.853046505498696,23.16627481878065,23.090248529149108,23.74255409,23.39587421346783,23.34569686,23.08416642597856,23.16475429298797,23.18756217987745,22.574790285447325,22.66146025562729,22.78158179324511,22.412094025635906,22.45314822203691,22.459230325207418,22.20074094046025,22.471394531548476
ALE1,-0.33972245,-0.471971546,-0.336082566,-0.090997085,-0.002426589,0.095850263,0.15530169126313306,0.15166180787413655,0.37490798906485234,0.4634784848633532,0.2984704378962709,0.30575020467422936,0.5471958028098587,0.6030073481075635,0.4671183682523152,0.7461760947407013,0.8759986022809555,1.601548691150808,2.7202061860303846,3.5561660710326133,4.669970388060195,6.792022403835046,8.781825323,10.401573431239324,12.63160865422052,15.257177872137436,17.60247606910297,20.54228855,23.33165252,26.35032914728278,29.60923807488205,33.36317114338254,37.64124742,40.61017897083996,42.98459623491733,43.19328288255213,43.69437349576823,42.62910095726036,41.44249897245316,39.42357698603273,37.780776283140206,35.974180827743574,33.78539761650413,32.13167726344462,30.481596793774074,29.31804740376378,28.012542561583246,27.02006769085496,25.777654160750057,24.520681097089266,23.27948086144743,22.581836545226412,21.38431491025229,20.549568319713096,19.917441904493703,19.73059455719278,19.157919570660056,17.84149508,17.311285397984662,16.791995367823645,16.728904055748018,15.824999680818165,15.52774254,15.049704518965601,14.925948483740342,14.640824284936961,14.466109882265958,14.996319562593929,14.53648096111958,14.635971107085036,14.350846908281655,14.314448074391862,13.949246441030938,14.09362848212711,13.93711349640102,13.82913028919464,13.840049939361561,13.536726323613337,13.558565623947212,13.741773087859139,13.53429973468734,13.463928655833751,13.620443641559842,13.42631652748096,13.290427547625711,12.970117809395573,12.94463863,13.072034544286991,12.875480841282112,12.964051337080612,13.02835594361924,12.945851920135699,12.771137517464695,12.671647371499274,12.63646183207248,12.957984864765653,12.342844572028142,12.386523172695927,12.15963710811625,12.347697749880139
ALE1,-0.553116856,-0.580641332,-0.454278965,-0.001376224,-0.087702989,-0.050169613,0.20630845857166957,0.47154431798459207,0.5578710835482574,0.4915621186950268,0.44026650437456893,0.5053243566834285,0.7117579265095245,0.5966555724246848,0.7605513157411337,1.0107738246212479,1.225965182,1.2885208094782366,2.4595621510372108,3.6293523800518144,4.598964602,6.4956512192736815,8.194662055,9.816103912112982,12.310822325647898,14.908131967823588,17.57175057485258,20.734563087097428,24.46913403213329,27.38923071076443,31.30271074964962,35.02602168178593,38.27265873,41.11143309775066,42.73287495529388,44.00275418786052,44.19792774478706,43.674962701227585,43.267100011752945,42.091054220016346,41.359153381541994,40.563445803303196,38.999555122802356,36.30340758961897,35.80046034676993,34.65319014355454,33.79742916,32.922901494648436,31.589215522317385,30.881085822186616,30.22049839874309,29.064470407716886,28.412640772084135,28.02104254568671,27.15402155241709,26.58351423217041,26.30826947240227,25.577619746472255,25.272348285638532,24.683074277225828,24.539196334619742,24.056266892481098,23.998715715438642,23.52704628619966,22.90899668926574,22.91149891435452,22.61623635387598,21.941886692444015,21.69416640865268,21.227501429591285,21.019816747220748,20.63572519608973,20.22786250661513,19.991402235723417,19.432154928376328,19.205703557839797,18.81410533144241,18.603918423983092,18.22858466066292,17.554234999230957,17.42662151970209,17.480419359111323,16.797311909868583,16.77729410915818,16.590878340042487,16.050397720861387,15.895259765355714,15.730112909494823,15.587486079433145,15.404823647950668,15.258443480255805,15.00571874628684,14.93940978143361,14.813047414449146,14.737980661785105,14.864343028769605,14.850580790781203,14.609116069711863,14.139948865561623,14.205006717870447
ALE1,-0.444469577,-0.32440692,-0.376711444,-0.401674967,-0.190079394,-0.002258604,0.2592640136860699,0.32583340738810807,0.493445631,0.6610578542449138,0.6051871131021185,0.560015025,0.6016208955823483,0.718117335,0.841746209,0.9784512135029363,1.2768247459889526,1.6976384133198363,2.448921570814465,3.547316566898433,4.625502997037138,6.469237454749486,8.803921191014524,10.946029181212888,13.614748625161475,16.813645740380025,20.22057221091748,23.566872983619156,27.161620243530297,30.37121601130809,33.94456596610071,37.11136712,40.36494624082962,42.92549042001235,44.715731614928416,45.62392834329219,45.36240572517696,45.11990293383374,44.60161265429632,42.804239024340745,41.43005654006254,40.27341332448926,39.46031572998555,38.344089646302834,37.527425834279356,36.06289917283408,34.517538247607746,33.504732471997855,31.838120151099915,30.991737859745154,30.175074047721676,28.900745653996594,28.351548155954628,27.911714661851704,27.05819993545747,26.232026210048005,25.535425054522882,24.690231502341412,24.49408954,23.512190981649617,23.1151521,22.83817587,22.31631937335907,21.565036215864442,21.157298679439315,20.80662062333024,20.725786359549186,20.07435729260765,19.853251806382914,19.338527744365223,18.962886165617896,18.72513833,18.23062283489527,18.05825565477386,17.883510996305933,17.465074807321596,17.135794056331072,16.84930791557756,16.60561638506108,16.47010011931049,16.12061080237467,15.972018405718291,15.592810609451188,15.278983467712903,14.99606354447919,15.050745546448729,14.45994217734298,14.46826335155571,14.341068260017849,14.090244294461897,13.79424824032236,13.718168933234336,13.500629664529372,13.365113398778748,13.243862003107171,13.431682792480819,13.549367970632694,12.978773167472173,13.050097517867238,12.484257671399746
ALE1,-0.384459904,-0.499309763,-0.275352537,-0.321292481,-0.041345949,0.041920199,0.13523570921647565,0.3678066741110866,0.5716651742039209,0.40513287835340434,0.5903282763250594,0.9348778539466644,0.9119078821052757,0.7726524278164796,0.7195343679331766,0.8530473292615439,1.4617515830597714,1.9871896889327811,2.4695590976030446,3.4141991895823356,5.482932278552226,7.419588029433846,9.934799946071738,12.26912333445835,15.22794283228409,18.690666087381466,22.070123194553666,25.71804184762274,29.169280116799385,32.921999266395005,36.45937493,40.58822736847634,44.16436485954085,46.99397826575855,49.648445636685196,50.44952340465552,50.64333254206768,50.489720855377996,49.85948225297844,49.178996837175724,47.143283082727905,45.74642167012023,44.10981117641745,43.40922704,42.329638358705665,40.987330629221425,39.646458522977206,38.549642367548365,37.00347613797129,36.084677264313584,34.8328138,33.982924840821624,32.92917738259545,32.14102022378599,30.785791885140924,28.76874123281424,28.43998351083362,28.315084288945794,27.025894619344857,26.204718126013294,26.10709574568715,25.267256150234406,24.744689290841592,24.171875618045668,22.988922068211377,22.85540910688297,22.134726240357747,21.958144581826673,21.408300880872137,20.69910300026761,20.567025662179297,20.40623585928921,20.394750873368476,20.14064555987253,20.109061848590564,20.130596197191895,19.994211989383334,19.979855756982445,19.727186066726556,19.52045632015357,19.45298202786938,19.486001362391406,19.504664464512587,19.460160144069825,19.019423809362127,19.042393781203597,19.106996827007634,18.861505252952234,18.913187689595482,19.01798818612207,18.84858464,18.878732731833317,19.152936770690534,18.748091016985104,19.177342365772063,18.692101710621603,18.822743425469778,18.568638111973836,18.939028907917105,18.82130780222972
ALE1,-0.04668722,-0.167466565,-0.154046638,0.022531351,0.001341993,0.040895462,0.040189150427753256,-0.083415442,0.15884955942359294,0.18780834971424096,0.29304883150221445,0.083980492,0.17085686271483527,0.3891072578321732,0.44349327862194976,0.5240128418691066,0.9033023634807783,1.474708737752408,2.5447713545898605,3.7801109696714783,5.622172556940181,7.820921683154654,10.240746452319733,12.818785100145897,15.672285411712425,18.632438828983528,21.57564075925523,24.07810402754238,26.923128595609207,30.066216810082214,33.16339474726519,35.96745322,38.17609071538088,39.485593086084926,40.95825351915827,41.34248722,41.295870635229754,40.88055920374432,39.92774437,38.52147726299376,37.01703279179659,35.69411049388469,33.830153235908426,32.601876740409885,31.170182400918456,29.75967742017631,28.447349801639053,27.46557617959017,25.827638748272644,25.047870346300023,24.28858499111833,23.152129050199896,22.51221041597235,21.871585469786496,20.907469646695347,20.36925993446424,19.711683501278976,19.251168104461797,18.727790943355178,18.02430423287988,17.954379349007343,17.314460714779777,16.842644326629667,16.49443253118356,15.855220208914327,15.588234288673709,15.260505540018546,14.891810697781473,14.528766351210894,14.201037602555731,13.941114801898191,13.615504989117944,13.320266590544989,13.463647918081605,13.162052711883883,13.044098614846355,12.853394386103021,12.709306746608092,12.50376996674029,12.606185200695036,12.32224779345499,12.47057330469981,12.36674544682846,12.326485665204862,12.171097034376983,12.19228639312622,12.201468448584254,12.219126247541972,12.183104337668226,12.135075124503256,12.079276479796876,11.916824729385898,12.037604074256674,11.957084511009496,12.034778826423446,12.045373505798064,11.974742309967214,11.840543037888592,11.946489831634858,11.89916693042818
ALE1,-0.17811011,-0.175674417,-0.073375276,-0.017963242,0.052062955,0.014309701185454516,0.076419894,-0.039275563,0.21099197705365721,0.13061408103321406,0.3370391321766162,0.2773646336159957,0.4064564060124535,0.2992858779852075,0.43690257874747557,0.5775638967832424,1.022078018714458,1.5835054439481364,2.618066393,3.720826769946197,5.5238491193138035,7.686745230409295,10.003698975543939,12.291424394852983,15.195380350318736,18.115777239061387,21.072709535086062,23.504749813159076,26.085976337633664,28.200767495807828,30.01414154390534,31.837867290732735,32.96985599302059,34.13229087,33.63358255864395,33.93378182181118,33.714569378119066,32.80970912443442,32.060124351698335,30.490319685480966,29.157386243141985,27.68013794203904,25.54342554,24.13681236,23.12843511815429,22.041506751514248,21.02095104143653,20.48936086548317,19.27151395608258,18.668679735929274,18.17118927343912,17.452659596892758,16.957604828221417,16.201930820938333,15.726361602817391,15.333605974535706,14.982257141173632,14.563926727794517,14.310614570639192,13.821649036514849,13.467864509333962,13.024568234312154,12.816925336259345,12.374846908146925,12.392505688333232,12.088043960983079,11.73060589307399,11.508957755563095,11.301314857510286,11.044958083081463,10.653420301709167,10.608359966061354,10.506669749126402,10.162019073766013,10.247877280878766,9.884349978,9.905662299,9.635300285450262,9.582932868346044,9.481242651411092,9.176172001,9.138418746414812,9.028203601114067,8.903983216355183,8.676245844297272,8.506965123890593,8.519752516439308,8.485652802976084,8.679290462,8.483217109,8.349253949123206,8.062451001959378,7.955889397386817,7.916309372831299,7.942493081383415,7.849936716,7.831060089173247,7.683091689681077,7.5132020458196935,7.389590584515548
ALE1,-0.198866768,-0.235519906,-0.196047296,-0.06917105,0.026691002924975865,0.001315754,0.033269771,0.054885724,0.3105178650143954,0.2729249031482537,0.2851426157547571,0.42799587084611174,0.44115340749924664,0.5652101816575438,0.7729112959680217,0.7616334074082032,1.1986515891021645,1.5557847268305778,2.5003078937175727,3.7615517643268905,5.431619095230557,7.518968302848497,9.832815106,12.035762671066335,15.27439633583509,18.430325484498322,21.70561228708656,24.335239969623697,27.20170331191756,30.023994924018726,32.12920078852309,34.14982248882862,36.16292559676091,37.80855750245159,39.35738753133691,40.262438088264474,39.36584594775683,37.88938237,36.61498096320134,34.871607356658686,30.444096272872947,30.47980958664577,29.227963956503036,28.066341434839035,26.584238913266102,25.59554401618633,24.51756583467454,23.845591641317117,22.98659246267562,20.59380044,20.122948592521677,19.601346246628854,19.20192102680103,18.73012935538085,18.206647361394733,17.651211349822372,17.413435866018965,16.884314927752925,16.5196632,16.290346130267764,15.710474693482421,15.278155632021697,14.992449121838959,14.679487714303269,14.40411926863372,14.302618271595113,13.923869180793668,13.485911175053047,13.641921966797565,13.19644536868368,12.830853814535395,11.980313052313768,11.759454401350128,11.885390823601742,11.670171116918025,11.26604677685694,11.153267891258489,10.853464020375934,11.058345662546463,10.843125955862746,10.406107774168758,10.459677744828037,10.248217334330926,9.974728537,9.815898272870202,9.860070003062951,10.054613580720268,10.148595985385636,10.117581791846048,10.022659563134049,9.611016630699726,9.433389885882152,9.043362907,9.173998449005738,9.455945663001842,9.312152583863828,8.876074226216499,8.821564431510563,8.604465076733556,8.367629416976808
ALE1,-0.031477472,-0.049104856,0.025433797055474786,-0.017879204,0.010324610685885959,0.060688565,0.048097577,-0.04406846,0.008310053,-0.010324611,-0.004280936,0.047090297518554494,-0.060688565,-0.042557542,0.081337787,0.28228996533847056,0.6333267286585723,0.8101042091827545,2.3618176493394625,3.9361948690505613,6.231280278591026,9.312043379350065,13.129127495853716,16.818790807307163,22.091896850293463,27.98045041806766,34.781598842564996,42.052642963156494,49.90136164261196,57.46703489741043,64.97076048809362,74.18283141763159,82.03709013208922,87.21097918458189,90.57478770999789,93.3840891,92.52286547258348,89.29101050812852,83.18538829617792,78.35095229745534,73.62278424286554,67.60832078867809,66.85588330747258,64.58446895657782,61.06201397428115,57.64633057566289,53.26819200530188,50.998792212589706,47.98853864822208,45.83547959055576,43.95640044572463,42.22690224595243,40.61324114,39.30478560207405,38.22447878,37.25849812808615,36.181716779480176,35.45244671737471,34.43509483515575,33.42831938339554,32.47492972,31.73357231227337,30.947894621054793,30.327914340356024,29.664117419185455,29.15141236171076,28.569205046935956,27.978939499430695,27.661142946123704,27.17613806365991,26.630696435717773,26.04546728366904,25.69795599716854,25.27338786,24.752120930432305,24.276685199335923,23.836000596889598,23.286026213036592,22.983338846099162,22.66201681597258,22.095422327113035,21.543433385077424,21.143543585828983,20.496870409210594,20.14180452952528,19.845160837135683,19.495131352906892,19.06099406455406,18.773415883986228,18.47677219159665,18.230996093318012,17.832617212706538,17.605475777617063,17.340057737057954,17.05197591694447,16.690866362711304,16.381128042134755,15.985771,15.824606344188249,15.498751558150799
ALE1,0.016229227104463652,-0.01810183,-0.67039192,-0.146063044,-0.002496804,0.1036173730514657,-0.620455836,0.602978207,0.26590964409601214,0.46877498290151776,-0.242814206,0.7996015354153395,0.37826583174219564,-0.08364294,0.5686471496981549,0.9681358168846147,1.4269235831064864,1.785839182531721,2.5317594282939577,3.184049517684197,5.162766822341955,8.417975258868779,11.570190523386557,13.470882697734451,17.98697724,22.465619719853596,27.724513502737274,32.15321989912412,40.10866218551611,48.53537625897952,59.94577131549152,73.74373535948479,88.26265161,103.92385576333353,118.89843877239923,133.2269737024995,145.85143978663274,153.07968785853694,161.21926945246008,155.91043958617806,150.04919179730248,142.34655093311437,134.14767024015575,130.10284748489323,124.38828694100009,120.7647998894109,110.34688449044009,104.63232394654695,101.91080740133945,98.39031352175923,96.84853694683656,96.40223320146424,93.10957270238869,91.19951751240366,88.52793705059462,87.57603046081437,84.41757318587186,84.61107550904023,81.61491050514209,81.60554748950496,78.20053080278322,77.32977034852534,75.38850511,73.58144308844032,71.98348841969467,71.48412758571166,70.54470501678114,69.40241710904495,68.93738733239826,68.21955613,67.62968614840518,66.29389591750062,64.35887268581641,63.756518679824445,63.556774346231165,60.99755007206831,61.94009364621123,62.31149327,61.04748615546658,60.85710483751053,60.198572737695386,59.56188767,59.05004281953446,59.12806794984432,57.68928455,57.12438260348747,56.90591223861992,54.886621866201025,54.68375652739552,52.30555055555139,50.72944292329242,50.34555928,49.00976905126343,47.35875729390709,45.682777494851564,43.722786221468255,44.10042785216777,43.941256586335804,43.379475648104886,42.98934999655565
ALE1,0.000491617,-0.257115544,-0.176490402,-0.079150292,0.13126166393114275,-0.003441317,0.00442455,0.20598740519530698,0.14895986580949966,0.025072452661001405,0.017206585,0.11749639580352253,0.3190592505292305,0.073250891,0.5117730043158021,0.3013610486509016,0.9394795497093851,1.5628495492026409,2.417279406552171,3.7682421499333585,5.634419214662249,8.007944733237345,10.465045094015796,13.129607710146102,16.30840141418642,19.439016679780096,22.428046330346916,25.724828046909614,29.42571870636142,33.22001654239346,36.67608207586137,40.89415352353626,44.59504418298804,47.53392892823292,49.73243889,50.54852264817954,49.68622692332854,47.38251097882921,46.18493265172706,42.84980483109463,39.86667458,36.820617391201274,34.776475074251124,32.87981777295394,31.186689793257862,29.21039058350809,27.48874883,26.040445980406965,23.32180553,22.722033128215173,21.985591283387993,21.18818897,20.25510043305984,19.785114849845733,18.780250276530154,18.10673537171493,17.912055151053032,17.23362407904935,16.67613071988115,16.276937944180442,15.938705641616307,15.381212282448079,14.890578797042542,14.58675966479743,13.998786069060916,13.838519018718012,13.616308261800874,13.01063646418603,12.702884398190154,12.449210171267065,12.31352395686633,11.876968310533526,11.80322580270708,11.753080897385056,11.128727664454164,11.217218673845949,10.823925298771334,10.545670235906078,10.380487018374776,10.130745725202397,9.894769700157639,9.753184085130812,10.017673879868445,9.708938580434905,9.497543391332341,9.431666751007313,9.338259574427129,8.929234464349538,8.806330285,8.708990174307782,8.798464417137257,8.406154275500333,8.484812951,8.600834496162287,8.487762650828335,8.391405774,8.573303959907046,8.265551894,8.470064448949978,8.474980616138406
ALE1,-0.304050823,-0.063654293,-0.528646643,-0.095255715,0.08080935,0.11918250538989958,0.10451041665821242,0.18125672694715597,0.22414437093217648,0.28170410364891624,0.6191621444782982,0.5841748559642059,0.49952819020433414,0.4645409016902418,0.722995388,0.7726547650562174,1.2816633818256493,1.8132444427977288,2.755643988257786,3.4655473584307064,4.701388678524988,6.548943236510737,8.866004633911308,10.692115369904547,12.921144234914868,15.62645167260077,18.346431199018422,21.428698454888316,24.81117921865332,28.732012776651164,32.406806692840284,36.84342060086835,41.46174268472767,44.68621634,47.48181355357066,48.90162029391647,48.46371487638536,47.13306929063997,46.04056299123234,43.93568256933657,41.95720783497551,40.08482358836688,37.54542361557034,35.76558639,34.30176338365157,32.49709646965084,31.047945551841597,29.88772191982612,28.61125020016706,27.443126212680657,26.48266871,25.457879745058847,24.418418689527474,23.532450254573984,22.63293835309895,21.964794004700913,21.38806805532357,20.722180951345806,20.29669037812614,19.423136787484133,19.16016781252342,18.41414853,17.910783025907524,17.05867325725799,16.505648374293433,15.80364535959144,15.366868564270435,14.97072216851421,14.606177194641631,14.428983507650926,14.045251956206114,13.97866324580834,13.48319809556049,13.331962719402846,12.945973923537757,12.55998513,12.203340509271051,12.00357438,11.462964339424587,11.262069586021099,11.040859632835302,10.093945598534695,10.262110307844365,10.189878486395907,10.058958310020634,10.016070666035613,9.712471291510187,9.461917160860919,9.535277604519484,9.353569429,9.172989875067179,9.363727028579433,8.989024454815684,8.825374234346562,8.82311699,8.467600993734775,8.572562859,8.419070238699101,7.5387449147962995,8.027438332
ALE1,-0.533342128,-0.62434596,-0.258838767,0.069371773,0.045501916,-0.172310534,0.179769864,0.035058853,0.7153497916912712,0.5437851909728104,0.7869593641650605,0.6720856749883214,0.6765612732679545,0.7720407032329928,0.5422933248795995,0.7929268285378621,1.004771813772808,1.5821239918427137,2.514540300095144,3.585700155015562,5.255098313310713,7.1079960010698855,9.882866934429181,11.828260319967011,14.756793460926279,17.491384009769003,20.534790839904925,23.52747422287188,26.18001213658847,27.542085879683594,22.53090767261172,26.03977672382727,28.902667756685506,30.859996070969025,32.39661814696903,33.35141244661954,33.55878183,33.0366287,31.568632465240906,30.736171185233104,29.833592198844766,28.383498356250573,27.204924142619515,26.711116465769003,25.3326322,21.101699955322395,21.270280823854435,20.948037747722424,20.506445384134043,20.164808048790373,19.22045681,18.63713716934959,17.97624049006025,17.04084045,16.529130379652482,15.856298771617537,15.46841358738454,14.776187720137937,14.462895840565066,14.012352280417545,13.916872850452465,13.60656470306606,13.206744590087416,12.883009647862195,12.518994321120447,11.962528268355367,11.30461532125249,10.898827743901004,10.54973107809128,10.415463129702925,10.220028671493216,9.762025781,9.869440139590324,9.389059257578667,9.145885084386418,8.675947265027238,8.931056366965091,8.495431467749512,7.895701298281568,7.776352011,7.615230472759254,7.560031427310702,7.546604632471888,7.673413250394187,7.357137638634979,7.166178779,6.869297426157268,7.152751983866046,6.97074432,6.720110817,6.833492639920416,6.702208423718483,6.5425787517456255,6.227795006079628,6.447099321780587,6.375489749,6.177071558910709,6.048771074895155,5.856320348871868,5.959259109302918
ALE1,-0.750990942,-0.456007661,-0.363255185,-0.115408408,-0.338926667,0.21606765113022733,0.24799883110023915,0.273847882,0.6783094945053525,0.6083650050472499,0.7011174801982243,0.8729376390843548,0.6494193792944019,0.43806537854064986,0.47455815564925335,1.0341140713137718,1.175523582609464,1.315412561525583,2.344812982462879,3.628142311,5.194290661689466,6.720905170730875,9.410726950107533,12.009316786712876,15.339282697868867,18.371224262638258,22.525318723495914,26.153308981038464,29.439179453188288,32.51521645696389,36.675393047339625,39.85178518816377,42.72559138546276,44.414902859113155,44.94404812718724,45.80010785685883,45.71343751122602,44.787433292096324,43.567966323718665,42.34089669344339,41.367755970548465,40.70176278831728,38.67337259403321,37.94655811662107,36.35760178001926,35.20351770396106,33.39712523708737,33.22530507820128,32.065138872625006,31.639389806358444,30.77572741478924,30.22985629054041,29.279523553338358,28.887226199421335,28.140644801075382,27.65407443962794,26.72502915573923,26.034707455435644,25.01595076115506,24.25416403901389,23.246051071389935,22.44777157,21.85476394412614,21.07168976867163,19.856784397432556,19.17710642378564,18.60842731384394,18.263266463692105,17.652012447123766,17.75844971369043,16.864376674530703,16.43862760826418,15.88211275735868,15.530869777688766,15.32407737407365,14.878561386873274,14.215609269401153,13.69862826036323,14.046830175274083,13.406686043494792,13.29264611503052,13.218140028433869,12.61905027090173,12.547585249064095,12.147685233249463,12.012357851471936,11.527308022403982,11.845099289724354,11.331159345445494,11.463445662464002,11.024011804781793,10.90997187631752,10.96471104198036,10.76400076788328,10.526797716677681,10.500948666225748,10.590660076617619,10.326087442580599,10.110171844688299,9.997652448603557
ALE2,-0.260242602,-0.274724906,-0.253659737,-0.263534035,-0.202313389,-0.12661044,-0.173348782,-0.033792041,-0.288548922,-0.018651451,0.14328703141724433,0.31509981181495766,0.33945641286751144,0.4533399799510563,0.6442430692818655,0.7245540241037771,1.1629728430496713,1.521080707173654,2.1319705930321984,2.570389411978074,3.0463305622752235,3.6052158134539756,4.194382244319714,4.570922130861837,5.060687297972587,5.574150779620934,6.152126339732782,6.685996703344081,7.338358639643446,8.090780126212755,8.701011726,9.243439813861803,10.03140877223752,10.722609612918014,11.043195145690742,11.688974216840775,12.426913400081565,13.010155252312872,13.775742469180862,14.35635117535246,14.837558617769048,15.445157071052925,16.013258333440778,16.193628838532632,16.427320551334134,15.933605665133783,16.096202434322436,16.397697658162105,16.494465775857364,17.08494877975296,17.45029779554123,17.43844864,17.922289226748738,18.295537680716194,18.988713380941462,19.28560059917659,19.626593013912288,20.258548068248704,20.764112111717864,21.349987110008932,21.50534273,21.80420480531324,22.355190618312804,22.422335842836052,22.911442723431847,23.321555222235602,23.587502974268826,24.204317438761787,24.683550021633582,24.708564909201055,25.10814482376586,25.30497249173106,25.50048358666639,25.79802909141646,26.362180634714704,26.59850549357594,26.99216082950633,27.26798287926357,27.58725183900646,27.905862512234435,27.97629916933233,28.476596920681995,24.827714768404057,24.871819964904645,25.831601703678093,26.25487993278051,26.756494257160032,27.298264058950537,28.00131405689982,28.95780436309858,29.377791159626355,29.98407303988038,30.799690031883298,30.995859413333584,31.610040731766773,32.18274999975918,32.661982582630976,33.02864817144906,33.58621684959797,33.861380612840286
ALE2,-0.497302249,-0.533110676,-0.447614587,-0.415969931,-0.342409985,-0.319648039,-0.252194956,-0.188072889,-0.054554647,0.033162119,0.23801963043207866,0.4098445619016678,0.5958263132500081,0.790690775,0.9833345593429792,1.0779909432381833,1.4291355931719927,1.6464844160164047,1.9865256778100167,2.309634272689822,2.707968322219484,3.082985256654734,3.4957537107666456,3.8893688203367245,4.304080367373181,4.6985282310537775,5.175418751675348,5.574307970612024,6.088672426206766,6.515597700197437,6.933640263675961,7.302272749930581,7.687837903099023,8.018996454380472,8.396234066443757,8.743492530528494,9.1323887,9.326697993,9.819133256610334,10.219965568471546,10.61552377096616,10.90643254023939,11.222601517531562,11.463267455470394,11.778048509245057,11.932108019690329,12.036479868208207,12.292968134246813,12.473953360932063,12.60580609509693,12.716562391795431,12.901988973736767,12.924473334720668,12.974716166055066,12.95750591443776,12.883113213898424,12.803723988695996,13.017186625691336,13.243973328454906,13.486027189911255,13.732799991327202,13.92905237670522,14.17221657697561,14.07922570130142,14.242445506962369,14.337379475561063,14.461182253324289,14.68325002,14.747927252044947,14.840918127719123,14.971660523069982,15.034949835469106,15.02689987906747,15.129328634660812,15.26034861471517,15.297267380281335,15.447718289581033,15.503790399689032,15.515726541939758,15.602610554136824,15.660903341872858,15.939875968895388,16.107259545108885,16.129743906092795,16.262706979071687,16.345427220716168,16.526134862697926,16.627175694773744,16.740985423210784,16.85201930461277,17.04383033473473,17.048271689990816,17.12460748345468,17.15541938554374,17.327799486420325,17.55625169740495,17.74639721930587,17.936265156503275,18.103648732716778,18.29712527105976
ALE2,-0.816120062,-0.646172634,-0.565173671,-0.472143031,-0.42315692,-0.32217678,-0.190258043,-0.069726429,0.045433901,0.15973482628497912,0.2922981169294791,0.5116613580121937,0.6906325429504008,0.8158908872708943,0.9892759367848577,1.234206490001601,1.4810707054805847,1.6342597269222852,1.9283912421448512,2.1709584303744163,2.548237423,2.769534326218155,3.081283653163328,3.327503314554896,3.599719990805443,3.8697881534312715,4.105050395,4.386935382898561,4.615752083929995,4.861112339871681,5.056412228357664,5.211749763424077,5.485040696486971,5.523713941731722,5.734053425590662,5.897340461068496,5.967167153871514,6.087054214130242,6.257431344569605,6.396655027450702,6.610646984471651,6.724303355218718,6.880500295735013,7.042498223038017,7.154006080160379,7.283991154455235,7.363915861,7.495404895126527,7.456731649881776,7.6367770916323305,7.670508756,7.801138383922519,7.882352198936496,8.137165914826895,8.383600427580935,8.605112182288362,8.768828920491135,8.993133742910684,9.100129721421162,9.129779209,8.923092198745188,8.942213970005099,8.969070390313947,9.116243573606464,8.994422851085515,8.953601092216058,8.865512033603006,8.936412983218382,8.892798156636804,9.050713908052867,9.122044560393181,9.176616806,9.261697945999222,9.310254353917635,9.355587991398977,9.535848284512003,9.595576963278885,9.670345237418736,9.862207504,10.024420282770665,10.03215493181962,10.141943978042214,10.246146888840563,10.31532902755617,10.437794304164543,10.532973457739123,10.606237772341672,10.759211942420906,10.906170274350954,11.009513779699422,11.173230517902194,11.294836389060684,11.468865992662057,11.554161983562974,11.784482644131705,11.887396446755242,12.031561710973167,12.072598321205083,11.990954803466169,11.978923127167807
ALE2,-0.868240513,-0.778761041,-0.702543432,-0.551327696,-0.463372575,-0.302400985,-0.198897472,-0.030761427,0.058870481103776774,0.23691481546216014,0.3834050597416224,0.5280660814078135,0.7387315523695313,0.9146417936791011,1.0356753565905403,1.2295729535972755,1.4423725176078108,1.6502941546496306,1.9315371314400571,2.0947952496745024,2.363081232954266,2.5508814212500983,2.7488947691366956,2.972517233609085,3.139281361852303,3.2869910878739437,3.3909519063948492,3.5523808020160272,3.6769203749362314,3.8249349713934135,3.980114023085916,4.101604891650671,4.221418972819924,4.293978136479682,4.349769426184448,4.510131275281217,4.613177482495491,4.737564620197922,4.833141501741338,4.967741799034534,5.051276298373915,5.156304163419233,5.286941145050339,5.318952540782585,5.386176471820303,5.454924755,5.599128471048607,5.6303776906919945,5.765130423202959,5.882048235234536,5.968783874147139,6.074878786,6.197894006459355,6.309933891522202,6.455052218841713,6.635687951902234,6.742392604343042,6.881261087733869,6.955039733135809,6.966472374468756,6.880956217298331,6.835225651966552,6.906412898666354,7.131559715316468,6.964643151855481,6.901077666044314,6.842085236766321,6.843914459379592,6.837054874579823,6.882937875129375,6.947265537029408,7.012050504582757,7.0413180663951005,7.1303402335742945,7.187503440239016,7.215551520309168,7.266922189,7.2951227039864595,7.304421252270589,7.424235333439846,7.488410560122105,7.483075328,7.514172111925675,7.571792624243712,7.635967850925972,7.690996965,7.732764214211575,7.796329700022738,7.873919225868993,7.868279122811406,7.960959735217138,8.066749776351315,8.144644172633116,8.207295047137643,8.299061048236748,8.435643003360989,8.542804961455126,8.605303400741887,8.605150965524109,8.487470977403675
ALE2,-0.780501279,-0.668632056,-0.604487864,-0.548224869,-0.400671334,-0.288802111,-0.19838726,-0.085861271,0.025570108112693134,0.18976172698700877,0.3486992140573461,0.48355526369278706,0.7145181409093196,0.8176304775623907,0.9958331145806464,1.1760060510253971,1.4286422219333432,1.7031706086912033,1.916400791069312,2.2314297771494975,2.477936127619471,2.703207028715031,3.002473619383288,3.2308094306978314,3.4580506312198867,3.715065245297817,4.011266925747078,4.238289204110633,4.361542379345617,4.531863818657912,4.789535199211335,4.992038195822994,5.2444554445724405,5.370554607867913,5.505191735344854,5.701345989360034,5.861159165064372,6.001707190820785,6.18012875,6.259378571374209,6.398175219862634,6.579661689258379,6.665698097548514,6.800335225025455,6.938037262721379,6.931469597966406,7.114707444630146,7.216725170490717,7.331440381544245,7.4069685262264295,7.535913677582386,7.660480385768371,7.767971165591419,7.782857872,7.910927335091334,8.077964942026133,8.181077278679197,8.289881591453241,8.387739796302347,8.509898360744822,8.460859797241035,8.600532134,8.632932614,8.694887584676557,8.7958107,8.856014293,8.973356570287402,9.058955134260543,9.108869386,9.127039925553754,9.159659327170125,9.168854057827087,9.263647352457197,9.252920166690727,9.267806873468674,9.210668190100414,9.310496694375994,9.328886155689911,9.373984120340728,9.450606875815408,9.486072265492261,9.528105319924082,9.470747714397332,9.573203284574904,9.639755620758626,9.713532388172816,9.860648078684202,9.898302689946044,9.974706523262219,10.108467962105165,10.080445925817285,10.17720951987389,10.189031316432828,10.223839939634187,10.306811437705338,10.375771917632557,10.442762098133274,10.496179104807046,10.59338054318065,10.661027490156862
ALE2,-0.886654867,-0.80213577,-0.689843968,-0.602322417,-0.481023251,-0.339007149,-0.197291292,-0.045066843,0.060019067,0.23536241583981174,0.4459846058023406,0.5846980081725325,0.7507337473732147,0.9443920688640687,1.0221556429200807,1.2233201009028256,1.446252354712063,1.624448035029615,1.8763539756975547,2.1079933478373873,2.3253710606426226,2.5034166182303363,2.7814439138900657,2.9633926624535656,3.11231441,3.310626536568559,3.5235005674786537,3.6132739599217016,3.7793096991223796,3.922376660657873,4.098320500027855,4.268709798393839,4.438948974029977,4.5072548161062125,4.609938763,4.759010634044314,4.917239991293428,4.977138960498742,5.066612107482104,5.203524037094241,5.242255701392413,5.340886334895899,5.4657884461210005,5.555411715834214,5.592341907374327,5.651190017470775,5.760779610252418,5.827133856840753,5.874422516739681,5.903996694517746,5.990917755093869,6.009382850863929,6.119422811835084,6.118972443645572,6.210547309,6.242223204842462,6.370428016,6.390544461922272,6.440385208228449,6.475513927010511,6.551626151038307,6.566488301292258,6.647404452674868,6.674726789505359,6.727419867678455,6.765400918327433,6.819595223798903,6.855924924,6.929034693850715,6.965064149011797,7.004546426959162,6.992386485842296,7.052435578,7.082910491934523,7.098072887648157,7.123443628990754,7.201657571236281,7.232132485393369,7.271014272421375,7.307944463961492,7.352530914723339,7.349378337396746,7.401320801920649,7.458667684718711,7.510610149242619,7.533278681,7.576213782181765,7.607589433,7.611042255504155,7.6873046022617855,7.717629393689038,7.7356441212695835,7.762666212640393,7.8237661636844065,7.825717759,7.884415746538905,7.878260714615558,7.903631455958155,7.927801215462052,7.974939752631146
ALE3,-0.257746132,-0.417545554,0.036809519,0.00938126,0.048734848533296814,-0.106294441,-0.212429878,-0.1337227,0.079740706,0.2800862502166672,0.055890047,0.22165213329660396,0.085703371,0.041579651,0.2681609202329663,0.4005320830517785,0.5961074947841141,0.6497714797106494,1.2090694559451676,2.4099501853014993,3.906579098253064,5.171856609521293,7.324378671575154,10.29378583751095,13.239342343479377,17.109111923182844,21.039700685803055,26.011370755998364,31.462439091537508,37.09477244282854,40.94903909355325,45.38406931448304,53.920220516799596,60.66399462256946,69.99437280179899,80.67946846717436,91.87258318985435,100.60430980390335,111.20712069239131,119.5715471429429,124.44900710626722,131.14627242510065,135.3272931173781,132.21597452463658,132.76453970388573,129.89292024381612,125.8967421662857,122.10687229747289,120.48860501868778,117.6074452946312,114.78114208849952,111.08190472756272,107.65575742325208,102.5779519,98.8548639,95.08645962045557,88.92941174988268,84.81040277352037,81.50350877,79.28539739208244,78.60446105001444,72.80517308,71.95608958411401,71.47192118677665,71.28946363802642,70.81245043867933,69.38618097,65.18130962038661,63.854020393203264,61.354471228624384,60.70096314551887,57.45965845595524,55.829465847186455,54.33760706622835,53.36569267255861,52.37827534991011,49.188249579276274,48.18771439364567,46.49312500296506,45.672662300088035,44.86770252618977,43.66682179683343,42.666286611202864,42.15588248790142,41.22212915017946,40.73438315384701,39.667066120307865,39.150699332014625,38.51865684287969,37.94862606965989,37.414371286391145,36.69885148737044,36.15267137,35.957095962385665,35.174794315456424,34.65962006016152,34.49028037,33.90474667219473,33.74017711841997,33.38957241689987
ALE3,0.1791118727283251,-0.207916139,-0.145991657,-0.050290185,0.017263794961785532,-0.019327944,-0.113622042,0.059485033,0.13548326046084747,-0.026364817,-0.005254198,0.003190049,-0.102363045,0.1889634948532536,0.087632524,0.038374414,0.41695817831573023,0.3451820742627083,0.9602047697756787,1.8172958946438178,4.2689424291600115,6.872585419317817,8.970980931926066,12.92992565155524,18.341280947315667,25.25711967901055,33.21441560676853,43.42491825195498,55.39463913373454,69.76111894104854,88.20476293349084,111.87680352508781,137.99204640366528,162.63939758562952,197.6633216143145,235.3007402552823,274.37649572648866,313.4649175689984,349.74984922967343,381.9998379428985,403.25963848847897,418.3326203396088,418.57187401978547,403.2511942409434,410.7074648149196,402.3983252398429,390.3849757457959,378.4560687271053,376.5138917939065,363.71804202822284,350.54220112343495,343.58977065241896,339.79971088350277,326.8814195285522,314.94688301150444,308.0971908855055,301.1475751636681,291.1636598273548,281.5977347440561,271.40693534311947,258.49990298488314,242.99063501107815,239.86344867371022,234.26913468134418,229.55020768350676,225.5223016090032,218.64305461662943,212.7334887162658,206.82814493967004,201.99944272386927,198.7695180414843,192.34344566685692,188.08050803594446,183.28417543569702,177.58712309831387,170.96683303036664,161.81045395254682,156.12747536105644,150.3699059163345,145.1809158056794,140.7659817191253,136.34260338503563,131.0677634244348,126.25172757993752,122.12671265877393,118.01999360727098,114.74925506179704,110.72416373647201,108.07407738486812,105.38739929394309,102.64864834321493,99.01480715370819,96.26338983167658,93.41204891380647,91.61201681,91.07862184478935,90.34537968377735,89.24481275496466,88.67201129712996,87.57144436831726
ALE3,-0.592658592,-0.325404569,-0.479023023,-0.554780069,-0.298047858,-0.054994004,0.082841732,0.11651153046505527,0.17122495235712246,0.1259811611771306,0.30906068827754263,0.4153309884909952,0.20594693163480177,0.4511051489588818,0.426904982,0.6457586691518736,0.4605747796709871,0.7404549762727763,1.378076777553492,2.363970552801058,3.685510127732718,6.148666294066308,8.608665916829246,11.624217208034754,15.35630388978841,19.04209459917184,22.85835577614412,27.17440301847666,31.650381801724457,36.68612097817586,41.774469214138826,46.77338204893208,53.62729032210472,57.940181020866554,63.79451716331861,69.95398585093797,76.17342886640061,82.63276919323616,88.25036456788591,90.18637795791318,94.30145859291137,96.32901174648883,96.74146677305993,97.73683017901956,97.61267279857213,96.78144966,84.11213594670262,82.77691801629797,81.20706368047148,80.36742309066621,79.03957042859312,78.39353117779054,77.09303523,75.73993021602487,74.94027251144847,74.05644031165338,72.89693664001747,71.58802324,70.52742459961452,69.65832293648268,69.10277126804012,67.92853705974098,67.42875099438062,66.37025671700705,64.32692084557611,63.847126222830234,63.00012036469327,61.81115561973087,61.47340546,60.67900865904098,60.119248265837435,59.37114743958235,58.42839309313433,58.32001843,57.456177673359726,56.39768339598615,55.95787165846908,55.56751243689292,55.04457838534752,54.232294506488266,53.91453578703808,52.77923228277755,51.46400579498728,51.01893315151905,50.41077242356486,49.92045598891664,49.16288553194945,48.65047329230634,47.956033706753075,47.454143279012335,47.248967946917034,46.40301427,46.03895957815001,45.84535823914726,45.05306580290242,44.81211631033923,44.12925071787852,43.68943898036148,43.09600878907049,42.88346818864361
ALE3,-0.368383058,-0.539891113,-0.389001512,-0.195000598,-0.304653289,-0.093782729,-0.18469137,0.079599731,0.029927999430777782,0.18644081482554284,0.32608398544721895,0.32420958047242243,0.29984231580017395,0.24454736904396912,0.5847518719678892,0.519147698,0.5631962147578355,0.7122114102534411,1.0317974584547323,2.3813690403017933,3.8143516435269276,5.901501582952883,8.747785537167841,11.800254038609431,15.568745240419862,19.711180234700446,23.54152680067887,28.408419317714852,34.01945060974149,40.018483731549175,45.62201740367665,51.59855766578691,58.84969331075266,61.700663277404594,65.99398787215556,70.72967204095642,75.80087470024424,81.32662056591803,85.28067786023247,85.47561597761035,87.669607,88.27129099750607,88.12696181444737,88.53464489646367,87.95264215179215,86.54027800328971,76.95363375973857,74.86648382031264,72.62375826797926,70.75122769816647,69.04645637359717,67.72406366,66.07739889,64.57131449629178,63.08772295874742,61.14021618994309,59.753156508600306,58.200211986988755,56.75410854894015,55.59104026208446,54.379237445884286,53.35206351970066,52.605113137247805,51.362382638963616,50.23399084414153,48.60513292105112,47.83568967890081,47.09248810639753,46.49923893187722,45.805709091205834,45.23214116892084,44.55266936556032,44.040019604955916,43.276199577729976,42.61359741914259,42.15343099783225,41.679206539210966,41.146875526371254,40.348379007111795,39.562066120188405,39.02598629739912,38.774816030777615,38.202185310979985,37.60706173148491,37.12252804550235,36.77013991024228,36.371828853099906,35.99507345316761,35.63893650795795,35.144093594614034,34.707357235488516,34.72141527279944,34.54615840765681,33.93041637343908,33.771091950582125,33.487119596901806,32.99977430345705,32.67081623038183,32.47306650554172,31.988532819559165
ALE3,-0.656716569,-0.671491823,-0.398584196,-0.336875784,-0.245616864,-0.226495948,-0.063099025,0.08726091,0.21067773477186094,0.1376705989598047,0.2810774728763076,0.4062325628397902,0.46967924039072645,0.5687603532784589,0.43752133533063614,0.6382909588137352,0.4766323009442615,0.5826664743855289,1.2275628407251078,2.1557964246209127,3.7802051964385517,5.622766243123091,8.038954785473567,10.853206044513438,14.055090429412411,16.992758513277373,20.382375533121547,24.198736644438448,27.856046495593414,31.32475457923396,35.25844858739159,39.14260203910538,44.09491941835469,47.51930174096649,51.74415515980305,55.806480788200915,60.34769846222296,64.586458,68.86085197744701,72.54858146852368,75.09340163111442,76.34060686790325,76.48922853723487,75.48277302211186,71.46303488960433,70.03852660870062,68.77480785309713,67.31466514,65.66505152053239,64.50997433607783,63.12544615335681,62.38059954156028,61.26724072042684,60.38246376499061,59.69063423991472,58.64159122890141,57.470869658201345,56.600867956441384,55.27630992099453,55.186789266367896,52.528112737213206,51.64072838406937,51.18008812239821,49.78773774655456,49.22627810685726,48.21547692888835,47.58014102080987,46.50850056299758,46.17301539128993,45.43946750289286,44.786748943430574,44.589455850224255,44.12620819084556,43.50390927130488,42.928543510500575,42.13241807712181,42.294076734991314,41.612676800745696,41.23721153085525,40.99820007432779,40.22727948545551,39.77011575406115,39.19214259554929,39.09827627807668,38.98528904408185,38.262170746515075,38.01099143401896,37.748513398123315,37.085365247830694,36.89589435,36.43873061635277,36.32748164749631,36.05370489,35.44444295719845,35.44618122233684,35.34362358,34.924701680822324,34.662223644926705,34.02514947170986,34.078166558430475
ALE3,-0.445680319,-0.572890024,-0.139372739,-0.07911551,0.2790802397266278,-0.012163033,0.2506254371954881,0.1334586032439153,0.20543251552842295,0.041398948,0.5150877195433754,-0.025553529,0.009596522,-0.082463134,-0.077441698,-0.117613184,-0.131003679,0.31757791373923716,1.1846124849809614,1.6415631373921808,4.133869076733696,6.5123558059508895,10.189720580116996,15.617892615902571,20.091991860939498,27.103589966985005,34.531967239515424,42.58132873198925,52.20239961132794,62.23020678566993,72.57269059976758,83.49933477170964,96.57682725,104.04537601107678,113.5258466896735,123.8315066416721,133.65176113872843,141.76137986009167,146.2421744,147.90426958298184,145.97269063469437,144.29553109727303,137.47307373746364,128.43616321596932,116.6910250182798,112.39434983608389,108.35042025284065,105.1785466765799,101.6384344793285,97.44720944768893,95.41185416,91.82989666566728,89.13003804904001,85.69704981425866,84.55216246536028,82.15526380509365,76.08769561831515,73.88998057576612,72.45719757772966,70.29965402110689,68.33794645837466,66.57877013718732,64.87985104488932,61.82849192640739,59.808200946699365,58.37374413674921,55.69564507499872,54.50891242826053,53.777456622019955,52.27604733552605,51.66175836323705,49.98962026155654,49.510910054268685,48.32082978370329,47.90907205295913,47.047058917458216,46.292169744427305,45.81848097288016,44.379002727189295,43.77140900255465,43.195617704278305,42.63154308939708,41.62892975315425,41.161936229261514,40.59618780246669,40.48739002808308,40.047177494807826,39.69567699295306,38.99267598924363,38.59263494189464,38.008474584050326,37.46783333595943,37.091225655400734,36.808351442003364,35.74882850069831,36.090286131071466,35.33372315,34.59055065649121,33.710125589940766,33.33686553320926
ALE4,-0.296317861,-0.169448207,-0.234831544,-0.102765863,-0.115322928,-0.048640584,-0.033485506,0.040557876,0.007216704,0.09944618,0.17522157029945076,0.12542631350101338,0.16959254127007128,0.1626645055415834,0.22068680476760477,0.18431461719308648,0.27091506379907415,0.6125538256597217,1.1884467955895779,2.270952378164485,4.0068583303816006,6.2602019510695195,9.296413609,12.123052186295226,16.052547451042134,20.851944201946246,25.850088977811097,31.402043609721307,38.141723366832665,44.40033764304777,51.563060581829404,59.19385893451644,65.20436293120537,69.73140127753362,76.05193487307199,83.25492701952543,88.10022200713071,93.44130455155529,96.63729403354947,101.94243739263257,103.41334597823534,101.00715256928784,97.32620058630015,93.31486789951055,87.66202374730437,83.73815751158686,79.26307943322219,75.95017934830994,72.11854258822781,68.36094920999379,65.38665687131098,61.52211194151856,60.272034494761044,57.278690057824925,54.76381308838689,50.68839607110888,48.55629307566932,46.809129065393435,44.94332244326733,43.41828858,41.90278076293092,40.600310045976805,39.386171784560794,38.05901994032396,36.737497125116484,35.94943306100197,34.58201200909334,33.82469110352394,32.88983928241225,32.201365731894604,31.477819000501544,30.34292014773002,29.823317468094057,28.933497879217466,28.303479630158876,27.56564382507582,26.812219939603704,26.309937349288926,25.79293268305114,25.230029780112197,24.71995315,24.264434800455383,23.789431350821513,23.242549530504665,22.719482833004484,22.140558847443415,21.64563729509018,21.25030625633382,20.687403353394863,20.27778324094853,20.001527816275413,19.586278674799676,19.128162312253966,18.73066626233247,18.38642948707364,17.936540166955503,17.69319291199267,17.268417721390282,17.053648613807415,16.74968104622038
ALE4,-0.603386502,-0.467624539,-0.303396358,-0.248653631,-0.166174589,-0.126029923,0.05790564,0.084182149,0.061555155217527725,0.21775440284462158,0.15717245166215138,0.3330790809992169,0.4089889957338689,0.29804373573706344,0.29658392968446684,0.20169653626614148,0.33672859613068773,0.4673812378374649,1.1250238645290986,2.2979780277849198,3.878947982739532,6.129968915832786,9.223297941,12.029775077373943,15.679290208848121,19.566023823868136,25.22204237462681,27.61977381600532,32.488227001391905,37.72820082716254,42.81051559925347,47.43226156175235,50.33216628522177,53.17367876658756,55.80278946730154,60.974882311626736,65.42145155,70.64098808884928,75.08901713108996,78.59036194822633,80.93335066263276,80.66985567,79.88812952897854,79.95747031647653,71.94824440894331,69.61620423993133,67.63889694,65.93530327832643,64.36528186876626,62.02521276646504,61.34421324293194,57.35602310725694,56.13489534426568,54.32911525721229,52.94959853751504,51.23432642572217,50.33727560640579,49.32781972104004,48.19719993330936,47.27825202320415,46.516233263752355,45.79289936469416,44.89511864,44.02580413803437,43.14554108832278,42.193747542034316,41.63318201783988,41.12516951153868,40.71496401076097,40.12009304,39.471939156980866,38.78583031226374,38.23913294556891,37.65594042755936,36.9982978,36.418024894963295,35.99760075181747,35.477909797095535,34.826836297640526,34.52173683,34.23123542818398,33.62030659517521,33.14659953110984,32.32983804468592,31.617452691022162,31.167832426824553,30.518948636448414,30.006556711989465,29.540148678187077,29.144541237935254,28.79053827018225,28.37741315729939,27.978886104942415,27.521966810481825,27.187671224438812,26.798632911423674,26.538787434062716,26.197192817756697,25.971652782631597,25.671662638824397
ALE4,-0.156392605,-0.306317846,-0.315136978,1.748539872974637,0.505042283,-1.549815435,-0.447423955,-0.200488264,-1.417528458,0.5138614152588759,-0.174030868,-0.332775241,-0.553253537,0.9812754028227212,1.7044442137707891,0.3727553058054598,-2.599292125,-0.174030868,0.3639361739648406,0.5403188107814854,-0.041743891,-0.191669132,-0.51797701,1.2723067535701726,0.6285101291896824,-0.156392605,-1.038305789,-0.720817042,0.9900945346635911,0.081723955,-0.870742284,11.237925733705463,17.076191012333222,-1.638006754,-1.232326689,0.8489884252104256,5.840617047,8.548090522252947,11.379031843158629,21.406384746179754,72.10757369909857,130.50786474905962,179.43640820197186,256.18931261269535,317.7644911253547,365.51127091159594,418.1085732102927,480.8126005985775,521.1072139793195,562.0897196436462,606.5205058577363,604.0423298104635,597.1810452382996,586.7127357,589.4202092183715,589.2350074,592.7802984497266,604.8889665,611.0447204920805,596.5725251412825,600.6381449,595.8228989348121,588.4060090566757,564.2856834720121,557.8388980963672,561.0755194819511,565.3439792929116,559.3205122,546.4533988898584,532.1752244,507.02306042951756,479.26043339459187,471.37612952889185,461.36641488955246,443.5517685710804,432.7659703297482,414.2016978048057,391.3248698096986,372.4342894066459,355.8719598095713,349.80439710308167,344.49527973490336,334.3532781179517,327.3597066,320.6218898,310.69154738901074,302.6484991501758,293.7588142546216,282.92892035408505,272.50470651822684,265.5905072,255.88946213010726,248.08453045097482,241.91995729423638,239.08901597333045,232.7833367071386,226.65404007776337,224.0700344484008,220.14552077923278,216.37975148319916
ALE4,-1.240409949,0.12474107232716689,-0.820363481,0.8216363488503009,0.869368902,1.127124689243684,0.4493224339955093,-0.266665864,-0.820363481,-1.679549438,1.6426362636578227,0.7166247318397873,-1.020840204,0.3538573276226111,-0.257119353,-0.190293779,1.0507526041454738,-1.765468034,0.7261712424774026,1.3180549019897516,0.7070782212027145,0.9934735403216806,1.4994386040984753,1.5185316253728922,0.45886894463285344,-0.696258842,-0.734444885,0.7166247318400586,17.499390432210657,18.711797283147657,27.981459111964273,13.184367624151749,32.72607489870177,41.37521353609427,57.737932768423896,79.50397702146424,108.06713684826155,140.0670405044862,179.69460615991238,221.34603207044577,243.18844840858458,286.39595555299775,337.0592875051408,413.2690819226951,419.9993719219904,452.0947406845879,470.9681922145274,478.6435867669151,475.1400173630264,494.44306187164415,501.0969798,524.8773377833517,516.2568386778712,534.2901972717282,538.8725223776314,532.4190811868175,528.9918838680272,523.7985820813373,519.4644662520034,500.12323570083674,490.85357387201964,465.14482072577516,413.07815170994905,411.3597797952355,410.6628845187121,402.5197109450967,395.73214188197727,380.9445969048024,367.15943554454293,348.66784444009613,317.7753360177977,257.3459236836983,259.78983040684676,257.50821436453236,253.81371474789782,252.76359857779514,243.84715764255836,238.4151930899356,235.38894921791163,230.5202287928895,223.5512760276617,219.9045089642136,216.53459070924714,207.5513241995492,200.2482436,118.84514735777175,119.42748450664675,119.78070540022685,125.10765833583935,127.76158829300853,128.42984403761935,128.33437893124645,131.17923910116144,132.8116924201394,134.24366901573396,136.5348315686857,133.5849597817605,135.2746921645625,134.67326199441254,134.39641318593092
ALE4,-0.929649144,0.5080112072458869,-0.54324241,0.16706408828891106,1.2296826090380177,0.8660056821506307,-0.253437358,-0.179565483,-0.37276885,-0.134105867,0.3204902918194694,0.4398217834544917,-1.054663088,-0.242072454,0.17842899225419742,-1.446752275,-0.929649144,-1.378562851,0.275030676,1.587677083942923,2.6673429606399592,0.8887354900810419,0.33185519578475575,1.1899054451598383,6.088179054174842,7.804279552924846,13.083277444775165,18.72026981153039,24.743668913103253,36.199492110057314,49.66122085687473,64.57197485925921,95.17197878564657,113.47515662165289,139.50646915401694,93.38768886310517,116.07771962969103,142.42724947308164,175.61276905155938,16.69731690571911,21.158041712072688,37.290522890719636,44.71180518,55.80963390206525,66.99838185583621,78.89175385545171,121.34535261757605,141.02936628535804,160.41789245004404,183.5568369232566,206.98558644758253,225.77745515409387,245.04096737516238,254.4056482425136,242.34748513540225,4.440267979216071,4.224334803876761,5.821103810991905,5.730184579270098,5.2755884206607435,5.1619393810085255,5.968847562539981,7.446285078020102,6.843945167862832,-0.577337121,-1.361515495,0.559153275,2.974195367701399,3.4458388822583603,5.394919912295604,9.793137746840591,11.696759161016852,14.634586836029325,17.47581282733751,20.419322954332465,22.862777306857403,24.317485014407115,26.38589753607938,29.482833866605056,31.113697585616055,32.20472836627822,33.73330795,37.65419981760702,38.830467378008514,40.15447868995791,39.16004959300036,38.94411641766073,37.904227704842036,38.42133083526014,38.91002170576503,37.39848947838937,36.472249805222894,35.4664558,36.51770942108372,30.81252763053726,31.72171994775581,32.52294567730478,31.96038293102569,33.346901214784005,31.47169206
ALE4,0.21631066007008437,0.5075506764727079,0.10555741439573725,-0.919935601,0.23682052038011844,1.4510042507352072,0.3352678498682586,-0.550758116,-0.345659512,0.45012306760463583,0.10555741439573725,-0.554860088,-0.706633054,-0.887119825,0.5567743412169528,-0.005195831,-0.48102459,0.7987906928755646,0.003008113,1.0408070445341764,3.641457331848803,5.2330224919089146,13.457476476240032,7.632676148184998,13.15803251571335,24.327702440567993,32.146061190759994,41.40421213471781,10.298957988491873,17.98605363269961,19.30278666,40.39102503540126,57.09425527190808,69.01868805617289,74.83938641216578,40.60432758262578,25.07015938379195,58.48892577,73.21500547560954,43.01218518302592,60.519401943687036,68.42390210718132,87.78931221,107.34751500359926,127.69329643117159,179.62016076416313,216.30819888678548,251.86819469235468,277.22248400764187,297.19908794963334,312.57738121011073,322.9594724990595,335.4745892602537,343.1903987088954,350.06940585688716,349.9586526112129,251.39646790522355,125.71204392522058,127.82045756509405,130.94616027634598,131.22099240450058,131.8526961020502,132.46388993928988,130.3759861597267,136.6232896101685,135.68803998003017,134.96199092505435,133.10789955302548,132.39825838629764,133.56732042397064,130.37188418766468,128.6244440892481,126.36425748308024,125.54796504274009,125.41670193675581,123.08267983347176,117.5245076894475,110.60037884877364,105.84619322890346,102.91328320456591,99.19279454432242,96.48139101133333,91.76002116795927,87.10838484963938,84.14265905,82.55519586080761,80.93081492,77.73127671588327,75.91000112035051,73.45702182726828,69.53143456392422,69.06380975,67.91525757149203,66.6477482,64.11683144207021,62.976483208831304,61.774605394662196,60.04357318449376,58.90322495125486,58.04181081823261
ALE5,-0.202525118,-0.302759631,-0.251752719,-0.163973383,-0.060773352,-0.13075958,-0.012138854,0.086909451,0.074454275,0.1450336068598391,0.10173704210751053,0.21976466382960683,0.16341981928891175,0.1592680939016996,0.17409568457030714,0.068523239,0.25060605242029904,0.4095578243877359,1.0435856013772593,2.217930782330702,4.0518071962236535,6.8115183714642695,10.435974634497864,13.491644519483799,18.010501051647616,23.262433666467196,29.542807970061155,36.263858268326054,43.90777780980488,52.259269977989455,61.58048657590077,71.36491711,79.20634016,86.22453537,96.94547652777516,107.8330798039178,119.82919375844533,130.3959279725194,140.9312277,149.1688439662257,153.51036251399302,154.76477668455695,154.49788005252208,152.71738296503608,149.5875751267071,145.3035876,140.38142063238416,135.9117917012401,128.93333442896827,125.40792647160094,120.78409059750342,118.32686227190236,115.68280630387686,112.07436383876534,109.93622526435263,107.97245915620269,106.84081743637483,104.6285409086191,102.36466436533662,100.04444297751343,97.20406971,95.79841411365196,94.72371034,93.47759962,92.42602689,88.39826016276498,86.89533557259526,85.64151450565811,84.36990032991861,83.29697586913841,81.46903049151291,80.08354041943852,79.03849182911529,77.52904309905139,76.34224274193632,75.21890447,74.15428346,73.11220039068759,71.61995166579928,71.18520671,70.28724781650516,69.72202006021797,68.32407481198196,67.56608837700291,66.56255704055178,64.80459789088208,64.07330112,63.50866646644605,62.486155813939135,62.07928672599263,61.30528649309151,60.67718975236942,59.79939638478806,59.10427893424389,58.289354551097404,57.55153363942768,56.730085116387016,56.03140904408237,55.14768464023356,54.35707751
ALE5,-0.309683846,-0.346663475,-0.284414433,-0.151904097,-0.17285922,-0.123553048,0.1513288582873495,0.033610373629923335,0.11126759387512677,-0.002136601,0.11619821103355822,0.3189698416738087,0.1784472526586787,0.22960240567734153,0.2517901828902568,0.198169721,0.19940237558199922,0.43668832633121735,0.9272847335945427,2.257318712079794,4.023712309085712,6.504429066918509,9.926893702010558,13.177403063702522,17.59708501908611,22.785943251184076,28.885733003301144,36.02773195728037,43.74661311879538,53.14621840418864,63.02286089965958,73.83693698237614,87.86639178,96.74766594,108.38946937433195,120.89351448809884,134.93591215529446,147.19157742970563,160.56587647193462,170.65638448665226,175.58515266364327,178.79190279805422,178.5416739772641,176.87697435915072,173.76945289505312,171.79412439595893,170.2428289724893,158.84570741078892,153.88365756797856,149.32160404214545,145.8461352726003,141.6736005022828,138.03049074935123,134.81079774489942,132.1550440779425,129.62810278424948,126.75170399945303,123.70273361411171,121.48765385568909,119.19183524129727,116.91820440411834,114.85659010475172,112.84489830411414,110.91456168659056,109.42428265045648,104.82401684164554,102.74144741935561,100.54547380242188,98.62068412920158,96.64227399438339,94.68666796,92.85494368956785,91.19763999719208,89.64819355515691,87.47194240685687,85.85100201602452,84.23252693377137,82.61590083295262,80.95305019627365,79.87817566,78.60176213884951,77.04676875251111,75.98237177343601,74.93338297,73.88809214,72.69241747447664,71.23973439417557,70.13527615068827,69.40924277,68.19199666312383,67.0234404,66.05334147065682,65.01729554024266,64.12731914314688,63.01053435676352,62.25245196865562,61.367406188718235,60.24938874804529,59.51349413715027,58.606260580000004
ALE5,-0.202560354,-0.169742295,-0.290075179,-0.255616217,-0.183416487,-0.113951595,-0.024248899,-0.124890948,-0.018779223,0.18469274436888367,0.03427664,0.20985325643492678,0.22790318900405615,0.3750374878250596,0.3515178787198535,0.39089954977975516,0.4111373529633184,0.8208161255169841,1.2392463805284315,2.1986276449598994,3.981195228073985,5.9054274334729975,8.328494138964082,11.506923174090183,14.74825348938142,18.403638318455204,22.125753201269386,25.565085807167343,29.70016126845685,33.403132283394676,37.47804130278713,40.713354973888656,44.589714735020785,46.54238925840751,48.99882099076876,53.15960393177794,56.552444287119066,60.100623456085344,60.51686584048236,62.089944812263944,63.555818123937996,61.779814152667214,60.251039560828026,58.08723552314796,54.990851636063304,53.20445527937397,51.389069637043264,49.66448063,47.696491007524024,45.94783541893373,44.23910846905695,43.12329445569312,41.544745807375456,40.75984722,39.82562647208009,38.710359426369834,37.85982472500674,37.17556819034096,36.454664822883366,35.592096833140815,34.884867657023435,33.94791206638997,33.35226429160899,32.78068309358682,32.123774941601546,31.493668204643132,31.198305671693888,30.62781840897894,30.071552305257853,29.400422994278717,28.95190951831876,28.580518481517743,28.199828994605376,27.851957566909594,27.327415587097864,26.83787953711717,26.824752313430537,26.346702584175624,25.859354404809366,25.644943084594356,25.33535939265125,24.899973140377895,24.457476308607646,24.295573883139156,24.148986551971767,23.81150750969454,23.44722705239048,23.19124619050112,22.96534854956031,22.725229749625647,22.411270316453674,22.015265735240224,21.833125506588186,21.46939201693772,21.256621599683534,20.846395859476225,20.69379188411913,20.347561359384184,20.292317626369588,19.960308260628484
ALE5,-0.092975823,-0.131487531,-0.169485751,-0.140730341,-0.096056759,-0.068328329,-0.062679945,-0.084759992,0.021018835,0.002533215,0.12320323491588467,0.12320323491588467,0.1873894159292967,0.15863400683528214,0.23052252957029662,0.300870584,0.36967817000738157,0.6120451895140151,1.0500516887495432,2.1653507700385886,4.109935310020923,6.927965401233778,10.649223431667332,15.410297594518193,21.173189670626368,28.165375485503418,36.06130272904933,44.74646325433615,53.447541952514264,63.366617621602906,74.55555269586088,81.3972861,97.51417941018619,107.37163634550197,117.17466339931835,125.8978221437651,129.55232654594474,132.7143945673895,129.1482103502843,121.82431035192991,119.8016754158353,115.10324696565354,105.57647723491887,94.96367732143726,84.92803954762826,78.46063994871686,73.60611070631049,67.51612585175795,63.907835499907996,60.48696879661719,57.49024438,54.66810637066531,52.44521054980882,51.030033630825116,49.13114965172433,46.96011626512668,44.82245969265601,42.96670882719626,41.59723246909408,40.04752131470627,37.90729729499505,37.11446958711739,36.18248623880263,34.95267901058568,34.01299332054933,33.21194978150194,32.25326498188562,31.317687207434112,30.294816226804382,28.963851577310294,28.25164171278546,27.539431848260627,26.846734582763887,26.524263209352497,25.986639757184175,25.60768454448098,25.040278704322418,24.709591499741332,24.409200172598574,24.005597466386224,23.59788684458904,23.06950620248662,22.84819225035237,22.38091685257473,21.998367213734795,21.612736638206226,21.45714933542972,21.17524362841881,20.790126542338335,20.68948261050929,20.424522055285948,20.12104979145453,19.942868952961295,19.72206849027517,19.472512618495013,19.190093422035993,18.867622048624618,18.384941967403762,18.293027356192557,17.98801462401681
ALE5,-0.386788655,-0.351416904,-0.309143348,-0.276359775,-0.128833693,-0.028757521,-0.079658333,0.007476955,-0.129696419,0.34480267416026544,0.13774852453943898,0.18606115945095453,0.41295799841044184,0.3379008691728956,0.26370646555877364,0.40778164466994504,0.42417343151490866,0.6847165697877965,1.320545354248489,2.3627179073400653,3.8388414490120035,6.331255775072887,8.909942663475809,12.429863207030152,15.633163446789277,19.196220271514616,23.568513731008075,27.98825709978967,32.20439722144409,34.90472842274925,39.585014929803734,43.39222311,48.691083885003714,51.66489910893308,56.495299874462674,58.24835834125249,63.39710486182413,68.00233423964103,72.30733510050773,75.55377162143782,75.73580672797952,76.84009552595737,75.30099301377572,73.94220015688896,70.92869955428225,68.69337746400058,67.62100951408932,65.89038191350845,63.76893960551822,60.769242612886224,59.58040670381323,57.894640835650165,56.81709653199837,55.51696902,54.64216523535614,53.70697065956863,52.45256760311571,50.87981879162069,49.621102107050696,48.56253776711411,47.81282920036197,47.25637117325599,46.70163859739677,45.97349817123017,45.015872729233735,44.03409096978159,43.084230058395995,38.86377630862445,38.35994454454706,37.95187532466933,37.39973092568038,36.61119970587437,36.81652840424837,36.58618066279519,36.07976072184753,35.462049175478676,34.99100098509124,34.77531957923622,34.69077246814103,34.41556299,33.674481683752084,33.19653169,33.00155569748432,32.714268064885424,32.45286220098909,31.86534605143996,31.377043348584134,31.169989198963282,30.382320704780675,30.36679164355911,30.01134868670999,29.581711326246726,28.798356460181214,28.616321353639545,28.44895258269604,28.261741122413873,27.767399340194103,27.283410265455377,27.362781022810044,26.963339059166508
ALE5,-0.684896219,-0.446925303,-0.485849914,-0.25230225,-0.10987356,-0.156760023,-0.00017693,0.048478833372025944,0.1307513060653809,0.085634144,0.25460234022742284,0.4253398373222399,0.3713761724373638,0.3722608226813576,0.44834074366663057,0.4465714431786179,0.4607258470828448,0.6907349105266513,1.2144478549833482,2.3644931722024056,3.7533940553054586,5.822590976055773,8.387192033454282,11.437466074816873,14.643438559126038,18.143114924448092,22.308048273269165,26.803840813351716,30.12216387865075,35.68395996277099,41.961438094299105,47.567466690620066,53.01248894253039,58.01607072267736,65.34539799433891,71.86084704150697,80.28448666501465,88.41619170799753,96.20465245630267,102.10084633266044,103.19162008353054,104.58140561687759,102.19727320925806,100.74998541005007,96.29665608,93.92490877747686,89.83074744817695,88.13398828015686,85.61804299,82.57926939798868,80.77369824995479,78.97697360436099,77.61284292809037,75.73207650931515,74.04416384373519,72.27663265619384,70.99831305359264,69.63506702756604,67.93123065759379,66.87053501502017,65.68864229,65.31531988604242,64.35812832201854,64.09892580052224,62.551672523740585,60.58597968153998,60.02157282585861,57.862141580218804,57.123458626466565,56.305157150752954,55.2161527,54.408467027585495,53.33007838013162,52.86829095275599,51.73859259114924,50.833595391522266,50.130298447530556,49.38011504060611,48.79359193,47.83109246333644,47.69397167551416,46.887170652972756,46.12017889141204,45.50357767133384,45.026751189809914,44.360609556066855,43.33618457349788,42.851396239777834,42.26575777824014,41.74381413427149,41.22098584005881,40.71761985121447,40.039977764299216,39.61357634668417,39.00405232855807,38.51484074361793,37.99112779916126,37.46210695324047,37.064014343433854,36.59691901459414