,ppm,hm,sensor,strain,max
0,0.01,Cu,cusC,ALE1,35.533131053083245
1,0.01,Cu,cusC,ALE1,38.78130024115757
2,0.01,Cu,cusC,ALE1,37.06221704824731
3,0.02,Cu,cusC,ALE1,45.716243148978585
4,0.02,Cu,cusC,ALE1,45.61626596543952
5,0.02,Cu,cusC,ALE1,46.72056733252839
6,0.03,Cu,cusC,ALE1,51.84854257953896
7,0.03,Cu,cusC,ALE1,43.48420135105689
8,0.03,Cu,cusC,ALE1,39.65098824118089
9,0.04,Cu,cusC,ALE1,49.042471042471036
10,0.04,Cu,cusC,ALE1,64.90613351406303
11,0.04,Cu,cusC,ALE1,45.88664973
12,0.06,Cu,cusC,ALE1,66.81325241
13,0.06,Cu,cusC,ALE1,59.87178139779296
14,0.06,Cu,cusC,ALE1,56.11747446508152
15,0.1,Cu,cusC,ALE1,59.020121189694244
16,0.1,Cu,cusC,ALE1,55.95287805447017
17,0.1,Cu,cusC,ALE1,37.96403557448595
18,0.2,Cu,cusC,ALE1,60.68926370418424
19,0.2,Cu,cusC,ALE1,63.552753461228036
20,0.2,Cu,cusC,ALE1,50.340397028376564
21,0.3,Cu,cusC,ALE1,57.641345766313705
22,0.3,Cu,cusC,ALE1,59.11990459246515
23,0.3,Cu,cusC,ALE1,51.521701868322324
24,0.4,Cu,cusC,ALE1,49.30033944192057
25,0.4,Cu,cusC,ALE1,49.63916083916084
26,0.4,Cu,cusC,ALE1,42.665571975916805
27,0.6,Cu,cusC,ALE1,24.70077474476866
28,0.6,Cu,cusC,ALE1,25.06300801195566
29,0.6,Cu,cusC,ALE1,24.753157474020778
30,1,Cu,cusC,ALE1,39.523439176602885
31,1,Cu,cusC,ALE1,35.65564114182147
32,1,Cu,cusC,ALE1,35.03123575622705
33,2,Cu,cusC,ALE1,23.71492280986852
34,2,Cu,cusC,ALE1,25.850206068418103
35,2,Cu,cusC,ALE1,28.400959554945718
36,0.01,Cu,cusC,ALE2,3.800131728639004
37,0.01,Cu,cusC,ALE2,4.6957552494919845
38,0.01,Cu,cusC,ALE2,3.333680978040442
39,0.02,Cu,cusC,ALE2,3.3740087559887657
40,0.02,Cu,cusC,ALE2,3.737878787878788
41,0.02,Cu,cusC,ALE2,3.223623556780975
42,0.03,Cu,cusC,ALE2,3.4405594405594404
43,0.03,Cu,cusC,ALE2,3.089019221
44,0.03,Cu,cusC,ALE2,6.807038825863941
45,0.04,Cu,cusC,ALE2,4.141199448529412
46,0.04,Cu,cusC,ALE2,3.802396043741729
47,0.04,Cu,cusC,ALE2,3.1555213598565137
48,0.06,Cu,cusC,ALE2,3.063483908847382
49,0.06,Cu,cusC,ALE2,3.006748996193604
50,0.06,Cu,cusC,ALE2,2.934651797175867
51,0.1,Cu,cusC,ALE2,3.1509678847392144
52,0.1,Cu,cusC,ALE2,3.1727680097216417
53,0.1,Cu,cusC,ALE2,3.4072151153455006
54,0.2,Cu,cusC,ALE2,3.1707369323050556
55,0.2,Cu,cusC,ALE2,3.989550473
56,0.2,Cu,cusC,ALE2,3.5344335778321105
57,0.3,Cu,cusC,ALE2,6.260638297872341
58,0.3,Cu,cusC,ALE2,4.741680497925311
59,0.3,Cu,cusC,ALE2,4.465227002210509
60,0.4,Cu,cusC,ALE2,6.558107167710507
61,0.4,Cu,cusC,ALE2,6.378571428571428
62,0.4,Cu,cusC,ALE2,5.623177798109179
63,0.6,Cu,cusC,ALE2,9.108915537017728
64,0.6,Cu,cusC,ALE2,8.999612922435611
65,0.6,Cu,cusC,ALE2,8.668656716
66,1,Cu,cusC,ALE2,8.383192558537367
67,1,Cu,cusC,ALE2,16.40619790426292
68,1,Cu,cusC,ALE2,15.230823173161207
69,2,Cu,cusC,ALE2,15.594907768251494
70,2,Cu,cusC,ALE2,16.316855992913865
71,2,Cu,cusC,ALE2,14.895092223061159
72,0.001,As,arsR,ALE2,1.5745963401506995
73,0.001,As,arsR,ALE2,1.579590056694287
74,0.001,As,arsR,ALE2,1.7812532259729534
75,0.002,As,arsR,ALE2,1.658456243854474
76,0.002,As,arsR,ALE2,1.3258164655999192
77,0.002,As,arsR,ALE2,1.2190653008962868
78,0.004,As,arsR,ALE2,1.502507836990596
79,0.004,As,arsR,ALE2,1.6363181135339373
80,0.004,As,arsR,ALE2,1.719676549865229
81,0.008,As,arsR,ALE2,1.2473801587491908
82,0.008,As,arsR,ALE2,1.6723732796240347
83,0.008,As,arsR,ALE2,1.370585733
84,0.02,As,arsR,ALE2,1.4118371746830245
85,0.02,As,arsR,ALE2,1.7074645869807417
86,0.02,As,arsR,ALE2,1.0673350865658557
87,0.03,As,arsR,ALE2,1.4736196639181713
88,0.03,As,arsR,ALE2,1.314526588845655
89,0.03,As,arsR,ALE2,1.5217599365591543
90,0.06,As,arsR,ALE2,1.3790579339359827
91,0.06,As,arsR,ALE2,1.645196337110042
92,0.06,As,arsR,ALE2,1.674663031955172
93,0.1,As,arsR,ALE2,1.5222936763129689
94,0.1,As,arsR,ALE2,1.153205283274469
95,0.1,As,arsR,ALE2,1.464401463669629
96,0.25,As,arsR,ALE2,1.6514314414866902
97,0.25,As,arsR,ALE2,2.2469576309166754
98,0.25,As,arsR,ALE2,1.7211543553084458
99,0.5,As,arsR,ALE2,1.9962422634836428
100,0.5,As,arsR,ALE2,2.136143992216637
101,0.5,As,arsR,ALE2,2.404601533844615
102,1,As,arsR,ALE2,2.467404461352239
103,1,As,arsR,ALE2,2.2697881287400943
104,1,As,arsR,ALE2,2.3917460317460315
105,2,As,arsR,ALE2,2.5185079928952048
106,2,As,arsR,ALE2,2.302270416807862
107,2,As,arsR,ALE2,2.655231030752588
108,0.001,Cd,zntA,ALE1,4.008421082833616
109,0.001,Cd,zntA,ALE1,3.6893033966609097
110,0.001,Cd,zntA,ALE1,3.708765386049982
111,0.002,Cd,zntA,ALE1,3.512608205
112,0.002,Cd,zntA,ALE1,3.5581242323214606
113,0.002,Cd,zntA,ALE1,3.1563251162839094
114,0.004,Cd,zntA,ALE1,3.5391155296537535
115,0.004,Cd,zntA,ALE1,3.4975888211017407
116,0.004,Cd,zntA,ALE1,3.628801677397493
117,0.008,Cd,zntA,ALE1,3.4592259225922595
118,0.008,Cd,zntA,ALE1,3.796335718024777
119,0.008,Cd,zntA,ALE1,3.368912927
120,0.02,Cd,zntA,ALE1,4.871179699492953
121,0.02,Cd,zntA,ALE1,4.668182378058795
122,0.02,Cd,zntA,ALE1,4.335405912717034
123,0.03,Cd,zntA,ALE1,4.978054677329365
124,0.03,Cd,zntA,ALE1,4.716400911161731
125,0.03,Cd,zntA,ALE1,4.6870334611061475
126,0.06,Cd,zntA,ALE1,5.6784029355233265
127,0.06,Cd,zntA,ALE1,4.972661311220524
128,0.06,Cd,zntA,ALE1,5.198388480025527
129,0.1,Cd,zntA,ALE1,6.687144385026738
130,0.1,Cd,zntA,ALE1,5.097936455944971
131,0.1,Cd,zntA,ALE1,6.339981072869453
132,0.25,Cd,zntA,ALE1,9.454943787251699
133,0.25,Cd,zntA,ALE1,7.679136955233639
134,0.25,Cd,zntA,ALE1,8.332791119
135,0.5,Cd,zntA,ALE1,10.110430259662266
136,0.5,Cd,zntA,ALE1,9.587572354425369
137,0.5,Cd,zntA,ALE1,8.900206469373709
138,1,Cd,zntA,ALE1,10.506710049580473
139,1,Cd,zntA,ALE1,9.599504413814463
140,1,Cd,zntA,ALE1,10.179610672041584
141,2,Cd,zntA,ALE1,5.76887716
142,2,Cd,zntA,ALE1,5.624323627930947
143,2,Cd,zntA,ALE1,5.640041125338817
144,0.001,Cd,zntA,ALE2,1.4833489821603376
145,0.001,Cd,zntA,ALE2,1.6074964980920639
146,0.001,Cd,zntA,ALE2,1.4474436198425262
147,0.002,Cd,zntA,ALE2,1.6646971935007386
148,0.002,Cd,zntA,ALE2,1.5284530386740334
149,0.002,Cd,zntA,ALE2,1.4336538461538462
150,0.004,Cd,zntA,ALE2,1.5168480196897567
151,0.004,Cd,zntA,ALE2,1.4749670811997073
152,0.004,Cd,zntA,ALE2,1.0802712592300445
153,0.008,Cd,zntA,ALE2,1.2344913460341178
154,0.008,Cd,zntA,ALE2,1.1713798654050618
155,0.008,Cd,zntA,ALE2,1.2031400966183576
156,0.02,Cd,zntA,ALE2,1.2145958583834333
157,0.02,Cd,zntA,ALE2,1.2803247024430988
158,0.02,Cd,zntA,ALE2,1.3464649033570701
159,0.03,Cd,zntA,ALE2,1.8478388963987387
160,0.03,Cd,zntA,ALE2,1.579291395104513
161,0.03,Cd,zntA,ALE2,1.521416064623398
162,0.06,Cd,zntA,ALE2,1.8935599284436493
163,0.06,Cd,zntA,ALE2,1.0325363601334892
164,0.06,Cd,zntA,ALE2,2.0125581876487018
165,0.1,Cd,zntA,ALE2,2.097764720069284
166,0.1,Cd,zntA,ALE2,2.1852880360952134
167,0.1,Cd,zntA,ALE2,2.1846396633350866
168,0.25,Cd,zntA,ALE2,2.873201722146382
169,0.25,Cd,zntA,ALE2,2.7991638527094387
170,0.25,Cd,zntA,ALE2,2.945511748603421
171,0.5,Cd,zntA,ALE2,2.377686382359163
172,0.5,Cd,zntA,ALE2,3.102766382665404
173,0.5,Cd,zntA,ALE2,2.8553909044455805
174,1,Cd,zntA,ALE2,3.260570929
175,1,Cd,zntA,ALE2,3.3782131460612463
176,1,Cd,zntA,ALE2,3.152887578721694
177,2,Cd,zntA,ALE2,2.351755187263474
178,2,Cd,zntA,ALE2,3.204911914
179,2,Cd,zntA,ALE2,3.1547567684176463
180,0.001,Hg,merR,ALE1,3.668674698795181
181,0.001,Hg,merR,ALE1,3.1247408566399373
182,0.001,Hg,merR,ALE1,3.4394200677013473
183,0.002,Hg,merR,ALE1,3.902127200086384
184,0.002,Hg,merR,ALE1,3.760825885124367
185,0.002,Hg,merR,ALE1,3.486354034643008
186,0.004,Hg,merR,ALE1,3.8170111578562285
187,0.004,Hg,merR,ALE1,3.548078490172431
188,0.004,Hg,merR,ALE1,3.9926511115193826
189,0.006,Hg,merR,ALE1,4.5629605732332665
190,0.006,Hg,merR,ALE1,5.279689323514025
191,0.006,Hg,merR,ALE1,5.181020590868398
192,0.01,Hg,merR,ALE1,11.994964234620886
193,0.01,Hg,merR,ALE1,9.623641496118562
194,0.01,Hg,merR,ALE1,9.629462122435795
195,0.02,Hg,merR,ALE1,23.14287131988091
196,0.02,Hg,merR,ALE1,21.242300556586272
197,0.02,Hg,merR,ALE1,25.68568163265306
198,0.04,Hg,merR,ALE1,40.38269048071442
199,0.04,Hg,merR,ALE1,46.26414358174014
200,0.04,Hg,merR,ALE1,50.941877794336804
201,0.06,Hg,merR,ALE1,63.55913511635985
202,0.06,Hg,merR,ALE1,61.45977745348413
203,0.06,Hg,merR,ALE1,66.38316008316008
204,0.1,Hg,merR,ALE1,71.90444515
205,0.1,Hg,merR,ALE1,71.22376813625849
206,0.1,Hg,merR,ALE1,79.41472742066722
207,0.2,Hg,merR,ALE1,72.71369620750639
208,0.2,Hg,merR,ALE1,79.46713842574641
209,0.2,Hg,merR,ALE1,66.98450213095698
210,0.4,Hg,merR,ALE1,1.496316758747698
211,0.4,Hg,merR,ALE1,1.395012469
212,0.4,Hg,merR,ALE1,1.633451536643026
213,0.6,Hg,merR,ALE1,1.4686344651172085
214,0.6,Hg,merR,ALE1,1.088817207735177
215,0.6,Hg,merR,ALE1,1.356929082628497
216,0.001,Hg,merR,ALE2,1.839602113770594
217,0.001,Hg,merR,ALE2,1.8829931972789113
218,0.001,Hg,merR,ALE2,1.5887755102040817
219,0.002,Hg,merR,ALE2,1.3713473427295526
220,0.002,Hg,merR,ALE2,1.647457627118644
221,0.002,Hg,merR,ALE2,1.8620329785013563
222,0.004,Hg,merR,ALE2,1.5297519403439357
223,0.004,Hg,merR,ALE2,1.4106999195494774
224,0.004,Hg,merR,ALE2,1.7228128095080883
225,0.006,Hg,merR,ALE2,1.3092128782621495
226,0.006,Hg,merR,ALE2,1.4591685912240184
227,0.006,Hg,merR,ALE2,1.597599882921118
228,0.01,Hg,merR,ALE2,2.035180722891566
229,0.01,Hg,merR,ALE2,1.8533526494443093
230,0.01,Hg,merR,ALE2,1.5533684090129247
231,0.02,Hg,merR,ALE2,5.134396355353076
232,0.02,Hg,merR,ALE2,5.724225212364202
233,0.02,Hg,merR,ALE2,4.542194138795075
234,0.04,Hg,merR,ALE2,9.734080051711425
235,0.04,Hg,merR,ALE2,10.993555934681941
236,0.04,Hg,merR,ALE2,12.492030477759474
237,0.06,Hg,merR,ALE2,11.234534755795996
238,0.06,Hg,merR,ALE2,13.06821440764766
239,0.06,Hg,merR,ALE2,9.121282411
240,0.1,Hg,merR,ALE2,16.843528695484988
241,0.1,Hg,merR,ALE2,15.921876860783616
242,0.1,Hg,merR,ALE2,15.95738143
243,0.2,Hg,merR,ALE2,10.401072510582596
244,0.2,Hg,merR,ALE2,14.517183496775337
245,0.2,Hg,merR,ALE2,10.611439842209073
246,0.4,Hg,merR,ALE2,0.7898352813448913
247,0.4,Hg,merR,ALE2,0.9429794171591602
248,0.4,Hg,merR,ALE2,0.8263806970509383
249,0.6,Hg,merR,ALE2,0.6908045977011494
250,0.6,Hg,merR,ALE2,0.8520845231296402
251,0.6,Hg,merR,ALE2,0.9381553462899888
252,0.01,Pb,zraP,ALE1,2.028391264226392
253,0.01,Pb,zraP,ALE1,1.785012359076385
254,0.01,Pb,zraP,ALE1,2.0274752651434267
255,0.02,Pb,zraP,ALE1,1.9831112283942471
256,0.02,Pb,zraP,ALE1,1.812263665789394
257,0.02,Pb,zraP,ALE1,1.6720709035884136
258,0.03,Pb,zraP,ALE1,2.2350434476497507
259,0.03,Pb,zraP,ALE1,1.716385542168675
260,0.03,Pb,zraP,ALE1,1.8649789029535866
261,0.04,Pb,zraP,ALE1,1.9065071289491864
262,0.04,Pb,zraP,ALE1,1.9541194572667508
263,0.04,Pb,zraP,ALE1,1.8278749813070139
264,0.06,Pb,zraP,ALE1,1.8575557650015706
265,0.06,Pb,zraP,ALE1,2.0085184058411927
266,0.06,Pb,zraP,ALE1,1.7554919774465023
267,0.1,Pb,zraP,ALE1,2.193342453260374
268,0.1,Pb,zraP,ALE1,2.198692810457516
269,0.1,Pb,zraP,ALE1,2.249017506252233
270,0.2,Pb,zraP,ALE1,2.2026940150007657
271,0.2,Pb,zraP,ALE1,1.9679568953941187
272,0.2,Pb,zraP,ALE1,2.269784623090408
273,0.3,Pb,zraP,ALE1,2.973640538767319
274,0.3,Pb,zraP,ALE1,2.7905863929006434
275,0.3,Pb,zraP,ALE1,2.8075937982677384
276,0.4,Pb,zraP,ALE1,3.032404458598726
277,0.4,Pb,zraP,ALE1,3.403851799659445
278,0.4,Pb,zraP,ALE1,3.2814183501683503
279,0.6,Pb,zraP,ALE1,4.037678718241794
280,0.6,Pb,zraP,ALE1,3.6711192066383327
281,0.6,Pb,zraP,ALE1,4.223136380880121
282,1,Pb,zraP,ALE1,4.1207262268560125
283,1,Pb,zraP,ALE1,4.174320137693632
284,1,Pb,zraP,ALE1,4.550484094052559
285,2,Pb,zraP,ALE1,5.7981986179051175
286,2,Pb,zraP,ALE1,1.4575636698373735
287,2,Pb,zraP,ALE1,6.023329233292332
288,0.01,Pb,zraP,ALE2,1.6854670750382847
289,0.01,Pb,zraP,ALE2,1.3159716674655164
290,0.01,Pb,zraP,ALE2,1.4267734044918834
291,0.02,Pb,zraP,ALE2,1.365263614666956
292,0.02,Pb,zraP,ALE2,1.399536536381894
293,0.02,Pb,zraP,ALE2,1.1515317969588774
294,0.03,Pb,zraP,ALE2,1.252220638227876
295,0.03,Pb,zraP,ALE2,1.2002583979328165
296,0.03,Pb,zraP,ALE2,1.298508130687752
297,0.04,Pb,zraP,ALE2,1.197668531668246
298,0.04,Pb,zraP,ALE2,1.35501785
299,0.04,Pb,zraP,ALE2,1.1721105527638194
300,0.06,Pb,zraP,ALE2,1.1286379062114356
301,0.06,Pb,zraP,ALE2,0.9161583542638441
302,0.06,Pb,zraP,ALE2,1.1287203166226913
303,0.1,Pb,zraP,ALE2,1.0754118684881866
304,0.1,Pb,zraP,ALE2,1.0609015557821018
305,0.1,Pb,zraP,ALE2,1.2292123658272645
306,0.2,Pb,zraP,ALE2,1.1387573577501635
307,0.2,Pb,zraP,ALE2,1.0657692807907402
308,0.2,Pb,zraP,ALE2,1.0874355925485533
309,0.3,Pb,zraP,ALE2,1.0534427542033629
310,0.3,Pb,zraP,ALE2,1.0846608499859274
311,0.3,Pb,zraP,ALE2,1.2024884351571223
312,0.4,Pb,zraP,ALE2,0.9989419322332788
313,0.4,Pb,zraP,ALE2,0.9125615763546797
314,0.4,Pb,zraP,ALE2,1.0205518018018016
315,0.6,Pb,zraP,ALE2,1.0156309569195576
316,0.6,Pb,zraP,ALE2,0.94191778
317,0.6,Pb,zraP,ALE2,1.1118031526336023
318,1,Pb,zraP,ALE2,0.8875806634212612
319,1,Pb,zraP,ALE2,0.8852903885935449
320,1,Pb,zraP,ALE2,1.0396855585140103
321,2,Pb,zraP,ALE2,1.0556631527335132
322,2,Pb,zraP,ALE2,0.922871695
323,2,Pb,zraP,ALE2,1.2974817221770916
324,0,0,0,0,2.7746113989637307
325,0,0,0,0,2.6561838524342303
326,0,0,0,0,2.253858024691358
327,0.01,Cu,cusC,ALE3,2.6507729112992267
328,0.01,Cu,cusC,ALE3,4.315319399737045
329,0.01,Cu,cusC,ALE3,1.9661407153686339
330,0.02,Cu,cusC,ALE3,2.052191964591718
331,0.02,Cu,cusC,ALE3,3.725886917960088
332,0.02,Cu,cusC,ALE3,2.8700999524036175
333,0.03,Cu,cusC,ALE3,2.040040583603653
334,0.03,Cu,cusC,ALE3,1.9166741743996318
335,0.03,Cu,cusC,ALE3,3.277231655247741
336,0.04,Cu,cusC,ALE3,2.2030434782608697
337,0.04,Cu,cusC,ALE3,3.4585838290925643
338,0.04,Cu,cusC,ALE3,2.1089547865049583
339,0.06,Cu,cusC,ALE3,2.0590631364562118
340,0.06,Cu,cusC,ALE3,2.9263583226662147
341,0.06,Cu,cusC,ALE3,1.9741224698949527
342,0.1,Cu,cusC,ALE3,2.042462058506882
343,0.1,Cu,cusC,ALE3,2.6915161024953536
344,0.1,Cu,cusC,ALE3,2.6847846889952156
345,0.2,Cu,cusC,ALE3,4.266452839154193
346,0.2,Cu,cusC,ALE3,4.289110794103662
347,0.2,Cu,cusC,ALE3,3.602690346404079
348,0.3,Cu,cusC,ALE3,6.734736590324702
349,0.3,Cu,cusC,ALE3,6.240826625692496
350,0.3,Cu,cusC,ALE3,5.356789816441039
351,0.4,Cu,cusC,ALE3,8.359902278189367
352,0.4,Cu,cusC,ALE3,9.008854874
353,0.4,Cu,cusC,ALE3,7.654433152087551
354,0.6,Cu,cusC,ALE3,15.369085862890362
355,0.6,Cu,cusC,ALE3,14.827834745133005
356,0.6,Cu,cusC,ALE3,12.988348609600745
357,1,Cu,cusC,ALE3,18.761620732208968
358,1,Cu,cusC,ALE3,22.710418859674487
359,1,Cu,cusC,ALE3,20.09259412007306
360,2,Cu,cusC,ALE3,14.531500624901964
361,2,Cu,cusC,ALE3,17.880144040694013
362,2,Cu,cusC,ALE3,15.118273450687244
363,0.01,Cu,cusC,ALE4,2.101934651762683
364,0.01,Cu,cusC,ALE4,6.2048839477277165
365,0.01,Cu,cusC,ALE4,2.7440009098146256
366,0.02,Cu,cusC,ALE4,2.0969473786219592
367,0.02,Cu,cusC,ALE4,1.9654697134566559
368,0.02,Cu,cusC,ALE4,2.0813453114272176
369,0.03,Cu,cusC,ALE4,2.2600877192982454
370,0.03,Cu,cusC,ALE4,2.3206567642347458
371,0.03,Cu,cusC,ALE4,4.473613675449646
372,0.04,Cu,cusC,ALE4,2.331908439051296
373,0.04,Cu,cusC,ALE4,2.5948438978240302
374,0.04,Cu,cusC,ALE4,2.237654320987654
375,0.06,Cu,cusC,ALE4,2.5223628691983118
376,0.06,Cu,cusC,ALE4,2.4051741119306618
377,0.06,Cu,cusC,ALE4,2.6557086910679315
378,0.1,Cu,cusC,ALE4,2.6788275647022144
379,0.1,Cu,cusC,ALE4,2.4058637083993664
380,0.1,Cu,cusC,ALE4,2.7469464801243615
381,0.2,Cu,cusC,ALE4,4.038633501259445
382,0.2,Cu,cusC,ALE4,4.490914732530719
383,0.2,Cu,cusC,ALE4,3.623290320312226
384,0.3,Cu,cusC,ALE4,6.029203778677463
385,0.3,Cu,cusC,ALE4,6.585463431512479
386,0.3,Cu,cusC,ALE4,4.962207376325088
387,0.4,Cu,cusC,ALE4,7.975767098773515
388,0.4,Cu,cusC,ALE4,12.762435165776711
389,0.4,Cu,cusC,ALE4,6.488091882750846
390,0.6,Cu,cusC,ALE4,14.26811202197162
391,0.6,Cu,cusC,ALE4,13.508482732494446
392,0.6,Cu,cusC,ALE4,9.942132423685823
393,1,Cu,cusC,ALE4,16.043678042232433
394,1,Cu,cusC,ALE4,19.450837455523736
395,1,Cu,cusC,ALE4,15.828323630747297
396,2,Cu,cusC,ALE4,7.606515480424307
397,2,Cu,cusC,ALE4,5.4438020805452965
398,2,Cu,cusC,ALE4,8.016128291136333
399,0.001,As,arsR,ALE3,0.9382368283776735
400,0.001,As,arsR,ALE3,1.1023006618342261
401,0.001,As,arsR,ALE3,0.880644536
402,0.002,As,arsR,ALE3,1.363466885
403,0.002,As,arsR,ALE3,1.082854996243426
404,0.002,As,arsR,ALE3,0.8582192399801184
405,0.004,As,arsR,ALE3,1.4863543145606561
406,0.004,As,arsR,ALE3,1.247467938178231
407,0.004,As,arsR,ALE3,1.331531342395773
408,0.008,As,arsR,ALE3,1.3970068238213398
409,0.008,As,arsR,ALE3,1.2180490349504434
410,0.008,As,arsR,ALE3,1.4062539783577341
411,0.02,As,arsR,ALE3,1.5999076212471133
412,0.02,As,arsR,ALE3,1.3172689527910195
413,0.02,As,arsR,ALE3,1.602799613846366
414,0.03,As,arsR,ALE3,1.7220479431784552
415,0.03,As,arsR,ALE3,1.8692717880353276
416,0.03,As,arsR,ALE3,1.6689695567937761
417,0.06,As,arsR,ALE3,1.5892517788482787
418,0.06,As,arsR,ALE3,1.6558520115258561
419,0.06,As,arsR,ALE3,1.5487363309396078
420,0.1,As,arsR,ALE3,2.1517712865133625
421,0.1,As,arsR,ALE3,2.0510525042342125
422,0.1,As,arsR,ALE3,1.8376387570668098
423,0.25,As,arsR,ALE3,2.728972443986609
424,0.25,As,arsR,ALE3,3.073870517000466
425,0.25,As,arsR,ALE3,2.755313556139692
426,0.5,As,arsR,ALE3,3.1943549624175485
427,0.5,As,arsR,ALE3,3.2694676570721137
428,0.5,As,arsR,ALE3,2.931818181818181
429,1,As,arsR,ALE3,5.164815380957234
430,1,As,arsR,ALE3,3.606172839506173
431,1,As,arsR,ALE3,3.5789531421407306
432,2,As,arsR,ALE3,4.008862069
433,2,As,arsR,ALE3,4.165364034
434,2,As,arsR,ALE3,4.008745976994905
435,0.001,As,arsR,ALE4,0.9872222018818877
436,0.001,As,arsR,ALE4,0.9621674747739484
437,0.001,As,arsR,ALE4,1.0897876643073812
438,0.002,As,arsR,ALE4,1.190274314214464
439,0.002,As,arsR,ALE4,0.9315291581846487
440,0.002,As,arsR,ALE4,1.1880072137060416
441,0.004,As,arsR,ALE4,1.390090783197415
442,0.004,As,arsR,ALE4,1.3648507816200854
443,0.004,As,arsR,ALE4,1.2508198694226311
444,0.008,As,arsR,ALE4,1.5419532324621732
445,0.008,As,arsR,ALE4,1.2283936361303567
446,0.008,As,arsR,ALE4,1.2386178258935194
447,0.02,As,arsR,ALE4,1.515689381933439
448,0.02,As,arsR,ALE4,1.535037878787879
449,0.02,As,arsR,ALE4,1.5891720266444087
450,0.03,As,arsR,ALE4,1.4905968226706743
451,0.03,As,arsR,ALE4,1.4859005243021115
452,0.03,As,arsR,ALE4,1.5971032549447128
453,0.06,As,arsR,ALE4,1.602496616032486
454,0.06,As,arsR,ALE4,1.0322419186652765
455,0.06,As,arsR,ALE4,1.551898905257467
456,0.1,As,arsR,ALE4,1.432862400569868
457,0.1,As,arsR,ALE4,1.3966836734693877
458,0.1,As,arsR,ALE4,1.6144592952612395
459,0.25,As,arsR,ALE4,2.1719195664575013
460,0.25,As,arsR,ALE4,1.900888133
461,0.25,As,arsR,ALE4,1.6271442986881939
462,0.5,As,arsR,ALE4,2.2034334763948498
463,0.5,As,arsR,ALE4,2.13614122
464,0.5,As,arsR,ALE4,2.533057519924312
465,1,As,arsR,ALE4,2.441344396006188
466,1,As,arsR,ALE4,3.057168784029038
467,1,As,arsR,ALE4,2.6542635658914726
468,2,As,arsR,ALE4,3.040867093
469,2,As,arsR,ALE4,3.6231608922638823
470,2,As,arsR,ALE4,3.450359712230216
471,0.001,Cd,zntA,ALE3,1.873117298037426
472,0.001,Cd,zntA,ALE3,1.908410960766982
473,0.001,Cd,zntA,ALE3,2.000097066174865
474,0.002,Cd,zntA,ALE3,1.5615695922697046
475,0.002,Cd,zntA,ALE3,1.8839604504257075
476,0.002,Cd,zntA,ALE3,1.664770717104368
477,0.004,Cd,zntA,ALE3,2.0444705192138457
478,0.004,Cd,zntA,ALE3,1.9325996610248195
479,0.004,Cd,zntA,ALE3,1.847021943573668
480,0.008,Cd,zntA,ALE3,1.9612943372744245
481,0.008,Cd,zntA,ALE3,1.7034292356873002
482,0.008,Cd,zntA,ALE3,2.4434686256001967
483,0.02,Cd,zntA,ALE3,3.2838802889576884
484,0.02,Cd,zntA,ALE3,1.8408612708654792
485,0.02,Cd,zntA,ALE3,3.3821667078901805
486,0.03,Cd,zntA,ALE3,3.9226097099875306
487,0.03,Cd,zntA,ALE3,3.9856930461747595
488,0.03,Cd,zntA,ALE3,4.158985451923485
489,0.06,Cd,zntA,ALE3,5.162630682387521
490,0.06,Cd,zntA,ALE3,4.855389007851534
491,0.06,Cd,zntA,ALE3,4.9857846032683595
492,0.1,Cd,zntA,ALE3,5.1147178977586405
493,0.1,Cd,zntA,ALE3,5.390250717414287
494,0.1,Cd,zntA,ALE3,6.596323078808679
495,0.25,Cd,zntA,ALE3,8.065346143201676
496,0.25,Cd,zntA,ALE3,9.356866136285023
497,0.25,Cd,zntA,ALE3,7.016867210174215
498,0.5,Cd,zntA,ALE3,8.852908421
499,0.5,Cd,zntA,ALE3,8.524454929082172
500,0.5,Cd,zntA,ALE3,9.346846846846846
501,1,Cd,zntA,ALE3,9.149213020189533
502,1,Cd,zntA,ALE3,9.349439828021001
503,1,Cd,zntA,ALE3,10.199526467106375
504,2,Cd,zntA,ALE3,9.730899576376775
505,2,Cd,zntA,ALE3,10.326032205695231
506,2,Cd,zntA,ALE3,10.529583617747438
507,0.001,Cd,zntA,ALE4,1.0875312443681782
508,0.001,Cd,zntA,ALE4,0.9889183705322302
509,0.001,Cd,zntA,ALE4,1.1150425917940623
510,0.002,Cd,zntA,ALE4,1.0187992722862342
511,0.002,Cd,zntA,ALE4,0.8627847721822542
512,0.002,Cd,zntA,ALE4,1.1737291139838821
513,0.004,Cd,zntA,ALE4,0.9737793529340455
514,0.004,Cd,zntA,ALE4,0.9176918981027379
515,0.004,Cd,zntA,ALE4,1.0672694889710919
516,0.008,Cd,zntA,ALE4,0.9019437117467796
517,0.008,Cd,zntA,ALE4,0.9619827480143813
518,0.008,Cd,zntA,ALE4,0.9937289711061362
519,0.02,Cd,zntA,ALE4,1.1313239105342248
520,0.02,Cd,zntA,ALE4,1.1078717818428183
521,0.02,Cd,zntA,ALE4,1.10424268
522,0.03,Cd,zntA,ALE4,1.3461863214185197
523,0.03,Cd,zntA,ALE4,1.5139425489212242
524,0.03,Cd,zntA,ALE4,1.3724359409276976
525,0.06,Cd,zntA,ALE4,1.738040123
526,0.06,Cd,zntA,ALE4,1.786968475073314
527,0.06,Cd,zntA,ALE4,1.7070631799786762
528,0.1,Cd,zntA,ALE4,2.214147286821706
529,0.1,Cd,zntA,ALE4,2.5277901995857652
530,0.1,Cd,zntA,ALE4,2.1493563062627046
531,0.25,Cd,zntA,ALE4,2.4947252401196667
532,0.25,Cd,zntA,ALE4,2.8234829797730634
533,0.25,Cd,zntA,ALE4,2.708887902987282
534,0.5,Cd,zntA,ALE4,3.0177131782945734
535,0.5,Cd,zntA,ALE4,3.215213575190169
536,0.5,Cd,zntA,ALE4,3.2531862503693483
537,1,Cd,zntA,ALE4,3.3292425815790305
538,1,Cd,zntA,ALE4,3.268933981137468
539,1,Cd,zntA,ALE4,3.8322665689190893
540,2,Cd,zntA,ALE4,3.712452585416755
541,2,Cd,zntA,ALE4,3.435014366392549
542,2,Cd,zntA,ALE4,4.072044273966398
543,0.001,Hg,merR,ALE3,1.3401988636363635
544,0.001,Hg,merR,ALE3,1.2285019235121069
545,0.001,Hg,merR,ALE3,1.218291788856305
546,0.002,Hg,merR,ALE3,1.3492063492063495
547,0.002,Hg,merR,ALE3,1.250968616815188
548,0.002,Hg,merR,ALE3,1.197940050178265
549,0.004,Hg,merR,ALE3,1.3118271181151504
550,0.004,Hg,merR,ALE3,1.169823727
551,0.004,Hg,merR,ALE3,1.6358695652173914
552,0.006,Hg,merR,ALE3,1.2708661417322833
553,0.006,Hg,merR,ALE3,1.4310077519379845
554,0.006,Hg,merR,ALE3,1.2607192754251577
555,0.01,Hg,merR,ALE3,2.286224108
556,0.01,Hg,merR,ALE3,2.4732833105957255
557,0.01,Hg,merR,ALE3,1.7211324035226974
558,0.02,Hg,merR,ALE3,5.882616133701802
559,0.02,Hg,merR,ALE3,6.039628994345976
560,0.02,Hg,merR,ALE3,5.833983866770753
561,0.04,Hg,merR,ALE3,9.784926709
562,0.04,Hg,merR,ALE3,8.326474458667304
563,0.04,Hg,merR,ALE3,9.776728087720045
564,0.06,Hg,merR,ALE3,12.015557173285881
565,0.06,Hg,merR,ALE3,11.561203043845877
566,0.06,Hg,merR,ALE3,11.09457177655982
567,0.1,Hg,merR,ALE3,15.401776966994358
568,0.1,Hg,merR,ALE3,16.72743563856638
569,0.1,Hg,merR,ALE3,15.998426853916195
570,0.2,Hg,merR,ALE3,21.702850038255544
571,0.2,Hg,merR,ALE3,24.073107655197205
572,0.2,Hg,merR,ALE3,28.27589677323162
573,0.4,Hg,merR,ALE3,8.382824581
574,0.4,Hg,merR,ALE3,8.791534822200743
575,0.4,Hg,merR,ALE3,7.226181818181818
576,0.6,Hg,merR,ALE3,1.064576334453154
577,0.6,Hg,merR,ALE3,1.0591799636437085
578,0.6,Hg,merR,ALE3,0.808570098
579,0.001,Hg,merR,ALE4,0.7118759972646456
580,0.001,Hg,merR,ALE4,0.788870655
581,0.001,Hg,merR,ALE4,0.9302972942879411
582,0.002,Hg,merR,ALE4,0.8090085702026001
583,0.002,Hg,merR,ALE4,0.6694281855020261
584,0.002,Hg,merR,ALE4,0.9491273334345119
585,0.004,Hg,merR,ALE4,0.8480544971712274
586,0.004,Hg,merR,ALE4,0.821251027
587,0.004,Hg,merR,ALE4,0.8656724661695664
588,0.006,Hg,merR,ALE4,0.8158859023587492
589,0.006,Hg,merR,ALE4,0.7385390428211588
590,0.006,Hg,merR,ALE4,0.7284731911500897
591,0.01,Hg,merR,ALE4,0.9489685124864277
592,0.01,Hg,merR,ALE4,1.0493462387502122
593,0.01,Hg,merR,ALE4,0.9262580225095342
594,0.02,Hg,merR,ALE4,3.0895029211761327
595,0.02,Hg,merR,ALE4,2.861345565749236
596,0.02,Hg,merR,ALE4,3.2472022750056264
597,0.04,Hg,merR,ALE4,7.346925504446782
598,0.04,Hg,merR,ALE4,6.062421824455466
599,0.04,Hg,merR,ALE4,7.378951389552096
600,0.06,Hg,merR,ALE4,8.141549725442342
601,0.06,Hg,merR,ALE4,7.980573476702508
602,0.06,Hg,merR,ALE4,8.466131358784498
603,0.1,Hg,merR,ALE4,10.728787299158379
604,0.1,Hg,merR,ALE4,8.132718948
605,0.1,Hg,merR,ALE4,9.679879737
606,0.2,Hg,merR,ALE4,7.7175161252240345
607,0.2,Hg,merR,ALE4,7.230984204131228
608,0.2,Hg,merR,ALE4,5.8314521029698865
609,0.4,Hg,merR,ALE4,5.042646526772794
610,0.4,Hg,merR,ALE4,0.888062016
611,0.4,Hg,merR,ALE4,4.001379724055189
612,0.6,Hg,merR,ALE4,0.7892547033285094
613,0.6,Hg,merR,ALE4,0.7313639322916666
614,0.6,Hg,merR,ALE4,0.6615307366759917
615,0.01,Pb,zraP,ALE3,1.0549460723047723
616,0.01,Pb,zraP,ALE3,0.9936349959495431
617,0.01,Pb,zraP,ALE3,0.9094078083989502
618,0.02,Pb,zraP,ALE3,1.0968416163492802
619,0.02,Pb,zraP,ALE3,0.9796326470152571
620,0.02,Pb,zraP,ALE3,0.9907105014877714
621,0.03,Pb,zraP,ALE3,0.791082624
622,0.03,Pb,zraP,ALE3,0.9062741673942871
623,0.03,Pb,zraP,ALE3,1.0982628298634134
624,0.04,Pb,zraP,ALE3,1.1547018688816375
625,0.04,Pb,zraP,ALE3,0.9357170227666125
626,0.04,Pb,zraP,ALE3,1.3771021021021022
627,0.06,Pb,zraP,ALE3,0.805422064
628,0.06,Pb,zraP,ALE3,1.2991607488702388
629,0.06,Pb,zraP,ALE3,1.018542887905252
630,0.1,Pb,zraP,ALE3,1.0099381625441697
631,0.1,Pb,zraP,ALE3,1.1340555083545738
632,0.1,Pb,zraP,ALE3,1.148804810089456
633,0.2,Pb,zraP,ALE3,1.6042402826855122
634,0.2,Pb,zraP,ALE3,1.836228287841191
635,0.2,Pb,zraP,ALE3,1.5776166573712584
636,0.3,Pb,zraP,ALE3,2.146625060366284
637,0.3,Pb,zraP,ALE3,2.4312121576647012
638,0.3,Pb,zraP,ALE3,2.2684674402384126
639,0.4,Pb,zraP,ALE3,2.740552939756127
640,0.4,Pb,zraP,ALE3,2.501653353148802
641,0.4,Pb,zraP,ALE3,2.812318419523533
642,0.6,Pb,zraP,ALE3,3.3429287026214727
643,0.6,Pb,zraP,ALE3,3.7947907521217443
644,0.6,Pb,zraP,ALE3,3.3833301689766477
645,1,Pb,zraP,ALE3,4.494441531200838
646,1,Pb,zraP,ALE3,4.404228329809725
647,1,Pb,zraP,ALE3,5.092304906753576
648,2,Pb,zraP,ALE3,6.2015673509580544
649,2,Pb,zraP,ALE3,5.818874941887494
650,2,Pb,zraP,ALE3,7.980747786159396
651,0.01,Pb,zraP,ALE4,0.6603600116132778
652,0.01,Pb,zraP,ALE4,0.5663822041727264
653,0.01,Pb,zraP,ALE4,0.6578602763045898
654,0.02,Pb,zraP,ALE4,0.7573099415204678
655,0.02,Pb,zraP,ALE4,0.725177687
656,0.02,Pb,zraP,ALE4,0.5724639144039568
657,0.03,Pb,zraP,ALE4,0.7599587203302375
658,0.03,Pb,zraP,ALE4,0.7496432403154067
659,0.03,Pb,zraP,ALE4,1.095153061
660,0.04,Pb,zraP,ALE4,1.0538294290924395
661,0.04,Pb,zraP,ALE4,0.7099136517652203
662,0.04,Pb,zraP,ALE4,0.6950033534540577
663,0.06,Pb,zraP,ALE4,0.7658604323405666
664,0.06,Pb,zraP,ALE4,0.7089100872742033
665,0.06,Pb,zraP,ALE4,0.6386456509048453
666,0.1,Pb,zraP,ALE4,0.7681591083781707
667,0.1,Pb,zraP,ALE4,0.9713290702212615
668,0.1,Pb,zraP,ALE4,0.8546511627906976
669,0.2,Pb,zraP,ALE4,1.148182929374236
670,0.2,Pb,zraP,ALE4,1.132566829548721
671,0.2,Pb,zraP,ALE4,1.0794548727179223
672,0.3,Pb,zraP,ALE4,1.6313601834599398
673,0.3,Pb,zraP,ALE4,1.3887012065294533
674,0.3,Pb,zraP,ALE4,1.4501169671116003
675,0.4,Pb,zraP,ALE4,1.6929672863525003
676,0.4,Pb,zraP,ALE4,1.5325867249385414
677,0.4,Pb,zraP,ALE4,1.6911764705882353
678,0.6,Pb,zraP,ALE4,2.219094994981891
679,0.6,Pb,zraP,ALE4,2.321656512909777
680,0.6,Pb,zraP,ALE4,2.2375249500998007
681,1,Pb,zraP,ALE4,3.2358105735202747
682,1,Pb,zraP,ALE4,3.304194684598143
683,1,Pb,zraP,ALE4,3.852246009157282
684,2,Pb,zraP,ALE4,5.307496097234613
685,2,Pb,zraP,ALE4,4.291284772471458
686,2,Pb,zraP,ALE4,5.560504030200999
687,0,0,0,0,1.2601973684210528
688,0,0,0,0,1.3186287899481017
689,0,0,0,0,1.1279862009486847
690,0.01,Pb,zntA,ALE1,1.789291081057191
691,0.01,Pb,zntA,ALE1,1.6866728224068943
692,0.01,Pb,zntA,ALE1,1.869045412418906
693,0.02,Pb,zntA,ALE1,1.9080357142857143
694,0.02,Pb,zntA,ALE1,1.752304788636968
695,0.02,Pb,zntA,ALE1,1.8695544554455445
696,0.03,Pb,zntA,ALE1,1.9865237366003063
697,0.03,Pb,zntA,ALE1,2.002685382972231
698,0.03,Pb,zntA,ALE1,2.210458081244598
699,0.04,Pb,zntA,ALE1,2.5319228468899526
700,0.04,Pb,zntA,ALE1,1.9064105972000709
701,0.04,Pb,zntA,ALE1,2.505566753047317
702,0.07,Pb,zntA,ALE1,3.046063829787234
703,0.07,Pb,zntA,ALE1,2.9038514824050985
704,0.07,Pb,zntA,ALE1,3.1936332179930798
705,0.1,Pb,zntA,ALE1,3.530633187772926
706,0.1,Pb,zntA,ALE1,3.575094230211656
707,0.1,Pb,zntA,ALE1,4.0109884790395975
708,0.2,Pb,zntA,ALE1,5.2414327953080315
709,0.2,Pb,zntA,ALE1,4.705582028590879
710,0.2,Pb,zntA,ALE1,4.729835304054054
711,0.3,Pb,zntA,ALE1,6.591180555555557
712,0.3,Pb,zntA,ALE1,6.260923390620448
713,0.3,Pb,zntA,ALE1,6.305698494
714,0.4,Pb,zntA,ALE1,6.878521517302573
715,0.4,Pb,zntA,ALE1,6.648479120123733
716,0.4,Pb,zntA,ALE1,7.182467095194368
717,0.6,Pb,zntA,ALE1,6.659215101838052
718,0.6,Pb,zntA,ALE1,2.6460947608387584
719,0.6,Pb,zntA,ALE1,4.91165839
720,1,Pb,zntA,ALE1,1.3316700960219479
721,1,Pb,zntA,ALE1,1.224071252783312
722,1,Pb,zntA,ALE1,1.2364920447021528
723,2,Pb,zntA,ALE1,0.6797468354430379
724,2,Pb,zntA,ALE1,0.9573470554602631
725,2,Pb,zntA,ALE1,0.9460038855764722
726,0.001,As,arsR,ALE5,0.9810129457188281
727,0.001,As,arsR,ALE5,0.9887860366583772
728,0.001,As,arsR,ALE5,1.0371983188179732
729,0.002,As,arsR,ALE5,1.1497668997668997
730,0.002,As,arsR,ALE5,1.0220025510204083
731,0.002,As,arsR,ALE5,0.9414430251181686
732,0.004,As,arsR,ALE5,1.141376959781868
733,0.004,As,arsR,ALE5,1.1788054379318027
734,0.004,As,arsR,ALE5,1.1364932065500095
735,0.008,As,arsR,ALE5,1.3682894298099366
736,0.008,As,arsR,ALE5,1.2518939393939392
737,0.008,As,arsR,ALE5,1.6366966366966367
738,0.02,As,arsR,ALE5,1.7252883213291503
739,0.02,As,arsR,ALE5,1.711666666666667
740,0.02,As,arsR,ALE5,1.9447544642857146
741,0.03,As,arsR,ALE5,1.8486753088036318
742,0.03,As,arsR,ALE5,1.9848729733824944
743,0.03,As,arsR,ALE5,1.8047871668561324
744,0.06,As,arsR,ALE5,2.1520717377860232
745,0.06,As,arsR,ALE5,2.1693989071038255
746,0.06,As,arsR,ALE5,2.0765167737330477
747,0.1,As,arsR,ALE5,2.8250372710887612
748,0.1,As,arsR,ALE5,2.528241284763024
749,0.1,As,arsR,ALE5,2.5442833240379255
750,0.25,As,arsR,ALE5,3.621811613127884
751,0.25,As,arsR,ALE5,3.4667202980777376
752,0.25,As,arsR,ALE5,3.356312814070352
753,0.5,As,arsR,ALE5,4.328181150739983
754,0.5,As,arsR,ALE5,5.074245492237971
755,0.5,As,arsR,ALE5,4.658894160501877
756,1,As,arsR,ALE5,5.367806958849114
757,1,As,arsR,ALE5,4.887366564559548
758,1,As,arsR,ALE5,4.936816926607288
759,2,As,arsR,ALE5,6.155024509803921
760,2,As,arsR,ALE5,5.620406949577334
761,2,As,arsR,ALE5,5.498312365756367
762,0.001,Cd,zntA,ALE5,1.2650788008057827
763,0.001,Cd,zntA,ALE5,1.1395121951219513
764,0.001,Cd,zntA,ALE5,1.2661181064711509
765,0.002,Cd,zntA,ALE5,1.131963382196229
766,0.002,Cd,zntA,ALE5,1.3309615678484108
767,0.002,Cd,zntA,ALE5,1.2042408590458067
768,0.004,Cd,zntA,ALE5,1.2491132056349445
769,0.004,Cd,zntA,ALE5,1.2222784810126583
770,0.004,Cd,zntA,ALE5,1.3730535326929036
771,0.008,Cd,zntA,ALE5,1.2492076932381757
772,0.008,Cd,zntA,ALE5,1.357690274841438
773,0.008,Cd,zntA,ALE5,1.5013586956521738
774,0.02,Cd,zntA,ALE5,1.3915832691814216
775,0.02,Cd,zntA,ALE5,1.5676428631366954
776,0.02,Cd,zntA,ALE5,1.6197461212976025
777,0.03,Cd,zntA,ALE5,1.6402505054788608
778,0.03,Cd,zntA,ALE5,1.8168141527497468
779,0.03,Cd,zntA,ALE5,1.7854657417368403
780,0.06,Cd,zntA,ALE5,1.8039841160447638
781,0.06,Cd,zntA,ALE5,2.276082397927717
782,0.06,Cd,zntA,ALE5,2.1226897457547613
783,0.1,Cd,zntA,ALE5,2.1415384615384614
784,0.1,Cd,zntA,ALE5,2.1338094175407276
785,0.1,Cd,zntA,ALE5,2.1902276352037116
786,0.25,Cd,zntA,ALE5,2.4477223692019283
787,0.25,Cd,zntA,ALE5,2.6288883140399664
788,0.25,Cd,zntA,ALE5,2.6698433971161246
789,0.5,Cd,zntA,ALE5,2.674156530511642
790,0.5,Cd,zntA,ALE5,2.790389560258254
791,0.5,Cd,zntA,ALE5,2.858064137890602
792,1,Cd,zntA,ALE5,2.6503219176982484
793,1,Cd,zntA,ALE5,3.217792348185749
794,1,Cd,zntA,ALE5,2.787786506096365
795,2,Cd,zntA,ALE5,3.076231079125435
796,2,Cd,zntA,ALE5,3.0059466097860508
797,2,Cd,zntA,ALE5,3.084294014571613
798,0.001,Hg,merR,ALE5,0.9504567974182991
799,0.001,Hg,merR,ALE5,1.1234558544903372
800,0.001,Hg,merR,ALE5,1
801,0.002,Hg,merR,ALE5,1.2055052790346907
802,0.002,Hg,merR,ALE5,1.0587546032808839
803,0.002,Hg,merR,ALE5,0.959775025
804,0.004,Hg,merR,ALE5,1.4261625147055788
805,0.004,Hg,merR,ALE5,1.376525952846892
806,0.004,Hg,merR,ALE5,1.6400891300135634
807,0.006,Hg,merR,ALE5,1.9778858911985846
808,0.006,Hg,merR,ALE5,2.0282676672920577
809,0.006,Hg,merR,ALE5,1.7952474875551796
810,0.01,Hg,merR,ALE5,3.763286818825606
811,0.01,Hg,merR,ALE5,3.351925041076424
812,0.01,Hg,merR,ALE5,2.9906678331875183
813,0.02,Hg,merR,ALE5,5.037128712871287
814,0.02,Hg,merR,ALE5,4.510838338991904
815,0.02,Hg,merR,ALE5,5.508674101610905
816,0.04,Hg,merR,ALE5,8.566546446164672
817,0.04,Hg,merR,ALE5,12.71017234131988
818,0.04,Hg,merR,ALE5,11.080207894367188
819,0.06,Hg,merR,ALE5,15.457034029550876
820,0.06,Hg,merR,ALE5,15.040554241297738
821,0.06,Hg,merR,ALE5,16.756743107683125
822,0.1,Hg,merR,ALE5,25.06196292257361
823,0.1,Hg,merR,ALE5,21.213134414276123
824,0.1,Hg,merR,ALE5,24.02832657669215
825,0.2,Hg,merR,ALE5,6.039195192056441
826,0.2,Hg,merR,ALE5,5.822474596533174
827,0.2,Hg,merR,ALE5,6.520993788819876
828,0.4,Hg,merR,ALE5,1
829,0.4,Hg,merR,ALE5,1.0884866592551417
830,0.4,Hg,merR,ALE5,6.538063958513396
831,0.6,Hg,merR,ALE5,0.9907886961660121
832,0.6,Hg,merR,ALE5,1
833,0.6,Hg,merR,ALE5,1
834,0.01,Cd,cadC,ALE1,1.0062499999999999
835,0.01,Cd,cadC,ALE1,0.9865021770682149
836,0.01,Cd,cadC,ALE1,1.045548961424332
837,0.02,Cd,cadC,ALE1,1.0902909550917141
838,0.02,Cd,cadC,ALE1,1.0164670658682633
839,0.02,Cd,cadC,ALE1,0.9475750895563516
840,0.03,Cd,cadC,ALE1,1.046847763
841,0.03,Cd,cadC,ALE1,1.0305503731343284
842,0.03,Cd,cadC,ALE1,1.122432859399684
843,0.04,Cd,cadC,ALE1,1.0232098251457118
844,0.04,Cd,cadC,ALE1,0.9995039682539684
845,0.04,Cd,cadC,ALE1,1.0845933562428407
846,0.06,Cd,cadC,ALE1,1.0319282136894825
847,0.06,Cd,cadC,ALE1,1.200159156470705
848,0.06,Cd,cadC,ALE1,1.1608041196276488
849,0.1,Cd,cadC,ALE1,1.1076680672268908
850,0.1,Cd,cadC,ALE1,1.102653424251408
851,0.1,Cd,cadC,ALE1,1.0915467625899282
852,0.2,Cd,cadC,ALE1,1.2149178255372945
853,0.2,Cd,cadC,ALE1,1.0893551873198848
854,0.2,Cd,cadC,ALE1,1.1755770114942528
855,0.3,Cd,cadC,ALE1,1.118380226
856,0.3,Cd,cadC,ALE1,1.1445621862799777
857,0.3,Cd,cadC,ALE1,1.107066381156317
858,0.4,Cd,cadC,ALE1,1.2636427566807316
859,0.4,Cd,cadC,ALE1,1.085554614181439
860,0.4,Cd,cadC,ALE1,1.1565405218593399
861,0.6,Cd,cadC,ALE1,1.1802971071149335
862,0.6,Cd,cadC,ALE1,1.1984928145811427
863,0.6,Cd,cadC,ALE1,1.2148945363132881
864,1,Cd,cadC,ALE1,1.1761442913050877
865,1,Cd,cadC,ALE1,1.280581447870899
866,1,Cd,cadC,ALE1,1.3177826983278613
867,2,Cd,cadC,ALE1,1.1144523210610564
868,2,Cd,cadC,ALE1,1.2105263157894737
869,2,Cd,cadC,ALE1,1.3403508771929826
870,0,0,0,0,1.1067167051578137
871,0,0,0,0,1.071244058689812
872,0,0,0,0,0.9750715648854962
873,0.01,Pb,zntA,ALE1,1.749619714024947
874,0.01,Pb,zntA,ALE1,1.6976334582252537
875,0.01,Pb,zntA,ALE1,1.694986641521295
876,0.02,Pb,zntA,ALE1,1.6780210643015523
877,0.02,Pb,zntA,ALE1,1.7267049461065778
878,0.02,Pb,zntA,ALE1,1.8096666666666668
879,0.03,Pb,zntA,ALE1,1.7743823529411764
880,0.03,Pb,zntA,ALE1,2.0326606643899408
881,0.03,Pb,zntA,ALE1,1.7368452949108373
882,0.04,Pb,zntA,ALE1,1.9615131723140313
883,0.04,Pb,zntA,ALE1,2.0707612981498333
884,0.04,Pb,zntA,ALE1,2.1247481108312343
885,0.07,Pb,zntA,ALE1,3.3605577995177613
886,0.07,Pb,zntA,ALE1,2.5844118567999166
887,0.07,Pb,zntA,ALE1,2.562734584450402
888,0.1,Pb,zntA,ALE1,3.137261655029901
889,0.1,Pb,zntA,ALE1,3.1174411203055374
890,0.1,Pb,zntA,ALE1,2.971655671021804
891,0.2,Pb,zntA,ALE1,3.8607313432835815
892,0.2,Pb,zntA,ALE1,3.7551667144749956
893,0.2,Pb,zntA,ALE1,4.335782223679895
894,0.3,Pb,zntA,ALE1,5.271188291830493
895,0.3,Pb,zntA,ALE1,6.378300803673938
896,0.3,Pb,zntA,ALE1,5.610341034103411
897,0.4,Pb,zntA,ALE1,7.743671210413036
898,0.4,Pb,zntA,ALE1,7.482636988384115
899,0.4,Pb,zntA,ALE1,8.058903216
900,0.6,Pb,zntA,ALE1,2.955119241823973
901,0.6,Pb,zntA,ALE1,4.522105263157894
902,0.6,Pb,zntA,ALE1,3.2537110172953834
903,1,Pb,zntA,ALE1,2.040216468590832
904,1,Pb,zntA,ALE1,2.9301868239921336
905,1,Pb,zntA,ALE1,2.3453171390013496
906,2,Pb,zntA,ALE1,1.886557439877359
907,2,Pb,zntA,ALE1,2.6160768689946097
908,2,Pb,zntA,ALE1,2.2656327543424313
909,0.01,Pb,zntA,ALE2,1.3599024173874474
910,0.01,Pb,zntA,ALE2,1.2518329938900206
911,0.01,Pb,zntA,ALE2,1.413923981255652
912,0.02,Pb,zntA,ALE2,1.4015080226806613
913,0.02,Pb,zntA,ALE2,1.3211267605633803
914,0.02,Pb,zntA,ALE2,1.4904015857069157
915,0.03,Pb,zntA,ALE2,1.5408706282810365
916,0.03,Pb,zntA,ALE2,1.4967389348686577
917,0.03,Pb,zntA,ALE2,1.4643091505650747
918,0.04,Pb,zntA,ALE2,1.6160288758059995
919,0.04,Pb,zntA,ALE2,1.4933958151700089
920,0.04,Pb,zntA,ALE2,1.6901372057569568
921,0.07,Pb,zntA,ALE2,1.9465872733736223
922,0.07,Pb,zntA,ALE2,2.509269124227573
923,0.07,Pb,zntA,ALE2,2.349972677595628
924,0.1,Pb,zntA,ALE2,2.3216135458167333
925,0.1,Pb,zntA,ALE2,2.182490680335508
926,0.1,Pb,zntA,ALE2,2.341914764800337
927,0.2,Pb,zntA,ALE2,2.7129549071618038
928,0.2,Pb,zntA,ALE2,2.7046213646467345
929,0.2,Pb,zntA,ALE2,2.6810301949509285
930,0.3,Pb,zntA,ALE2,3.254112973055569
931,0.3,Pb,zntA,ALE2,3.444674744897959
932,0.3,Pb,zntA,ALE2,3.054848291958413
933,0.4,Pb,zntA,ALE2,4.479392212725546
934,0.4,Pb,zntA,ALE2,4.378881008668244
935,0.4,Pb,zntA,ALE2,4.460712189
936,0.6,Pb,zntA,ALE2,4.383274364747507
937,0.6,Pb,zntA,ALE2,3.908182748
938,0.6,Pb,zntA,ALE2,4.634482759
939,1,Pb,zntA,ALE2,2.3324378109452737
940,1,Pb,zntA,ALE2,2.3416965352449224
941,1,Pb,zntA,ALE2,2.521127224
942,2,Pb,zntA,ALE2,0.9873432601880879
943,2,Pb,zntA,ALE2,1.108228064185729
944,2,Pb,zntA,ALE2,0.986691991
945,0.01,Pb,zntA,ALE3,1.5862244966488024
946,0.01,Pb,zntA,ALE3,1.6211371034900446
947,0.01,Pb,zntA,ALE3,1.3801290322580646
948,0.02,Pb,zntA,ALE3,1.3300116259757517
949,0.02,Pb,zntA,ALE3,1.675341652
950,0.02,Pb,zntA,ALE3,1.368673773168155
951,0.03,Pb,zntA,ALE3,1.496077935222672
952,0.03,Pb,zntA,ALE3,1.5978299120234603
953,0.03,Pb,zntA,ALE3,1.2752755799012645
954,0.04,Pb,zntA,ALE3,1.5055579986318772
955,0.04,Pb,zntA,ALE3,2.305316806900087
956,0.04,Pb,zntA,ALE3,1.6983499883801998
957,0.07,Pb,zntA,ALE3,1.806738715829625
958,0.07,Pb,zntA,ALE3,2.3233690873922983
959,0.07,Pb,zntA,ALE3,2.224490290673713
960,0.1,Pb,zntA,ALE3,2.4112374634762697
961,0.1,Pb,zntA,ALE3,2.7648508714358635
962,0.1,Pb,zntA,ALE3,2.504835772896025
963,0.2,Pb,zntA,ALE3,3.2452225247461763
964,0.2,Pb,zntA,ALE3,3.307707952003254
965,0.2,Pb,zntA,ALE3,3.1462872387727883
966,0.3,Pb,zntA,ALE3,3.7885003437035722
967,0.3,Pb,zntA,ALE3,4.377912164171706
968,0.3,Pb,zntA,ALE3,3.892088328
969,0.4,Pb,zntA,ALE3,5.607341772151898
970,0.4,Pb,zntA,ALE3,5.333450333450333
971,0.4,Pb,zntA,ALE3,5.6619932235074195
972,0.6,Pb,zntA,ALE3,5.436161012132743
973,0.6,Pb,zntA,ALE3,5.704395604395605
974,0.6,Pb,zntA,ALE3,3.4262911730315264
975,1,Pb,zntA,ALE3,4.908498406193078
976,1,Pb,zntA,ALE3,5.089543351806897
977,1,Pb,zntA,ALE3,4.0740579216354345
978,2,Pb,zntA,ALE3,2.4422857142857146
979,2,Pb,zntA,ALE3,3.2596756276383023
980,2,Pb,zntA,ALE3,3.5470668485675305
981,0.01,Pb,zntA,ALE4,1.0186688311688312
982,0.01,Pb,zntA,ALE4,1.0205833406323903
983,0.01,Pb,zntA,ALE4,1.012496937025239
984,0.02,Pb,zntA,ALE4,1.145963188384542
985,0.02,Pb,zntA,ALE4,1.0000844808650842
986,0.02,Pb,zntA,ALE4,1.096326287585591
987,0.03,Pb,zntA,ALE4,1.1403731169846398
988,0.03,Pb,zntA,ALE4,1.1719818966424589
989,0.03,Pb,zntA,ALE4,1.0958249671120959
990,0.04,Pb,zntA,ALE4,1.6188096987509182
991,0.04,Pb,zntA,ALE4,1.4826446280991739
992,0.04,Pb,zntA,ALE4,1.5174629324546955
993,0.07,Pb,zntA,ALE4,1.7349782196654806
994,0.07,Pb,zntA,ALE4,1.6806151833841412
995,0.07,Pb,zntA,ALE4,2.067826863007586
996,0.1,Pb,zntA,ALE4,1.8735324576783863
997,0.1,Pb,zntA,ALE4,1.9936072843932817
998,0.1,Pb,zntA,ALE4,2.3261498543054544
999,0.2,Pb,zntA,ALE4,2.5340022029596283
1000,0.2,Pb,zntA,ALE4,2.820188660896626
1001,0.2,Pb,zntA,ALE4,2.455189126255652
1002,0.3,Pb,zntA,ALE4,2.690797546
1003,0.3,Pb,zntA,ALE4,2.8580093892593896
1004,0.3,Pb,zntA,ALE4,2.998611111111111
1005,0.4,Pb,zntA,ALE4,4.199465717
1006,0.4,Pb,zntA,ALE4,3.8903783978641195
1007,0.4,Pb,zntA,ALE4,3.5607285267809026
1008,0.6,Pb,zntA,ALE4,3.799133215908038
1009,0.6,Pb,zntA,ALE4,4.2116816665905255
1010,0.6,Pb,zntA,ALE4,3.5636838667537556
1011,1,Pb,zntA,ALE4,2.5399467753807827
1012,1,Pb,zntA,ALE4,2.3875828812537674
1013,1,Pb,zntA,ALE4,2.639287643017721
1014,2,Pb,zntA,ALE4,2.572851317440402
1015,2,Pb,zntA,ALE4,1.9964880818949415
1016,2,Pb,zntA,ALE4,2.346957033549147
1017,0.01,Pb,zntA,ALE5,1.1386699030116365
1018,0.01,Pb,zntA,ALE5,1.1526320440036228
1019,0.01,Pb,zntA,ALE5,1.2057522808102674
1020,0.02,Pb,zntA,ALE5,1.0918128822356432
1021,0.02,Pb,zntA,ALE5,1.1329750327646781
1022,0.02,Pb,zntA,ALE5,1.2919777047874987
1023,0.03,Pb,zntA,ALE5,1.5178446909667194
1024,0.03,Pb,zntA,ALE5,1.2767785518260502
1025,0.03,Pb,zntA,ALE5,1.2542582842985444
1026,0.04,Pb,zntA,ALE5,1.4381944444444446
1027,0.04,Pb,zntA,ALE5,1.394747294211101
1028,0.04,Pb,zntA,ALE5,1.4069582198468575
1029,0.07,Pb,zntA,ALE5,1.8778106833388177
1030,0.07,Pb,zntA,ALE5,1.633217115689382
1031,0.07,Pb,zntA,ALE5,1.7063086662300806
1032,0.1,Pb,zntA,ALE5,1.835808349677781
1033,0.1,Pb,zntA,ALE5,1.9227309422211967
1034,0.1,Pb,zntA,ALE5,1.9159663865546217
1035,0.2,Pb,zntA,ALE5,2.454768392370572
1036,0.2,Pb,zntA,ALE5,2.465992097908837
1037,0.2,Pb,zntA,ALE5,2.493000173120203
1038,0.3,Pb,zntA,ALE5,3.121593160254405
1039,0.3,Pb,zntA,ALE5,3.180845107532194
1040,0.3,Pb,zntA,ALE5,3.093301005747127
1041,0.4,Pb,zntA,ALE5,3.941009122543027
1042,0.4,Pb,zntA,ALE5,4.092418661755678
1043,0.4,Pb,zntA,ALE5,3.8924731182795704
1044,0.6,Pb,zntA,ALE5,4.210181286
1045,0.6,Pb,zntA,ALE5,4.0907839602416685
1046,0.6,Pb,zntA,ALE5,4.3026597582037995
1047,1,Pb,zntA,ALE5,2.9219053934571177
1048,1,Pb,zntA,ALE5,2.9066920503057574
1049,1,Pb,zntA,ALE5,2.723307021188201
1050,2,Pb,zntA,ALE5,1.0442584844258485
1051,2,Pb,zntA,ALE5,1.0785849952516617
1052,2,Pb,zntA,ALE5,1.1599860675722744
1053,0,0,0,0,1.3238587424633939
1054,0,0,0,0,1.253062540296583
1055,0,0,0,0,1.2586513994910942
1056,0.01,Cu,cusC,ALE5,2.104939479495709
1057,0.01,Cu,cusC,ALE5,1.860467184574816
1058,0.01,Cu,cusC,ALE5,1.4029467644727405
1059,0.02,Cu,cusC,ALE5,2.3772294540509034
1060,0.02,Cu,cusC,ALE5,1.4091778202676861
1061,0.02,Cu,cusC,ALE5,1.4613192182410422
1062,0.03,Cu,cusC,ALE5,2.541292996370156
1063,0.03,Cu,cusC,ALE5,1.4434120016721774
1064,0.03,Cu,cusC,ALE5,3.720510404900834
1065,0.04,Cu,cusC,ALE5,1.1396149245153142
1066,0.04,Cu,cusC,ALE5,2.409792045225116
1067,0.04,Cu,cusC,ALE5,5.358739380919832
1068,0.06,Cu,cusC,ALE5,0.8710232287949543
1069,0.06,Cu,cusC,ALE5,2.251582781295069
1070,0.06,Cu,cusC,ALE5,1.9314077780304755
1071,0.1,Cu,cusC,ALE5,0.4975436393495623
1072,0.1,Cu,cusC,ALE5,1.511840969706426
1073,0.1,Cu,cusC,ALE5,4.640926508323562
1074,0.2,Cu,cusC,ALE5,1.1747349674076786
1075,0.2,Cu,cusC,ALE5,3.1500913680428657
1076,0.2,Cu,cusC,ALE5,5.544350234098436
1077,0.3,Cu,cusC,ALE5,2.5739196577133345
1078,0.3,Cu,cusC,ALE5,2.8574215018952147
1079,0.3,Cu,cusC,ALE5,6.899317355713822
1080,0.4,Cu,cusC,ALE5,5.650310726169504
1081,0.4,Cu,cusC,ALE5,3.797428654208315
1082,0.4,Cu,cusC,ALE5,5.404028562
1083,0.6,Cu,cusC,ALE5,6.832813272200598
1084,0.6,Cu,cusC,ALE5,6.546965574352302
1085,0.6,Cu,cusC,ALE5,6.322181963952574
1086,1,Cu,cusC,ALE5,10.037206632733511
1087,1,Cu,cusC,ALE5,10.37997363
1088,1,Cu,cusC,ALE5,11.964467487260569
1089,2,Cu,cusC,ALE5,13.733183299374542
1090,2,Cu,cusC,ALE5,13.359533161484169
1091,2,Cu,cusC,ALE5,13.42493558157407
1092,0.001,As,arsR,ALE1,0.9864934738254284
1093,0.001,As,arsR,ALE1,1.0697958596894765
1094,0.001,As,arsR,ALE1,1.9439424375365306
1095,0.002,As,arsR,ALE1,1.0261160398370168
1096,0.002,As,arsR,ALE1,0.9574298386678426
1097,0.002,As,arsR,ALE1,1.8146856533953308
1098,0.004,As,arsR,ALE1,1.0287920832782746
1099,0.004,As,arsR,ALE1,1.0394803871625065
1100,0.004,As,arsR,ALE1,1.8562787120377493
1101,0.008,As,arsR,ALE1,0.7973978354123301
1102,0.008,As,arsR,ALE1,0.8324274973147154
1103,0.008,As,arsR,ALE1,2.077944368721288
1104,0.02,As,arsR,ALE1,1.0254681647940074
1105,0.02,As,arsR,ALE1,0.6266344799839068
1106,0.02,As,arsR,ALE1,2.0118765171359216
1107,0.03,As,arsR,ALE1,0.9424370524812384
1108,0.03,As,arsR,ALE1,0.6988696039163329
1109,0.03,As,arsR,ALE1,1.9296430419037764
1110,0.06,As,arsR,ALE1,0.9222126653048058
1111,0.06,As,arsR,ALE1,1.0093339661445975
1112,0.06,As,arsR,ALE1,1.9833319443286939
1113,0.1,As,arsR,ALE1,1.089160488879984
1114,0.1,As,arsR,ALE1,1.2302705307513002
1115,0.1,As,arsR,ALE1,1.9714446634750777
1116,0.25,As,arsR,ALE1,1.092519119084584
1117,0.25,As,arsR,ALE1,1.0508253446026434
1118,0.25,As,arsR,ALE1,1.8786335812906592
1119,0.5,As,arsR,ALE1,1.2651414395170861
1120,0.5,As,arsR,ALE1,1.075866889119358
1121,0.5,As,arsR,ALE1,1.947794779477948
1122,1,As,arsR,ALE1,1.2641148128320225
1123,1,As,arsR,ALE1,1.4753090189031461
1124,1,As,arsR,ALE1,1.2982176110667731
1125,2,As,arsR,ALE1,1.622532483758121
1126,2,As,arsR,ALE1,1.7690755406640266
1127,2,As,arsR,ALE1,1.5985592938041304
1128,0.01,Pb,zraP,ALE5,1.7411508835523333
1129,0.01,Pb,zraP,ALE5,1.440526821237481
1130,0.01,Pb,zraP,ALE5,1
1131,0.02,Pb,zraP,ALE5,1.5592036325532659
1132,0.02,Pb,zraP,ALE5,1.3404395604395605
1133,0.02,Pb,zraP,ALE5,0.9276225377920292
1134,0.03,Pb,zraP,ALE5,1.411376497956894
1135,0.03,Pb,zraP,ALE5,1.2256944444444444
1136,0.03,Pb,zraP,ALE5,1
1137,0.04,Pb,zraP,ALE5,1.492169340395534
1138,0.04,Pb,zraP,ALE5,1.3159960314470147
1139,0.04,Pb,zraP,ALE5,1
1140,0.07,Pb,zraP,ALE5,1.333094692630775
1141,0.07,Pb,zraP,ALE5,1.4004519938762119
1142,0.07,Pb,zraP,ALE5,1.0082346599252745
1143,0.1,Pb,zraP,ALE5,1.4452188458321715
1144,0.1,Pb,zraP,ALE5,1.2884267631103075
1145,0.1,Pb,zraP,ALE5,0.8204301627226529
1146,0.2,Pb,zraP,ALE5,1.4800532079440698
1147,0.2,Pb,zraP,ALE5,1.352425440172476
1148,0.2,Pb,zraP,ALE5,0.9525037106476056
1149,0.3,Pb,zraP,ALE5,1.4393573682475391
1150,0.3,Pb,zraP,ALE5,1.1516008829183775
1151,0.3,Pb,zraP,ALE5,0.9071349695436899
1152,0.4,Pb,zraP,ALE5,0.9109453165430396
1153,0.4,Pb,zraP,ALE5,0.9089052287581698
1154,0.4,Pb,zraP,ALE5,0.7367483480746526
1155,0.6,Pb,zraP,ALE5,1.169351250333719
1156,0.6,Pb,zraP,ALE5,1.078196769891836
1157,0.6,Pb,zraP,ALE5,1.1812909028876275
1158,1,Pb,zraP,ALE5,1.2477027268445584
1159,1,Pb,zraP,ALE5,1.474236390948759
1160,1,Pb,zraP,ALE5,1.4595801002500384
1161,2,Pb,zraP,ALE5,2.203378512516017
1162,2,Pb,zraP,ALE5,2.5172072507860532
1163,2,Pb,zraP,ALE5,2.3571160873231523
1164,0.01,Cu,cusC,MG,1.188796625807302
1165,0.01,Cu,cusC,MG,1.1965038675267377
1166,0.01,Cu,cusC,MG,1.1446661292489588
1167,0.02,Cu,cusC,MG,1.1996309136361494
1168,0.02,Cu,cusC,MG,1.1653821451509312
1169,0.02,Cu,cusC,MG,1.1926342022495868
1170,0.03,Cu,cusC,MG,1.2249984704802692
1171,0.03,Cu,cusC,MG,1.2477203275883144
1172,0.03,Cu,cusC,MG,1.216924427226779
1173,0.04,Cu,cusC,MG,1.2200138744363511
1174,0.04,Cu,cusC,MG,1.2649012320187212
1175,0.04,Cu,cusC,MG,1.1647972389991372
1176,0.06,Cu,cusC,MG,1.1783620200491773
1177,0.06,Cu,cusC,MG,1.175120896
1178,0.06,Cu,cusC,MG,1.3098697434858413
1179,0.1,Cu,cusC,MG,1.2907867500928814
1180,0.1,Cu,cusC,MG,1.3367421475529582
1181,0.1,Cu,cusC,MG,1.3624127647062354
1182,0.2,Cu,cusC,MG,1.3065449714054649
1183,0.2,Cu,cusC,MG,1.352529133458229
1184,0.2,Cu,cusC,MG,1.550655143221763
1185,0.3,Cu,cusC,MG,2.293376521836256
1186,0.3,Cu,cusC,MG,2.1040366759901357
1187,0.3,Cu,cusC,MG,2.143598664591031
1188,0.4,Cu,cusC,MG,2.8695548085267686
1189,0.4,Cu,cusC,MG,2.987444041217451
1190,0.4,Cu,cusC,MG,2.5014920291596576
1191,0.6,Cu,cusC,MG,5.539483684326657
1192,0.6,Cu,cusC,MG,4.793201528421776
1193,0.6,Cu,cusC,MG,4.091516840831103
1194,1,Cu,cusC,MG,7.986469787
1195,1,Cu,cusC,MG,5.923099850968703
1196,1,Cu,cusC,MG,7.721767313866381
1197,2,Cu,cusC,MG,11.846284418442384
1198,2,Cu,cusC,MG,10.99726923607598
1199,2,Cu,cusC,MG,11.766006869304535
1200,0.001,As,arsR,MG,1.2981872836582253
1201,0.001,As,arsR,MG,1.284432750476506
1202,0.001,As,arsR,MG,1.2457627118644068
1203,0.002,As,arsR,MG,1.4234536082474227
1204,0.002,As,arsR,MG,1.4420021762785633
1205,0.002,As,arsR,MG,1.2810476938424638
1206,0.004,As,arsR,MG,1.3930909090909092
1207,0.004,As,arsR,MG,1.3566602888636787
1208,0.004,As,arsR,MG,1.4441889593030863
1209,0.008,As,arsR,MG,1.3724642381003855
1210,0.008,As,arsR,MG,1.4268774703557314
1211,0.008,As,arsR,MG,1.4817815327045116
1212,0.02,As,arsR,MG,1.5836260330578513
1213,0.02,As,arsR,MG,1.4924939898495238
1214,0.02,As,arsR,MG,1.7259340845547742
1215,0.03,As,arsR,MG,1.5728942459463338
1216,0.03,As,arsR,MG,1.4149732620320856
1217,0.03,As,arsR,MG,1.7204840613931522
1218,0.06,As,arsR,MG,1.8267372532894735
1219,0.06,As,arsR,MG,1.7357926598562239
1220,0.06,As,arsR,MG,1.9472680572851808
1221,0.1,As,arsR,MG,2.1417657300672426
1222,0.1,As,arsR,MG,2.277306422906119
1223,0.1,As,arsR,MG,1.9463380527879741
1224,0.25,As,arsR,MG,2.7798254122211445
1225,0.25,As,arsR,MG,2.633036560658724
1226,0.25,As,arsR,MG,2.651699007179413
1227,0.5,As,arsR,MG,3.2503588271478367
1228,0.5,As,arsR,MG,2.925222925222925
1229,0.5,As,arsR,MG,2.929284525790349
1230,1,As,arsR,MG,3.5576729795242694
1231,1,As,arsR,MG,3.4892477132723543
1232,1,As,arsR,MG,3.344206495532548
1233,2,As,arsR,MG,4.062262626262626
1234,2,As,arsR,MG,3.7191296222133228
1235,2,As,arsR,MG,3.7582746102925473
1236,0.001,Cd,zntA,MG,1.581054688
1237,0.001,Cd,zntA,MG,1.5348299004859987
1238,0.001,Cd,zntA,MG,1.555919513336453
1239,0.002,Cd,zntA,MG,1.5274914089347078
1240,0.002,Cd,zntA,MG,1.5898657427457774
1241,0.002,Cd,zntA,MG,1.5757309298746978
1242,0.004,Cd,zntA,MG,1.6471447689908771
1243,0.004,Cd,zntA,MG,1.5351742274819196
1244,0.004,Cd,zntA,MG,1.5692086074142064
1245,0.008,Cd,zntA,MG,1.6348360655737704
1246,0.008,Cd,zntA,MG,1.8378712871287128
1247,0.008,Cd,zntA,MG,1.7382063795176461
1248,0.02,Cd,zntA,MG,1.730830330907165
1249,0.02,Cd,zntA,MG,2.1361236802413273
1250,0.02,Cd,zntA,MG,1.9079573577003617
1251,0.03,Cd,zntA,MG,2.1861156646715716
1252,0.03,Cd,zntA,MG,2.3665776862959507
1253,0.03,Cd,zntA,MG,2.498898678414097
1254,0.06,Cd,zntA,MG,2.4509561550207226
1255,0.06,Cd,zntA,MG,2.8739015817223197
1256,0.06,Cd,zntA,MG,2.9190264885109336
1257,0.1,Cd,zntA,MG,2.5730728024080403
1258,0.1,Cd,zntA,MG,2.4873289860631633
1259,0.1,Cd,zntA,MG,3.389224888716857
1260,0.25,Cd,zntA,MG,3.458852647
1261,0.25,Cd,zntA,MG,3.6845865266754982
1262,0.25,Cd,zntA,MG,4.323150282959547
1263,0.5,Cd,zntA,MG,3.694935691318328
1264,0.5,Cd,zntA,MG,3.9186077769077032
1265,0.5,Cd,zntA,MG,4.561355058455306
1266,1,Cd,zntA,MG,4.110177808935059
1267,1,Cd,zntA,MG,4.331348490316373
1268,1,Cd,zntA,MG,4.653255312596243
1269,2,Cd,zntA,MG,4.424431855180048
1270,2,Cd,zntA,MG,5.134943543125089
1271,2,Cd,zntA,MG,3.874979458647322
1272,0.001,Hg,merR,MG,1.6224209237309675
1273,0.001,Hg,merR,MG,1.2702047152420683
1274,0.001,Hg,merR,MG,1.446627958910228
1275,0.002,Hg,merR,MG,1.4375904172212257
1276,0.002,Hg,merR,MG,1.3482317205467562
1277,0.002,Hg,merR,MG,1.3937725058250372
1278,0.004,Hg,merR,MG,1.6498620188816269
1279,0.004,Hg,merR,MG,1.2005440531963125
1280,0.004,Hg,merR,MG,1.4900014596409281
1281,0.006,Hg,merR,MG,2.3549310951057674
1282,0.006,Hg,merR,MG,2.8462222892474744
1283,0.006,Hg,merR,MG,3.301958402914832
1284,0.01,Hg,merR,MG,4.741305296344776
1285,0.01,Hg,merR,MG,9.353640135797813
1286,0.01,Hg,merR,MG,7.194357366771159
1287,0.02,Hg,merR,MG,13.619396060340943
1288,0.02,Hg,merR,MG,13.598423834183096
1289,0.02,Hg,merR,MG,16.742009325985585
1290,0.04,Hg,merR,MG,15.970878057364068
1291,0.04,Hg,merR,MG,16.612357210851975
1292,0.04,Hg,merR,MG,18.433202357563854
1293,0.06,Hg,merR,MG,22.00540540540541
1294,0.06,Hg,merR,MG,19.88454298
1295,0.06,Hg,merR,MG,25.986410424726607
1296,0.1,Hg,merR,MG,25.054114527223007
1297,0.1,Hg,merR,MG,21.86601093915097
1298,0.1,Hg,merR,MG,20.505857142857142
1299,0.2,Hg,merR,MG,32.13335369907815
1300,0.2,Hg,merR,MG,20.528098155823873
1301,0.2,Hg,merR,MG,1.5803385114769302
1302,0.4,Hg,merR,MG,0.8776353516613256
1303,0.4,Hg,merR,MG,1.6158350305498983
1304,0.4,Hg,merR,MG,1.05
1305,0.6,Hg,merR,MG,0.875398452
1306,0.6,Hg,merR,MG,1
1307,0.6,Hg,merR,MG,1
1308,0,0,0,MG,1.0168496650783785
1309,0,0,0,MG,1.020457033388068
1310,0,0,0,MG,1
1311,0.01,Pb,zraP,MG,1.2413662239089185
1312,0.01,Pb,zraP,MG,1.208358755338621
1313,0.01,Pb,zraP,MG,1.125229826353422
1314,0.02,Pb,zraP,MG,1.094865243550647
1315,0.02,Pb,zraP,MG,1.342423523832108
1316,0.02,Pb,zraP,MG,1.1374491769628547
1317,0.03,Pb,zraP,MG,1.3218459495351926
1318,0.03,Pb,zraP,MG,1.280980520901729
1319,0.03,Pb,zraP,MG,0.9971974728657056
1320,0.04,Pb,zraP,MG,1.211605415860735
1321,0.04,Pb,zraP,MG,1.2158757255035848
1322,0.04,Pb,zraP,MG,1.0913470311302509
1323,0.06,Pb,zraP,MG,1.2358077077549026
1324,0.06,Pb,zraP,MG,1.239828192112456
1325,0.06,Pb,zraP,MG,1.3625025725457913
1326,0.1,Pb,zraP,MG,1.3033089815212722
1327,0.1,Pb,zraP,MG,1.0478524419812953
1328,0.1,Pb,zraP,MG,1.181069679
1329,0.2,Pb,zraP,MG,1.2891634279262651
1330,0.2,Pb,zraP,MG,1.6782084010211187
1331,0.2,Pb,zraP,MG,1.1583018751160343
1332,0.3,Pb,zraP,MG,1.8574803149606298
1333,0.3,Pb,zraP,MG,1.5153214774281805
1334,0.3,Pb,zraP,MG,1.558682895022821
1335,0.4,Pb,zraP,MG,1.922417746880054
1336,0.4,Pb,zraP,MG,1.8097571942446045
1337,0.4,Pb,zraP,MG,1.7296379404451452
1338,0.6,Pb,zraP,MG,2.364596794305017
1339,0.6,Pb,zraP,MG,2.142190812720848
1340,0.6,Pb,zraP,MG,2.0839634941329854
1341,1,Pb,zraP,MG,2.596609468678933
1342,1,Pb,zraP,MG,2.864897698209719
1343,1,Pb,zraP,MG,2.9043088737201366
1344,2,Pb,zraP,MG,3.868669438669439
1345,2,Pb,zraP,MG,3.7209195125861796
1346,2,Pb,zraP,MG,4.124919648596529
1347,0.01,Pb,zntA,MG,1.440472035880931
1348,0.01,Pb,zntA,MG,1.3410966196433325
1349,0.01,Pb,zntA,MG,1.4194722474977253
1350,0.02,Pb,zntA,MG,1.3476577825438758
1351,0.02,Pb,zntA,MG,1.4836856617647058
1352,0.02,Pb,zntA,MG,1.5753931544865867
1353,0.03,Pb,zntA,MG,1.517675050985724
1354,0.03,Pb,zntA,MG,1.4071521234914102
1355,0.03,Pb,zntA,MG,1.5101102941176472
1356,0.04,Pb,zntA,MG,1.550964187327824
1357,0.04,Pb,zntA,MG,1.6046823282473561
1358,0.04,Pb,zntA,MG,1.631081392667743
1359,0.07,Pb,zntA,MG,1.5927255196057424
1360,0.07,Pb,zntA,MG,1.4911105698977105
1361,0.07,Pb,zntA,MG,1.5679638129448548
1362,0.1,Pb,zntA,MG,1.7689451845381088
1363,0.1,Pb,zntA,MG,1.6106201318154583
1364,0.1,Pb,zntA,MG,1.8432361324270994
1365,0.2,Pb,zntA,MG,2.218680203045685
1366,0.2,Pb,zntA,MG,2.0736905297913855
1367,0.2,Pb,zntA,MG,2.235074390629946
1368,0.3,Pb,zntA,MG,2.6138172556510666
1369,0.3,Pb,zntA,MG,2.542919730871538
1370,0.3,Pb,zntA,MG,2.4404716073147252
1371,0.4,Pb,zntA,MG,2.8105684280713454
1372,0.4,Pb,zntA,MG,2.5197195442594214
1373,0.4,Pb,zntA,MG,2.673735886
1374,0.6,Pb,zntA,MG,3.3538965126526503
1375,0.6,Pb,zntA,MG,3.0201859832161486
1376,0.6,Pb,zntA,MG,2.7286571016473093
1377,1,Pb,zntA,MG,3.643254376930999
1378,1,Pb,zntA,MG,3.9303710490151174
1379,1,Pb,zntA,MG,3.2236144137552594
1380,2,Pb,zntA,MG,1.781848550316806
1381,2,Pb,zntA,MG,3.004023668639053
1382,2,Pb,zntA,MG,3.9396156739383166
1383,0,0,0,0,2.089900387382402
1384,0,0,0,0,1.0843388030888033
1385,0,0,0,0,1.7242499248851813
1386,0.01,Cd,cadC,ALE1,0.8648391696980191
1387,0.01,Cd,cadC,ALE1,0.6848961889761536
1388,0.01,Cd,cadC,ALE1,0.8367892592044698
1389,0.02,Cd,cadC,ALE1,0.6698905250804429
1390,0.02,Cd,cadC,ALE1,0.6805395581887196
1391,0.02,Cd,cadC,ALE1,0.7727934688383645
1392,0.03,Cd,cadC,ALE1,0.6914401620652362
1393,0.03,Cd,cadC,ALE1,0.65583148
1394,0.03,Cd,cadC,ALE1,0.7748705169024366
1395,0.04,Cd,cadC,ALE1,0.6706876715318042
1396,0.04,Cd,cadC,ALE1,0.6848806488216901
1397,0.04,Cd,cadC,ALE1,0.6521804611559832
1398,0.06,Cd,cadC,ALE1,0.6390413877968218
1399,0.06,Cd,cadC,ALE1,0.6875359283948165
1400,0.06,Cd,cadC,ALE1,0.6727455484297843
1401,0.1,Cd,cadC,ALE1,0.8376356072980641
1402,0.1,Cd,cadC,ALE1,0.660838021
1403,0.1,Cd,cadC,ALE1,0.8470090141751182
1404,0.2,Cd,cadC,ALE1,0.8077991787407416
1405,0.2,Cd,cadC,ALE1,0.6262273869786854
1406,0.2,Cd,cadC,ALE1,0.7031820258139284
1407,0.3,Cd,cadC,ALE1,0.8172180851111793
1408,0.3,Cd,cadC,ALE1,0.8426675151064126
1409,0.3,Cd,cadC,ALE1,0.6018941592410908
1410,0.4,Cd,cadC,ALE1,0.6333416347246709
1411,0.4,Cd,cadC,ALE1,0.65151194
1412,0.4,Cd,cadC,ALE1,0.8212204227836609
1413,0.6,Cd,cadC,ALE1,0.6460536966246745
1414,0.6,Cd,cadC,ALE1,0.6601872340855129
1415,0.6,Cd,cadC,ALE1,0.5970521319405682
1416,1,Cd,cadC,ALE1,0.8652616572383034
1417,1,Cd,cadC,ALE1,0.6686322412552752
1418,1,Cd,cadC,ALE1,0.6401212729315323
1419,2,Cd,cadC,ALE1,0.7203587804191423
1420,2,Cd,cadC,ALE1,0.702471059
1421,2,Cd,cadC,ALE1,0.8569785785706993
1422,0,Cd,cadC,ALE1,0.6522098715741419
1423,0,Cd,cadC,ALE1,0.6757911998647921
1424,0,Cd,cadC,ALE1,0.6445973518547848
1425,0.01,Cd,cadC,ALE2,0.8197442656305727
1426,0.01,Cd,cadC,ALE2,0.7192362776005022
1427,0.01,Cd,cadC,ALE2,0.7472909282817621
1428,0.02,Cd,cadC,ALE2,0.6731581307374285
1429,0.02,Cd,cadC,ALE2,0.840749495
1430,0.02,Cd,cadC,ALE2,0.7501349884367163
1431,0.03,Cd,cadC,ALE2,0.9087265487229976
1432,0.03,Cd,cadC,ALE2,0.8540008940545374
1433,0.03,Cd,cadC,ALE2,0.8836261728418827
1434,0.04,Cd,cadC,ALE2,0.7150716735799217
1435,0.04,Cd,cadC,ALE2,0.7609166943459776
1436,0.04,Cd,cadC,ALE2,0.7541521923349092
1437,0.06,Cd,cadC,ALE2,0.7444808510829583
1438,0.06,Cd,cadC,ALE2,0.7856795028685335
1439,0.06,Cd,cadC,ALE2,0.7417588665887962
1440,0.1,Cd,cadC,ALE2,0.721723866
1441,0.1,Cd,cadC,ALE2,0.8558293757212718
1442,0.1,Cd,cadC,ALE2,0.7609018538621007
1443,0.2,Cd,cadC,ALE2,0.9998193188750805
1444,0.2,Cd,cadC,ALE2,0.78580244
1445,0.2,Cd,cadC,ALE2,0.8820655746165823
1446,0.3,Cd,cadC,ALE2,0.8585411932595612
1447,0.3,Cd,cadC,ALE2,0.7484108715248933
1448,0.3,Cd,cadC,ALE2,0.7508194400792357
1449,0.4,Cd,cadC,ALE2,0.7587445278238251
1450,0.4,Cd,cadC,ALE2,0.7279640288048523
1451,0.4,Cd,cadC,ALE2,0.8493678124477538
1452,0.6,Cd,cadC,ALE2,0.7240702409396771
1453,0.6,Cd,cadC,ALE2,0.7548310992624949
1454,0.6,Cd,cadC,ALE2,0.8333457227559149
1455,1,Cd,cadC,ALE2,0.7914299499389057
1456,1,Cd,cadC,ALE2,0.766430371
1457,1,Cd,cadC,ALE2,0.7279325933751526
1458,2,Cd,cadC,ALE2,0.7914435022441657
1459,2,Cd,cadC,ALE2,0.8564276383571141
1460,2,Cd,cadC,ALE2,0.8256644648711692
1461,0,Cd,cadC,ALE2,0.6666208795162359
1462,0,Cd,cadC,ALE2,0.6824974156496348
1463,0,Cd,cadC,ALE2,0.7537046948616035
1464,0.01,Cd,cadC,ALE3,0.5720955763787022
1465,0.01,Cd,cadC,ALE3,0.6327371210145817
1466,0.01,Cd,cadC,ALE3,0.6317625402497451
1467,0.02,Cd,cadC,ALE3,0.6083074524002688
1468,0.02,Cd,cadC,ALE3,0.6596168208042095
1469,0.02,Cd,cadC,ALE3,0.6829258309633153
1470,0.03,Cd,cadC,ALE3,0.6062758341613684
1471,0.03,Cd,cadC,ALE3,0.6604766705802931
1472,0.03,Cd,cadC,ALE3,0.7065310495126436
1473,0.04,Cd,cadC,ALE3,0.6272462337967748
1474,0.04,Cd,cadC,ALE3,0.7351632345571264
1475,0.04,Cd,cadC,ALE3,0.6991607220424813
1476,0.06,Cd,cadC,ALE3,0.6861228535250402
1477,0.06,Cd,cadC,ALE3,0.6918259877387922
1478,0.06,Cd,cadC,ALE3,0.707403442
1479,0.1,Cd,cadC,ALE3,0.6749637841366349
1480,0.1,Cd,cadC,ALE3,0.669732422
1481,0.1,Cd,cadC,ALE3,0.7130422315497781
1482,0.2,Cd,cadC,ALE3,0.6874681798568613
1483,0.2,Cd,cadC,ALE3,0.6851894103105087
1484,0.2,Cd,cadC,ALE3,0.7259254068154725
1485,0.3,Cd,cadC,ALE3,0.6575964957051568
1486,0.3,Cd,cadC,ALE3,0.7158976690848624
1487,0.3,Cd,cadC,ALE3,0.8858171808678537
1488,0.4,Cd,cadC,ALE3,0.6492559491025048
1489,0.4,Cd,cadC,ALE3,0.8595192056724901
1490,0.4,Cd,cadC,ALE3,0.756561555
1491,0.6,Cd,cadC,ALE3,0.6055690915782151
1492,0.6,Cd,cadC,ALE3,0.6687332923832924
1493,0.6,Cd,cadC,ALE3,0.6563472109527253
1494,1,Cd,cadC,ALE3,0.6232021458783715
1495,1,Cd,cadC,ALE3,0.6793973981355604
1496,1,Cd,cadC,ALE3,0.6652026268851836
1497,2,Cd,cadC,ALE3,0.8267759553966201
1498,2,Cd,cadC,ALE3,0.7199826333043302
1499,2,Cd,cadC,ALE3,0.6985264004696129
1500,0,Cd,cadC,ALE3,0.5918577015660864
1501,0,Cd,cadC,ALE3,0.7447143310995099
1502,0,Cd,cadC,ALE3,0.546898199
1503,0.01,Cd,cadC,ALE4,0.6594542508161534
1504,0.01,Cd,cadC,ALE4,0.766911303
1505,0.01,Cd,cadC,ALE4,0.6731242326358581
1506,0.02,Cd,cadC,ALE4,0.7531747858654144
1507,0.02,Cd,cadC,ALE4,0.7497236854927284
1508,0.02,Cd,cadC,ALE4,0.7277655107941112
1509,0.03,Cd,cadC,ALE4,0.7878050410726812
1510,0.03,Cd,cadC,ALE4,0.7433283552515878
1511,0.03,Cd,cadC,ALE4,0.7466333399573933
1512,0.04,Cd,cadC,ALE4,0.7851548031677592
1513,0.04,Cd,cadC,ALE4,0.7394210640058803
1514,0.04,Cd,cadC,ALE4,0.7441666839913874
1515,0.06,Cd,cadC,ALE4,0.7381960243605578
1516,0.06,Cd,cadC,ALE4,0.7173533252009097
1517,0.06,Cd,cadC,ALE4,0.7449115192649359
1518,0.1,Cd,cadC,ALE4,0.7664011826449634
1519,0.1,Cd,cadC,ALE4,0.7852817091355084
1520,0.1,Cd,cadC,ALE4,0.8032217746951121
1521,0.2,Cd,cadC,ALE4,0.7395940368646403
1522,0.2,Cd,cadC,ALE4,0.7400275163436282
1523,0.2,Cd,cadC,ALE4,0.7337149575470081
1524,0.3,Cd,cadC,ALE4,0.715878715
1525,0.3,Cd,cadC,ALE4,0.8983418816128425
1526,0.3,Cd,cadC,ALE4,0.7229043403085944
1527,0.4,Cd,cadC,ALE4,0.716467027
1528,0.4,Cd,cadC,ALE4,0.7007058368517742
1529,0.4,Cd,cadC,ALE4,0.7363429816653001
1530,0.6,Cd,cadC,ALE4,0.7394860495964388
1531,0.6,Cd,cadC,ALE4,0.7163435894045425
1532,0.6,Cd,cadC,ALE4,0.7880870113355672
1533,1,Cd,cadC,ALE4,0.861370462
1534,1,Cd,cadC,ALE4,0.8514153903723987
1535,1,Cd,cadC,ALE4,0.7547681835309447
1536,2,Cd,cadC,ALE4,0.6708747009320676
1537,2,Cd,cadC,ALE4,0.7009666226807769
1538,2,Cd,cadC,ALE4,0.7220227231789257
1539,0,Cd,cadC,ALE4,0.690671722
1540,0,Cd,cadC,ALE4,0.7573908994033377
1541,0,Cd,cadC,ALE4,0.7106520276010968
1542,0.01,Cd,cadC,ALE5,0.6150206823294805
1543,0.01,Cd,cadC,ALE5,0.6417995200994295
1544,0.01,Cd,cadC,ALE5,0.621309728
1545,0.02,Cd,cadC,ALE5,0.6628224859660027
1546,0.02,Cd,cadC,ALE5,0.672430551
1547,0.02,Cd,cadC,ALE5,0.6914929631302306
1548,0.03,Cd,cadC,ALE5,0.6525549327378155
1549,0.03,Cd,cadC,ALE5,0.6831082882818296
1550,0.03,Cd,cadC,ALE5,0.6729336802252827
1551,0.04,Cd,cadC,ALE5,0.6529348984171933
1552,0.04,Cd,cadC,ALE5,0.7262688335120225
1553,0.04,Cd,cadC,ALE5,0.7049434045874393
1554,0.06,Cd,cadC,ALE5,0.6639797851940032
1555,0.06,Cd,cadC,ALE5,0.7154655772681086
1556,0.06,Cd,cadC,ALE5,0.6627812345792236
1557,0.1,Cd,cadC,ALE5,0.677146824
1558,0.1,Cd,cadC,ALE5,0.7144196162399522
1559,0.1,Cd,cadC,ALE5,0.6601880459042899
1560,0.2,Cd,cadC,ALE5,0.7085038661291174
1561,0.2,Cd,cadC,ALE5,0.7401148900349886
1562,0.2,Cd,cadC,ALE5,0.7776163328360712
1563,0.3,Cd,cadC,ALE5,0.6665587750651947
1564,0.3,Cd,cadC,ALE5,0.6783187749041414
1565,0.3,Cd,cadC,ALE5,0.7704219498987499
1566,0.4,Cd,cadC,ALE5,0.6978429488681632
1567,0.4,Cd,cadC,ALE5,0.7849792479242762
1568,0.4,Cd,cadC,ALE5,0.6998000671009219
1569,0.6,Cd,cadC,ALE5,0.6885357840939255
1570,0.6,Cd,cadC,ALE5,0.6452011515032557
1571,0.6,Cd,cadC,ALE5,0.7792303512866406
1572,1,Cd,cadC,ALE5,0.6485611140245401
1573,1,Cd,cadC,ALE5,0.7544467301022493
1574,1,Cd,cadC,ALE5,0.7866495874980486
1575,2,Cd,cadC,ALE5,0.7110229799473576
1576,2,Cd,cadC,ALE5,0.684778919
1577,2,Cd,cadC,ALE5,0.7613934646783895
1578,0,Cd,cadC,ALE5,0.6558964120363797
1579,0,Cd,cadC,ALE5,0.7014410838810792
1580,0,Cd,cadC,ALE5,0.7006885613719648
1581,0,Cd,cadC,MG,0.7615557303758851
1582,0,Cd,cadC,MG,0.8948794364670822
1583,0,Cd,cadC,MG,0.7729885057471265
1584,0.01,Cd,cadC,MG,0.7681304391317396
1585,0.01,Cd,cadC,MG,0.8665289990230038
1586,0.01,Cd,cadC,MG,0.876772083
1587,0.02,Cd,cadC,MG,0.8237903951076204
1588,0.02,Cd,cadC,MG,0.8103908103908104
1589,0.02,Cd,cadC,MG,0.8415551839464883
1590,0.03,Cd,cadC,MG,0.8466509475155009
1591,0.03,Cd,cadC,MG,0.9710134327994343
1592,0.03,Cd,cadC,MG,0.841203194
1593,0.04,Cd,cadC,MG,0.8520342057527857
1594,0.04,Cd,cadC,MG,0.7922119374401533
1595,0.04,Cd,cadC,MG,0.8583901773533424
1596,0.06,Cd,cadC,MG,0.8512461059190031
1597,0.06,Cd,cadC,MG,0.929564805
1598,0.06,Cd,cadC,MG,0.7596550193417464
1599,0.1,Cd,cadC,MG,0.7971577507779518
1600,0.1,Cd,cadC,MG,0.8873415461524727
1601,0.1,Cd,cadC,MG,0.9129407178187666
1602,0.2,Cd,cadC,MG,0.8061909841570858
1603,0.2,Cd,cadC,MG,0.865836042
1604,0.2,Cd,cadC,MG,0.7926554828150573
1605,0.3,Cd,cadC,MG,0.824743884
1606,0.3,Cd,cadC,MG,0.8083041031079208
1607,0.3,Cd,cadC,MG,0.8033209803239083
1608,0.4,Cd,cadC,MG,0.809786314
1609,0.4,Cd,cadC,MG,0.8041846153846153
1610,0.4,Cd,cadC,MG,0.8497191011235955
1611,0.6,Cd,cadC,MG,0.8217491664529367
1612,0.6,Cd,cadC,MG,0.868921776
1613,0.6,Cd,cadC,MG,0.8000274445228572
1614,1,Cd,cadC,MG,0.8987403100775192
1615,1,Cd,cadC,MG,0.8989711587114184
1616,1,Cd,cadC,MG,0.7677694645779752
1617,2,Cd,cadC,MG,1.0202479707430203
1618,2,Cd,cadC,MG,0.9213813372520206
1619,2,Cd,cadC,MG,0.9024179620034541