Time ,0,0.12141472222222223,0.24283361111111113,0.3642513888888889,0.4856713888888889,0.607085,0.7285022222222223,0.8499127777777779,0.9713275,1.0927463888888889,1.2141619444444445,1.3355766666666666,1.4569930555555557,1.578412222222222,1.699835,1.8212472222222222,1.9426577777777778,2.0640775000000002,2.185493888888889,2.3069105555555556,2.428326111111111,2.549743611111111,2.6711605555555553,2.792576111111111,2.9139930555555558,3.0354044444444446,3.1568191666666667,3.278239166666667,3.399652777777778,3.5210733333333333,3.6424811111111115,3.7638972222222224,3.8853158333333333,4.006737222222222,4.128154166666667,4.249569999999999,4.3709822222222225,4.492400277777778,4.613812222222222,4.735228611111111,4.856645833333333,4.978060277777778,5.099475,5.220893611111111,5.342310277777777,5.463718888888889,5.5851375,5.706552222222222,5.827968611111111,5.949385833333333,6.0708005555555555,6.192213333333333,6.3136294444444445,6.435041111111111,6.556460555555556,6.677874444444445,6.799290277777778,6.9207,7.042121388888889,7.163540833333333,7.2849594444444445,7.406373055555555,7.527783888888889,7.649200555555556,7.770607777777777,7.8920280555555555,8.013443611,8.134855555555555,8.256268888888888,8.377676944444444,8.499095555555556,8.62051,8.741928889,8.863346666666667,8.984768333333333,9.106185833333333,9.227600833333332,9.349011388888888,9.470430277777778,9.591843888888889,9.713261944444445,9.834679722222223,9.956095277777777,10.077513333333334,10.198926944444445,10.320335833333335,10.441753611111112,10.563173611111113,10.684598611111111,10.806015555555556,10.92742722222222,11.048841666666668,11.1702625,11.291673611111111,11.41308888888889,11.534503333333333,11.655919722222222,11.777331944444443,11.898750277777777,12.020165277777778,12.141584166666666,12.262995833333335,12.384411666666667,12.505828888888887,12.627244166666665,12.748658055555556,12.87007111111111,12.991489166666666,13.112907499999999,13.234320833333333,13.355738055555555,13.477155833333333,13.598572777777777,13.719988611111113,13.841408888888889,13.962820555555556,14.084235833333334,14.205650277777778,14.327068055555555,14.448482499999999,14.5698975,14.69131638888889,14.812735555555555,14.934156111111111,15.055574166666668,15.17698611111111,15.298403888888888,15.419822499999999,15.541239444444445,15.662658611111112,15.7840725,15.90549111111111,16.026901388888888,16.14832,16.269735833333332,16.391151388888886,16.512564722222223,16.633978333333335,16.755395,16.876807499999998,16.99822222222222,17.11963888888889,17.24104861111111,17.362465555555556,17.483882222222224,17.605294722222222,17.726711388888887,17.84812777777778,17.96954583333333,18.090955555555556,18.21237361111111,18.333791944444442,18.45520611111111,18.57662,18.698041111111113,18.819458611111113,18.940875277777778,19.06228972222222,19.18370472222222,19.305115555555556,19.426532777777776,19.5479575,19.669375833333334,19.790790833333332,19.91220722222222,20.03362361111111,20.155042777777776,20.276456944444444,20.397876111111113,20.51929361111111,20.64071,20.762126111111108,20.88354,21.004956666666665,21.12637583333333,21.24779361111111,21.36920194444444,21.490622777777777,21.612038611111114,21.733454444444444,21.854869166666667,21.97628416666667
A1,10,11,12,12,12,12,12,13,13,14,14,12,12,14,12,12,14,14,13,14,14,13,14,14,14,15,15,13,16,14,14,14,15,14,15,15,14,14,14,15,14,14,14,15,14,14,15,15,14,15,15,15,16,15,15,15,15,16,16,15,16,16,16,16,16,17,17,17,17,17,18,17,17,17,16,17,17,18,19,20,20,20,21,22,21,22,22,21,22,23,24,25,27,28,30,30,31,33,35,36,38,38,40,43,43,46,48,52,54,58,60,64,70,69,74,79,80,83,88,90,95,97,100,104,108,107,109,112,110,109,109,109,109,108,108,108,108,109,109,108,107,106,107,106,105,103,103,103,102,103,104,104,103,106,104,103,102,103,103,104,102,102,102,101,100,97,97,99,98,96,96,97,97,99,100,98,98,100,98,99,98,96
A2,10,10,13,11,13,12,13,12,13,12,13,14,13,13,14,12,14,13,14,13,14,14,14,14,14,14,15,14,14,14,15,15,14,14,14,15,13,14,13,14,14,14,14,14,15,14,14,15,14,15,15,15,16,15,15,15,15,16,16,15,16,16,15,16,17,17,18,17,17,17,17,17,16,18,18,17,18,18,19,19,19,20,20,20,21,21,21,22,22,23,24,25,28,26,29,31,30,31,34,36,35,38,40,43,44,46,48,50,54,56,59,62,64,68,71,77,78,81,86,88,93,94,97,101,104,105,106,107,105,104,103,105,105,103,104,104,102,102,104,102,104,104,102,102,101,99,99,100,99,98,99,99,99,100,102,100,100,100,99,98,98,97,97,98,97,94,95,94,95,96,93,96,95,95,97,95,96,98,96,96,95,96
A3,11,11,11,12,11,13,12,13,13,13,13,13,13,12,13,14,13,14,13,14,14,14,14,14,14,13,14,14,14,14,15,14,15,14,15,14,14,13,14,14,14,14,14,14,14,14,14,14,14,15,16,16,15,15,15,15,15,15,16,15,15,16,16,16,16,16,16,17,16,16,16,17,17,16,17,18,18,19,18,18,18,20,21,20,20,22,21,21,22,23,23,25,27,27,27,29,31,32,34,34,37,38,39,40,42,44,46,48,51,55,58,60,64,66,69,74,79,82,84,88,91,95,98,102,104,106,107,107,108,105,106,106,105,108,106,105,104,105,106,104,106,107,105,104,103,100,101,101,101,101,102,101,101,103,102,101,101,102,100,101,101,101,98,99,99,96,97,97,97,96,96,96,96,98,98,98,95,99,97,96,97,96
A4,11,11,11,12,12,12,13,13,14,12,12,14,12,13,14,13,15,14,14,13,15,14,14,15,15,15,15,15,13,15,15,14,15,14,14,14,15,14,14,15,15,14,14,14,15,14,14,15,15,15,15,16,15,15,15,15,17,15,15,15,14,15,16,16,15,16,16,16,16,16,16,16,16,16,16,16,16,16,17,16,17,17,16,18,17,18,17,18,18,18,19,19,19,18,24,21,21,21,23,23,24,24,25,24,26,26,26,27,30,31,32,33,35,37,38,40,41,43,45,46,49,52,55,54,57,56,58,60,59,63,63,63,62,64,65,67,66,66,70,70,69,71,70,69,68,67,68,67,68,69,71,70,72,71,73,72,72,76,72,72,73,73,72,72,72,71,73,71,71,72,73,71,74,73,73,76,72,74,74,75,74,72
A5,11,11,11,11,13,12,12,12,14,12,13,13,13,13,13,13,13,13,13,14,13,14,14,14,15,13,14,14,13,14,14,13,14,13,14,15,14,15,14,13,16,14,14,14,14,15,14,14,14,15,15,15,15,14,15,14,15,14,16,15,15,15,15,16,15,15,16,15,16,15,15,14,15,15,15,17,16,16,16,16,16,16,16,17,17,16,17,17,17,18,18,18,18,19,19,20,20,21,21,22,23,23,24,25,26,27,25,29,29,30,31,33,36,36,37,38,40,43,43,46,48,52,52,54,56,58,59,60,63,61,62,66,63,64,63,66,65,70,68,70,70,69,68,68,68,68,69,67,69,68,73,69,71,70,72,70,71,72,71,74,71,71,72,70,71,72,70,70,71,70,70,72,70,72,72,74,73,73,73,73,74,72
A6,11,11,11,11,11,11,13,13,13,13,13,12,13,13,15,13,13,13,13,13,13,14,14,14,14,14,15,14,15,14,14,14,14,14,13,13,14,14,14,14,13,13,14,14,14,14,14,14,14,14,15,14,15,14,14,14,15,14,15,15,15,14,15,15,15,16,16,15,15,16,16,15,15,15,16,15,15,15,15,17,16,16,16,16,17,17,17,17,17,17,18,17,19,20,20,19,21,21,21,22,22,23,25,25,26,25,27,28,30,30,32,32,33,36,38,41,40,43,43,46,48,49,52,54,56,56,57,60,60,60,60,61,62,63,64,64,64,63,67,67,66,68,68,68,67,67,66,67,68,69,68,68,68,69,70,67,69,71,71,72,70,71,69,69,70,66,70,68,71,69,69,70,69,70,70,71,71,72,73,72,72,70
A7,11,10,11,12,11,12,13,12,13,13,13,14,13,12,14,14,15,15,14,14,15,15,16,15,15,16,15,16,16,16,16,15,17,16,16,17,16,17,17,17,17,18,18,18,18,19,19,20,19,21,21,22,21,22,22,23,24,25,25,25,26,27,29,29,31,33,33,35,36,37,39,40,42,44,47,49,52,53,57,59,64,67,73,77,82,87,97,103,111,123,130,139,145,159,167,176,185,196,205,214,228,240,258,275,296,322,346,367,391,419,446,472,500,527,559,585,610,639,658,677,694,701,702,696,690,681,673,666,657,640,632,621,613,604,595,585,578,578,574,574,564,561,558,547,541,536,530,527,521,516,513,509,506,501,502,497,490,488,483,479,474,471,464,463,458,454,451,446,443,441,438,436,434,433,431,431,427,429,425,419,413,414
A8,10,11,12,11,12,12,13,13,12,14,13,13,12,13,14,14,14,14,14,15,15,15,16,14,15,16,15,16,18,16,16,16,16,16,17,16,17,16,17,17,16,17,17,18,18,18,18,19,19,20,20,21,21,21,22,23,23,23,23,24,24,26,28,27,29,30,32,33,33,35,36,37,39,41,43,44,46,50,55,56,60,63,67,71,76,82,87,95,103,110,114,121,125,130,133,141,150,159,174,188,204,218,236,254,275,298,316,338,362,389,412,439,464,485,515,540,564,587,608,623,636,639,639,634,630,620,615,606,597,587,578,568,557,549,543,538,525,525,530,522,515,516,507,502,496,490,485,481,476,471,473,466,465,460,460,454,451,450,441,438,435,429,425,422,419,415,416,412,407,406,402,401,400,397,397,398,393,393,391,386,382,382
A9,9,10,11,11,11,12,11,12,11,13,13,11,13,13,13,14,14,14,13,13,14,14,14,14,14,14,15,15,16,15,15,15,15,15,16,15,15,16,15,17,15,16,17,16,16,17,17,18,17,19,19,19,19,19,21,20,20,21,22,22,23,23,24,25,26,27,28,28,29,30,32,32,33,34,35,38,39,42,45,47,50,54,56,60,64,69,73,78,79,85,88,90,96,107,115,113,121,129,143,153,167,177,193,206,223,240,255,273,290,307,328,345,360,380,398,411,431,440,448,456,458,455,453,450,447,441,435,431,426,416,412,406,399,395,390,384,380,378,371,367,361,359,356,353,352,349,343,345,340,337,336,334,332,330,329,327,323,320,317,314,309,306,306,304,300,297,298,293,293,289,289,287,285,287,284,288,282,282,280,277,275,276
A10,11,11,11,12,12,13,14,13,15,14,15,14,14,14,14,15,14,15,14,16,15,14,15,14,15,15,14,14,15,15,14,15,14,15,14,14,14,15,15,14,14,14,14,14,15,14,14,15,15,14,14,15,14,14,14,14,14,14,14,14,14,15,14,14,14,16,14,15,15,15,14,14,13,14,14,14,14,12,14,13,14,14,15,15,14,13,14,14,14,13,14,13,14,13,14,13,15,14,14,13,14,14,14,14,13,15,13,13,15,13,13,14,13,13,13,12,13,15,12,13,13,14,13,13,13,13,13,12,14,13,12,13,13,13,13,13,13,14,13,12,15,13,14,13,12,13,12,13,13,13,13,12,13,13,14,12,14,14,13,13,13,14,12,13,13,13,13,15,14,13,12,14,13,14,14,13,14,14,13,13,14,12
A11,10,11,11,11,13,13,13,14,13,15,15,14,16,13,14,15,14,14,14,14,14,14,14,15,15,15,15,14,13,16,15,15,15,14,15,14,15,14,14,14,14,14,14,15,14,14,14,14,15,14,14,14,14,14,14,14,15,14,14,14,15,14,14,15,14,15,15,14,15,14,14,14,14,14,14,13,14,14,13,14,14,14,13,14,14,15,13,13,14,13,14,15,14,13,14,13,13,13,13,13,15,12,13,13,13,14,14,13,14,13,12,12,13,12,12,13,13,12,13,13,13,13,14,16,13,14,17,14,13,13,13,13,11,13,13,13,12,13,12,14,13,14,12,11,14,11,12,13,14,13,12,12,12,13,14,13,13,13,13,13,12,13,13,13,12,13,12,11,13,12,13,13,13,13,12,13,13,12,13,12,14,12
A12,9,9,10,11,11,12,12,11,12,12,13,13,11,12,13,12,13,13,13,12,13,13,12,13,12,13,13,14,11,13,14,12,13,13,13,13,13,12,12,13,12,13,12,13,13,13,14,12,12,13,13,14,12,12,13,13,12,13,13,13,13,13,13,13,13,14,14,14,14,13,14,12,13,13,13,12,12,12,12,14,13,13,13,12,13,12,12,12,13,12,12,13,12,13,11,12,12,13,13,13,15,13,12,12,12,13,12,14,12,13,12,12,11,13,12,12,12,13,12,12,13,13,11,12,11,11,12,12,11,14,12,13,12,12,11,13,12,12,14,13,12,13,12,11,13,11,12,13,12,12,12,12,12,13,12,13,12,11,12,12,12,12,11,12,12,11,11,12,12,11,12,11,11,11,12,15,12,13,12,13,11,12
B12,9,10,11,10,12,12,12,12,12,12,11,11,13,12,14,13,13,13,13,13,13,13,13,13,13,13,14,13,13,14,15,14,12,14,14,13,13,14,14,13,14,14,13,14,13,13,14,13,14,14,14,14,14,13,13,14,14,13,14,14,13,14,14,14,14,15,14,13,14,14,14,14,14,13,14,14,13,13,13,15,13,14,14,13,12,14,13,13,13,13,13,13,12,13,13,14,13,13,13,13,13,14,12,13,13,14,12,13,12,11,13,14,13,13,12,13,14,15,12,13,12,11,13,12,13,13,13,14,13,12,13,12,12,13,13,12,12,12,13,14,12,12,12,14,13,12,13,13,12,15,13,13,12,14,13,11,13,12,13,15,12,14,14,13,13,13,13,14,11,13,13,12,12,13,13,13,13,13,14,13,12,13
B11,11,11,12,12,13,12,14,14,14,15,14,14,14,13,13,14,14,14,14,14,15,14,14,16,14,15,14,15,14,14,15,15,14,14,15,15,16,14,15,15,15,14,14,14,14,15,15,14,15,16,15,15,15,15,16,15,15,15,14,15,15,15,15,15,15,15,16,15,16,16,14,15,14,15,15,14,14,15,15,14,14,15,15,16,15,15,15,14,13,14,14,15,14,14,14,14,14,14,15,15,15,15,14,14,16,14,14,13,15,14,14,14,14,16,13,14,14,13,14,14,15,14,14,14,16,14,13,14,14,12,15,14,14,13,13,14,13,15,16,15,15,15,15,15,15,14,13,14,17,15,14,14,13,14,14,14,14,13,13,14,13,15,14,14,13,14,14,13,14,15,12,12,13,14,14,14,16,15,15,14,14,14
B10,10,10,12,12,13,12,13,13,13,13,13,14,12,13,13,14,13,14,13,13,14,13,13,14,14,14,14,15,14,15,14,15,14,14,14,14,14,14,15,14,14,14,13,13,13,14,15,14,14,14,15,14,14,14,14,15,14,14,14,14,14,14,15,14,14,15,15,15,15,14,14,14,14,13,14,14,14,15,14,14,13,14,14,14,14,13,14,14,14,13,14,13,13,14,12,12,13,13,15,15,13,16,14,12,13,13,13,15,13,13,13,13,12,14,14,14,16,13,13,13,14,14,12,14,14,16,12,13,14,13,13,13,15,13,13,12,14,14,12,13,14,15,13,13,14,13,13,14,13,14,14,13,12,14,12,12,14,14,14,14,13,14,13,13,13,14,12,15,14,13,12,13,14,13,12,13,13,14,15,13,14,14
B9,9,10,11,11,12,11,12,12,13,12,13,13,14,13,14,13,14,13,14,14,14,14,14,15,15,15,15,15,15,16,17,17,16,15,16,16,17,17,16,17,18,16,18,18,18,18,19,19,19,20,20,21,22,21,22,22,23,23,24,25,26,26,27,29,31,30,31,33,35,34,36,38,39,40,43,43,45,48,52,54,57,62,63,68,71,76,83,87,96,103,106,110,118,123,128,137,147,158,172,181,192,209,229,244,263,281,302,323,343,363,387,407,425,449,471,489,510,532,545,560,571,570,568,567,560,556,549,544,536,527,522,511,505,499,495,485,476,472,469,467,465,460,456,452,446,439,436,433,428,424,422,422,416,415,413,408,405,402,398,397,392,390,383,381,380,373,374,371,368,367,363,362,363,360,360,360,358,356,355,352,347,350
B8,12,11,11,12,12,12,13,13,13,13,14,13,14,13,17,15,15,16,15,15,15,15,16,15,17,17,17,19,17,17,17,17,19,17,18,19,18,19,18,20,20,19,19,20,21,21,22,22,23,25,24,24,25,26,26,27,27,28,29,30,32,32,33,35,37,38,40,41,41,42,45,47,48,52,54,58,59,64,67,72,78,80,89,91,95,103,110,118,129,139,152,162,175,186,200,203,218,231,241,252,262,280,301,317,343,363,392,420,447,482,515,550,579,615,652,694,728,765,806,841,879,908,933,950,964,966,960,953,944,928,912,904,888,879,861,853,838,830,816,802,789,786,780,769,761,754,742,740,734,722,723,717,709,704,701,696,689,685,677,672,659,659,650,644,636,629,626,623,616,612,609,605,606,604,601,598,593,594,589,584,577,577
B7,10,11,11,11,12,13,12,12,13,14,14,13,15,14,14,15,15,14,14,14,15,16,15,15,16,16,17,17,18,17,17,17,17,17,17,17,18,17,18,19,18,19,18,19,19,20,21,21,22,22,24,23,24,24,25,25,26,26,28,29,29,31,32,33,34,36,38,40,41,42,44,46,49,51,53,57,59,63,66,69,75,78,82,87,92,99,104,113,119,139,150,167,182,203,221,230,245,250,260,272,284,315,324,333,352,356,381,411,435,471,505,537,568,602,640,674,710,751,788,823,860,888,916,933,948,949,948,946,928,912,898,890,877,863,854,843,832,816,810,790,777,773,764,758,750,740,733,727,721,713,712,701,696,694,692,686,676,674,665,659,652,645,639,632,629,623,618,614,609,602,598,597,592,591,592,589,585,583,579,573,568,566
B6,10,11,11,11,11,12,12,12,14,14,15,16,15,17,16,15,17,16,17,16,16,16,16,17,17,17,16,17,15,17,17,16,16,17,16,16,17,16,16,17,18,16,16,17,17,16,17,17,17,17,18,17,17,17,17,18,17,17,17,18,17,18,17,18,18,18,19,18,17,18,18,17,18,18,17,18,18,19,18,18,19,19,20,20,19,19,19,19,21,20,21,20,20,21,22,22,23,23,24,25,24,26,25,26,26,27,28,27,29,30,34,33,34,35,37,39,39,41,41,44,46,48,48,51,53,54,55,57,55,58,58,58,58,59,60,60,61,62,63,63,63,64,64,63,64,64,63,63,63,64,63,66,66,65,66,65,66,66,66,66,67,66,66,66,65,65,64,63,65,64,65,66,66,66,67,70,67,68,67,67,66,67
B5,11,11,12,12,13,14,12,14,14,14,16,17,16,17,16,17,18,16,17,17,19,19,18,18,19,18,19,19,19,18,21,18,19,19,19,19,20,19,18,19,21,18,18,19,19,19,19,19,18,19,19,19,19,18,18,19,19,20,19,18,19,19,19,20,19,19,19,20,20,19,20,20,20,19,19,19,18,20,20,20,21,20,20,21,20,20,21,22,22,22,20,21,22,21,24,23,24,24,25,26,27,28,28,27,28,30,31,30,31,33,32,33,33,35,37,37,40,42,43,45,48,48,50,54,55,56,58,58,60,60,64,63,64,67,66,67,68,69,70,71,70,72,71,72,71,70,71,71,70,72,72,73,72,73,75,74,74,75,74,74,75,73,75,74,74,72,73,72,74,73,73,75,74,74,75,75,76,75,77,76,76,75
B4,11,11,11,12,13,14,13,14,15,13,15,18,16,17,16,16,19,17,19,18,19,18,19,18,19,19,18,18,18,19,18,19,19,18,19,20,20,18,19,18,17,18,17,19,18,18,19,18,19,19,19,18,18,19,18,19,18,18,19,19,19,19,19,19,19,19,20,20,20,20,19,19,20,19,19,20,19,19,20,20,20,21,21,22,21,21,21,22,21,22,22,22,23,23,23,23,24,25,26,27,27,29,28,27,30,32,30,31,33,32,32,34,36,37,37,42,42,43,44,47,48,50,52,54,57,58,61,61,62,60,65,65,66,68,68,69,68,70,72,72,70,70,71,72,72,70,72,70,70,70,72,73,73,75,75,74,75,74,75,75,75,76,74,74,73,71,74,71,73,74,74,74,74,76,75,77,76,77,77,78,76,75
B3,11,12,12,12,12,13,13,14,13,13,14,13,12,12,14,14,14,14,14,14,15,14,15,14,14,15,14,14,13,15,15,15,14,15,16,15,14,15,15,14,14,14,15,15,14,15,15,15,14,16,16,16,15,16,16,15,15,16,17,17,16,17,17,16,16,18,17,19,18,17,18,18,18,18,19,18,18,20,19,20,19,20,21,21,22,22,21,22,23,25,25,27,26,29,30,31,32,35,36,37,40,40,41,43,47,49,49,50,53,56,58,61,65,67,73,75,81,83,87,91,95,101,104,106,112,113,116,118,119,116,119,118,117,119,119,117,115,117,116,117,116,116,115,115,114,111,112,111,110,112,111,112,112,111,113,111,111,113,111,112,111,111,109,109,108,107,106,105,106,105,105,106,106,107,108,108,107,108,109,107,105,106
B2,10,12,12,12,11,12,12,14,11,13,13,13,16,13,13,14,13,14,13,13,14,15,13,14,14,15,14,14,17,15,14,15,15,14,16,14,15,14,16,15,15,15,14,15,14,14,16,15,15,14,16,15,16,16,16,17,16,16,16,16,16,17,16,17,17,17,18,17,17,18,17,18,17,19,17,18,18,19,20,20,20,20,21,21,21,21,21,23,22,24,24,26,27,28,28,30,30,32,34,34,36,38,39,40,41,44,45,49,51,53,57,60,63,69,70,74,77,82,85,90,94,98,101,105,107,109,112,114,115,114,115,115,116,115,114,114,114,114,113,115,114,114,113,112,111,108,109,109,109,108,108,109,110,111,111,109,109,111,109,110,106,107,107,106,106,106,106,104,105,104,103,105,104,104,106,105,104,106,106,106,105,103
B1,10,10,12,12,12,12,14,12,12,12,13,16,13,13,14,14,13,14,14,14,14,14,13,15,13,14,15,14,15,15,15,14,14,15,15,15,13,14,14,15,15,14,14,14,15,15,15,15,15,15,15,16,15,15,16,15,15,16,16,15,16,16,16,16,16,17,17,18,17,17,17,17,17,18,18,18,18,18,18,18,19,20,20,19,21,21,20,21,22,23,22,24,25,26,27,28,30,30,33,32,35,36,39,38,41,41,43,47,50,50,53,58,59,63,67,71,75,79,80,86,90,94,97,101,104,108,110,111,112,112,113,116,114,114,116,113,113,113,115,113,113,111,111,108,110,108,109,108,107,108,110,109,110,108,109,108,109,109,107,107,107,106,106,105,105,104,103,102,102,104,102,103,103,103,103,104,103,102,104,103,102,101
C1,11,11,12,12,12,13,13,12,13,12,14,13,14,14,14,14,14,14,14,14,13,14,14,14,14,16,14,15,13,16,15,15,14,14,14,14,15,15,14,14,14,14,14,14,14,15,15,16,16,16,16,15,15,16,15,15,16,15,16,16,16,16,16,16,16,17,18,17,18,17,17,17,18,17,18,18,18,19,19,20,19,20,20,20,20,22,22,22,22,23,24,23,25,26,26,29,29,31,34,34,35,38,38,39,41,40,44,45,47,51,53,58,60,64,65,70,73,77,82,85,90,94,99,100,107,108,110,114,117,117,118,120,119,121,120,121,119,120,121,122,118,117,117,118,115,115,113,114,113,112,113,113,113,114,114,114,113,112,112,112,111,111,110,110,108,108,108,107,106,106,106,106,107,107,108,108,107,108,108,108,108,105
C2,10,11,12,12,13,13,12,13,12,12,14,13,12,13,14,14,13,14,13,15,14,14,15,14,15,14,15,15,14,16,14,16,14,14,13,13,15,15,14,14,14,15,14,15,14,14,15,15,15,15,16,15,16,16,16,16,15,16,16,16,17,16,16,16,17,17,18,17,18,18,18,17,17,17,17,18,19,18,19,19,20,20,20,20,21,21,22,22,22,23,23,24,26,26,27,29,30,31,34,35,38,39,38,38,42,43,46,46,49,53,53,58,61,63,68,71,74,81,81,88,91,96,100,103,106,110,113,116,118,119,120,122,121,121,122,122,122,122,122,121,120,121,121,118,117,118,118,115,116,115,115,115,116,117,116,116,115,115,115,114,115,112,112,113,111,110,111,110,109,108,109,110,109,110,111,109,111,110,109,110,108,108
C3,10,11,12,13,12,13,13,13,13,13,12,16,12,13,16,14,13,13,13,14,13,13,14,13,14,14,14,15,13,14,14,15,15,16,14,15,14,14,14,14,14,14,15,15,15,15,15,15,15,15,15,16,16,15,16,16,16,15,15,16,16,16,16,16,17,17,17,17,17,17,17,17,17,18,17,18,18,18,19,19,20,21,21,20,21,22,21,22,23,23,25,25,27,27,29,30,32,32,34,34,35,38,39,41,43,45,47,50,52,55,59,61,63,69,71,74,79,83,86,90,95,99,101,105,108,111,113,114,114,115,114,114,115,115,115,115,115,117,114,115,114,115,113,111,110,110,110,108,109,108,109,109,109,110,111,110,108,110,108,109,107,108,106,106,106,103,105,105,105,103,104,104,104,104,106,104,104,105,106,105,103,102
C4,10,11,11,11,12,13,13,14,14,14,15,15,16,18,15,17,17,16,17,16,18,17,17,17,18,17,17,17,18,20,17,18,17,17,17,19,21,18,18,18,18,18,17,17,17,18,18,18,17,19,19,18,18,17,19,18,18,17,18,19,19,19,18,18,19,18,20,19,19,19,19,19,18,19,20,19,19,19,19,19,19,20,20,20,20,20,20,19,21,19,21,20,20,22,22,23,22,23,24,25,25,25,26,26,27,28,27,28,29,29,30,30,34,34,33,35,38,40,41,43,44,46,49,50,52,53,55,57,57,58,60,62,63,64,65,67,66,67,70,71,72,70,71,70,71,71,71,70,71,71,72,73,72,74,75,74,74,75,76,74,74,74,75,74,75,72,74,72,74,74,73,73,74,74,77,76,76,78,75,78,76,75
C5,10,11,11,12,13,14,14,15,17,18,20,19,20,19,21,21,21,23,23,23,23,23,24,24,24,25,24,24,24,26,24,23,23,24,24,25,24,24,24,24,23,25,23,24,23,25,24,25,26,25,26,25,25,25,25,26,24,24,25,25,25,25,25,25,25,25,26,25,25,25,26,26,26,26,25,26,27,25,25,26,26,27,27,27,27,27,27,26,26,26,26,27,28,28,27,28,29,30,30,30,31,33,31,32,30,32,32,35,33,34,39,35,38,39,41,42,44,46,46,48,49,52,54,58,56,57,60,63,61,62,65,65,68,68,69,72,70,72,74,74,75,75,75,74,75,74,75,73,74,76,76,75,76,77,78,75,77,78,79,78,77,77,77,76,76,75,77,75,75,76,76,77,75,78,78,78,79,79,79,80,78,76
C6,11,12,11,12,14,14,15,16,18,18,21,21,23,23,24,24,25,25,25,26,26,27,29,28,28,29,29,29,32,29,28,28,29,29,27,29,28,29,28,29,27,28,29,29,29,28,29,29,30,30,30,29,30,29,30,29,29,30,30,29,30,30,30,30,30,30,30,30,30,30,29,30,30,30,30,29,29,31,30,30,31,31,31,31,30,32,30,31,30,31,31,33,33,33,31,33,33,35,35,37,35,35,36,37,35,37,37,36,38,41,39,42,43,45,46,46,48,49,52,53,57,57,57,60,62,64,65,66,68,68,70,70,70,73,76,75,76,77,79,76,77,77,77,77,76,74,77,76,75,77,79,78,78,80,81,79,77,82,80,80,80,79,79,78,79,77,78,78,78,77,78,80,80,79,81,81,80,80,81,82,82,78
C7,10,10,11,11,12,12,13,13,14,14,14,15,15,14,14,15,16,16,18,16,16,16,16,17,18,17,18,17,18,18,17,18,19,20,18,18,18,20,19,20,21,21,21,21,23,22,24,23,25,26,27,26,27,29,29,30,31,32,32,34,35,37,38,40,43,44,45,47,49,51,53,57,59,62,64,68,72,76,80,85,93,97,102,108,116,123,133,141,151,166,177,194,205,220,237,251,267,281,300,320,338,358,384,415,441,474,506,540,576,616,655,697,734,775,827,872,916,958,1005,1047,1097,1133,1162,1187,1206,1213,1207,1204,1182,1159,1144,1129,1108,1097,1086,1061,1045,1032,1017,997,980,968,965,947,937,930,916,907,905,892,890,884,874,868,865,863,847,840,832,823,815,805,796,791,785,775,772,764,756,753,749,744,744,738,735,732,726,724,719,713,702,704
C8,10,11,12,11,12,12,13,13,13,14,14,15,14,14,17,15,15,15,16,16,15,16,16,17,16,17,17,18,18,18,17,19,17,19,19,19,19,20,20,19,20,20,20,22,22,21,23,23,24,25,26,26,27,27,30,29,30,31,32,34,34,35,37,39,40,43,45,46,48,50,53,55,57,59,63,65,69,73,78,83,89,94,98,105,112,118,126,134,144,157,167,185,197,209,227,242,252,268,286,303,320,345,372,399,428,459,495,531,568,606,643,683,723,764,808,856,898,945,989,1037,1080,1119,1146,1165,1184,1187,1178,1170,1149,1128,1113,1091,1079,1066,1047,1032,1016,1001,985,969,950,940,940,924,910,900,892,884,879,871,865,856,848,845,841,830,823,817,806,798,789,783,774,767,762,752,748,738,734,729,723,720,719,717,711,710,707,702,700,692,686,683
C9,11,10,12,12,12,13,13,14,14,14,14,14,15,15,15,15,15,15,15,16,16,17,16,17,16,16,17,17,20,19,19,20,17,19,19,20,20,20,19,20,20,21,21,22,22,22,23,24,24,25,26,27,27,29,29,29,31,31,33,33,35,36,38,39,41,43,45,46,48,51,53,55,57,60,62,66,70,74,79,84,90,94,99,107,114,117,128,136,144,158,172,182,192,212,234,247,259,272,290,308,327,348,376,403,434,463,494,531,564,605,642,683,722,766,813,860,902,954,999,1042,1088,1121,1152,1186,1205,1212,1206,1201,1184,1159,1145,1128,1112,1101,1088,1075,1054,1038,1023,1010,986,971,963,950,941,933,924,918,905,901,902,888,887,878,874,867,857,848,839,834,822,816,807,799,796,787,781,771,766,764,753,755,749,746,746,744,738,737,732,724,719,715
C10,10,11,11,12,12,13,12,12,13,11,14,12,13,13,14,13,13,14,14,14,14,14,14,13,14,15,14,14,13,14,13,13,15,13,14,15,15,14,14,14,14,14,14,14,13,14,13,15,14,15,14,15,14,14,14,14,14,14,13,14,14,15,14,14,15,15,14,15,16,14,15,14,13,14,14,14,13,14,13,15,14,14,15,14,13,14,14,13,13,13,14,15,14,15,14,14,14,14,14,14,13,15,14,14,14,14,14,12,13,15,16,14,14,14,13,13,12,13,14,14,13,14,15,13,14,15,14,14,13,13,13,13,14,13,13,14,13,13,12,13,14,15,12,14,12,13,13,13,14,13,14,12,14,13,14,14,14,15,13,15,14,14,14,13,13,14,12,13,13,13,14,14,12,13,13,14,13,13,14,14,14,14
C11,13,14,15,14,14,15,16,15,15,15,16,14,17,16,15,15,16,16,16,16,15,15,16,16,17,17,16,16,17,17,16,17,17,17,15,16,16,16,16,18,15,16,16,16,16,17,16,17,16,16,16,17,17,16,17,17,17,16,17,16,17,16,16,16,16,17,18,17,17,17,16,16,17,16,16,16,16,16,16,17,17,16,17,17,16,16,15,16,16,16,15,16,16,17,16,16,17,16,17,18,16,17,18,17,16,15,15,16,17,18,15,16,15,15,15,14,16,16,15,15,16,17,15,16,15,17,16,18,16,16,15,16,15,15,15,16,17,16,17,16,16,16,16,16,16,16,16,16,15,15,15,16,15,16,17,15,15,17,15,17,15,16,14,15,16,16,15,16,15,15,15,16,17,14,16,16,17,16,16,17,16,15
C12,10,11,11,12,13,13,12,12,13,11,12,13,12,16,14,13,13,14,14,15,14,13,14,13,14,13,15,14,14,14,15,14,14,14,13,14,14,14,13,15,13,13,13,14,14,13,14,14,14,14,14,14,15,14,14,14,15,14,14,13,14,14,14,14,14,14,14,14,15,14,14,14,13,14,14,15,14,13,14,14,14,14,14,14,14,13,13,13,13,14,13,13,14,13,13,12,15,14,13,16,14,13,12,14,15,12,13,14,12,12,13,14,14,13,12,13,14,12,13,14,13,14,13,12,13,12,13,14,12,13,13,13,12,11,13,14,13,13,13,13,13,14,13,13,13,12,13,13,14,13,13,12,13,13,13,13,13,13,13,12,14,12,13,12,13,13,13,12,11,12,13,13,13,14,14,12,13,14,12,14,13,13
D12,10,12,11,11,11,12,12,12,14,11,12,13,12,14,13,13,12,13,13,13,14,13,13,13,13,14,14,14,12,14,14,15,13,14,14,14,14,13,15,14,14,13,13,14,14,14,13,14,15,14,14,14,14,14,14,13,14,14,14,14,14,14,14,15,15,14,15,14,14,14,13,14,14,14,14,14,14,14,15,14,14,14,16,14,13,14,14,13,15,13,13,15,13,13,13,13,14,13,13,14,12,14,14,14,12,14,12,12,13,12,15,13,14,12,14,13,14,13,13,13,14,13,14,13,14,14,14,13,13,13,13,12,12,13,13,12,13,13,14,13,14,14,13,13,12,13,14,13,13,14,12,13,13,13,14,13,13,12,14,13,12,14,13,13,14,13,13,13,13,13,14,12,12,13,13,14,12,14,13,13,13,12
D11,10,11,12,12,12,12,12,12,12,13,14,13,15,13,12,12,13,13,13,13,15,14,14,14,13,14,13,13,13,15,13,15,15,15,14,15,14,15,13,13,13,14,14,14,14,14,15,15,13,14,14,15,14,14,15,14,14,14,14,15,15,15,14,15,15,15,16,15,15,14,15,15,14,14,14,14,13,13,16,13,13,14,14,14,13,14,13,13,13,14,13,14,14,16,13,14,12,13,14,13,13,14,14,15,14,14,13,13,15,13,12,14,14,15,13,13,13,14,13,13,14,13,15,14,14,14,13,13,12,12,13,14,14,13,13,12,14,15,13,14,14,14,14,12,14,14,13,13,13,13,14,13,12,14,15,14,14,13,14,14,15,14,14,13,12,12,12,13,13,13,13,14,13,14,13,14,14,14,13,12,13,14
D10,11,11,12,12,13,14,14,14,13,13,13,13,13,13,12,14,14,16,13,14,15,14,14,14,15,14,14,14,15,13,14,15,14,16,15,15,14,14,14,16,14,13,15,15,14,14,15,15,14,15,15,14,15,14,15,13,14,14,15,15,15,15,15,15,15,15,15,15,15,15,15,14,15,14,15,15,14,14,15,15,13,14,14,14,15,15,14,14,14,14,16,14,16,13,14,14,15,14,14,16,14,14,13,14,14,14,14,14,17,13,14,14,13,14,13,13,14,15,13,14,14,14,14,15,13,13,14,15,15,14,14,14,13,14,13,14,13,14,13,16,14,13,13,15,14,15,13,12,14,13,13,14,14,14,13,14,13,14,14,14,14,13,14,13,13,14,13,13,12,14,13,14,14,13,15,14,15,13,15,15,14,14
D9,10,9,11,11,11,11,13,12,13,13,15,13,14,16,14,14,15,15,14,14,15,15,15,15,16,16,17,17,16,16,17,17,18,17,17,17,17,18,17,19,19,19,19,19,20,21,21,22,22,24,23,25,24,25,26,26,27,28,28,30,30,32,33,35,37,38,39,40,43,44,46,47,49,52,53,55,59,63,67,70,74,79,84,90,98,105,113,122,130,142,151,161,167,175,186,203,215,229,247,262,280,301,326,349,375,399,427,449,477,501,526,554,578,603,635,654,678,699,708,717,719,717,709,699,693,685,673,666,652,641,630,621,604,597,590,579,570,567,564,560,552,548,544,536,528,522,520,512,509,502,503,496,497,492,488,486,479,474,470,469,462,458,454,452,449,444,444,440,434,435,429,429,427,429,427,423,421,420,421,415,411,408
D8,10,11,11,12,12,12,12,13,13,14,13,14,14,16,15,15,16,16,17,16,16,17,17,17,18,17,17,18,17,18,19,18,19,20,19,20,20,21,20,21,21,22,22,23,22,25,24,25,26,27,27,28,28,30,31,31,32,34,35,36,38,39,40,42,43,47,48,50,53,55,57,59,62,65,67,72,76,79,86,89,94,100,105,112,122,130,136,145,156,169,178,191,211,226,243,265,279,301,321,340,364,385,409,441,466,502,542,577,614,656,703,748,793,836,893,941,989,1044,1097,1148,1207,1250,1294,1325,1354,1382,1390,1390,1377,1351,1331,1310,1285,1277,1254,1229,1205,1188,1171,1142,1116,1109,1100,1079,1061,1049,1038,1026,1013,999,996,988,983,971,968,959,945,938,925,916,904,896,886,877,872,863,852,846,839,834,827,825,822,814,812,813,801,803,794,785,776,771
D7,11,11,12,11,14,14,13,14,13,12,15,14,14,16,14,15,17,15,16,17,18,17,18,17,18,18,18,19,18,19,19,21,20,19,21,21,20,21,22,23,22,22,23,23,24,24,26,26,27,28,29,30,30,31,32,34,34,36,36,39,39,41,43,45,46,49,52,55,56,59,61,62,67,69,73,76,81,84,91,95,102,107,113,119,128,137,145,155,164,174,191,207,229,249,272,292,308,329,353,378,395,427,459,487,516,539,572,610,651,695,738,787,830,878,933,984,1031,1092,1143,1192,1253,1296,1340,1372,1409,1433,1437,1436,1425,1396,1374,1360,1330,1316,1290,1269,1248,1227,1206,1180,1165,1149,1138,1120,1103,1088,1076,1062,1049,1034,1028,1022,1015,1005,998,990,980,973,958,950,937,927,915,907,905,892,885,876,868,864,858,851,845,845,841,840,829,827,825,815,806,802
D6,10,11,13,12,13,15,16,17,18,21,22,24,26,27,28,29,30,32,32,33,35,34,36,36,37,39,39,38,40,42,40,40,40,41,41,41,40,41,41,41,39,41,41,40,42,43,42,41,42,42,42,42,42,42,42,42,41,41,42,42,40,41,42,43,42,42,42,43,42,41,43,42,43,41,41,42,41,42,43,42,42,42,42,42,44,42,43,42,43,42,46,44,44,45,46,45,45,48,49,48,48,49,49,48,50,47,48,48,48,50,50,50,54,53,54,60,58,59,62,62,65,65,69,69,71,73,74,76,75,76,79,78,81,81,83,84,83,84,84,86,85,85,84,83,83,82,84,82,82,83,83,82,84,85,85,86,84,85,85,85,85,83,83,84,83,82,83,82,83,83,82,84,84,85,85,85,86,85,84,86,85,84
D5,10,11,12,12,13,14,15,17,17,19,19,20,21,20,22,23,22,23,23,24,24,24,24,26,26,26,28,27,27,28,26,27,27,27,26,27,26,26,30,28,27,26,27,26,26,27,27,26,27,27,28,27,28,26,27,27,28,28,28,26,27,27,27,27,28,29,28,28,28,28,29,27,27,27,27,28,28,27,28,28,29,28,27,29,29,27,28,28,28,30,29,28,32,30,30,32,32,32,32,32,33,37,35,34,37,35,35,34,37,36,37,37,39,40,41,43,44,46,46,49,50,53,54,56,58,60,59,63,63,63,66,68,67,69,71,73,73,74,77,76,77,77,75,77,76,75,75,76,75,76,77,78,77,79,79,78,78,80,78,79,78,78,79,78,77,77,78,76,78,78,77,78,79,80,81,80,78,81,81,81,83,79
D4,10,10,12,12,14,14,16,17,18,19,22,24,25,27,29,31,31,32,32,35,36,35,37,38,39,40,41,41,41,42,43,42,42,44,43,44,45,45,43,47,45,45,44,44,46,45,46,44,44,47,46,45,45,44,44,45,45,45,45,46,45,45,45,47,47,46,47,46,45,47,46,46,46,45,47,44,46,46,45,46,46,45,45,45,48,47,45,44,45,46,46,46,46,46,48,47,49,48,49,49,50,50,48,46,48,49,50,49,51,51,53,51,52,52,50,51,53,53,52,52,55,56,56,58,58,59,62,63,64,65,66,67,68,70,72,73,76,79,78,80,80,81,83,84,82,82,84,85,82,85,86,85,86,85,87,86,86,86,88,85,86,85,85,84,84,84,85,84,84,83,84,84,84,87,86,87,86,86,86,87,86,85
D3,11,11,11,12,13,13,13,13,13,13,14,13,15,13,14,15,13,13,16,14,13,13,14,13,14,14,14,14,14,14,14,16,14,15,13,15,15,15,15,14,14,15,14,16,15,15,15,15,15,15,15,16,16,16,15,16,16,15,16,16,17,16,16,16,17,18,17,18,18,18,18,18,18,17,18,19,19,19,19,20,19,21,21,20,24,22,22,23,24,25,26,26,27,32,30,31,35,33,35,36,36,39,42,45,44,45,49,50,56,55,60,65,66,71,74,79,83,89,92,96,103,107,111,115,120,124,126,129,131,132,133,133,133,131,133,134,133,133,133,133,132,131,128,127,128,125,126,125,124,125,124,124,125,125,125,123,122,124,121,122,122,120,119,119,119,117,118,116,117,117,116,117,116,116,117,117,116,117,116,116,115,113
D2,11,11,11,13,12,12,13,13,13,12,13,12,13,13,12,14,13,14,14,14,14,14,14,15,14,15,15,16,14,14,15,15,16,16,15,13,15,15,14,13,15,15,15,15,15,15,15,15,16,16,15,15,16,16,16,15,16,16,16,16,16,16,16,16,17,17,18,18,18,17,17,18,18,18,19,18,19,18,19,19,20,21,22,20,21,21,20,22,24,23,24,25,28,27,28,31,33,32,34,37,37,39,38,40,41,43,45,48,51,53,56,60,63,66,68,75,77,83,86,90,95,103,104,108,113,116,120,125,127,129,130,133,133,134,135,135,135,134,136,134,133,132,131,130,127,127,125,127,124,126,127,127,127,127,127,126,126,125,125,125,123,123,122,121,119,118,120,120,118,119,118,118,118,118,119,119,118,120,117,118,118,115
D1,10,11,12,12,12,13,13,13,14,14,13,14,13,12,13,13,13,13,14,13,14,14,14,14,14,14,16,15,14,14,15,13,15,14,16,13,15,15,15,15,14,15,15,15,15,15,15,15,14,15,15,16,14,16,16,16,16,15,15,16,15,16,17,17,17,17,17,18,17,17,17,17,18,17,18,18,17,18,19,19,19,21,19,20,20,20,21,22,23,24,23,24,24,26,29,30,30,30,34,34,34,34,37,40,41,42,43,44,46,50,52,55,60,62,69,70,73,77,81,87,90,95,102,105,108,113,115,119,121,123,126,127,127,129,129,128,128,129,128,128,127,126,125,122,123,118,118,121,118,119,120,119,120,120,119,120,119,120,117,117,116,115,113,112,113,112,111,111,111,110,108,110,109,110,109,112,109,111,111,110,108,107
E1,11,11,12,12,13,12,12,13,13,14,13,13,13,14,14,15,13,14,13,13,15,14,15,14,14,14,14,13,14,14,15,15,15,14,16,14,16,14,15,15,15,14,14,16,15,15,15,15,15,16,16,17,16,16,16,16,16,16,16,16,16,17,17,17,18,18,19,18,19,18,18,19,18,18,19,19,20,21,22,20,22,22,22,22,23,22,24,24,24,26,26,28,29,29,31,32,35,36,37,39,39,43,42,44,46,48,50,52,55,58,60,64,71,74,80,83,93,95,101,108,114,120,128,133,140,147,152,157,163,168,171,175,178,180,182,186,183,184,187,183,184,181,178,178,173,171,170,168,167,166,167,168,167,168,167,166,164,165,164,163,161,158,158,158,156,154,155,153,153,153,151,152,150,149,150,150,150,150,150,148,145,143
E2,10,12,12,11,12,13,13,13,13,13,13,14,14,14,12,14,13,13,15,14,14,14,14,15,15,15,14,15,15,14,13,15,16,14,15,14,16,15,14,15,15,15,14,15,15,15,15,16,15,17,16,16,16,15,16,16,16,17,16,17,16,17,17,17,17,18,18,19,18,19,18,19,19,18,19,20,19,21,20,21,23,21,23,22,23,23,25,24,26,27,27,28,28,31,33,34,38,38,39,42,43,43,44,46,48,49,53,55,61,62,65,67,72,77,85,90,94,100,106,111,117,122,129,134,142,148,152,158,161,164,167,170,171,172,173,173,172,173,173,172,170,168,167,165,163,160,160,161,159,157,161,158,159,158,160,157,157,159,157,157,153,154,150,150,152,149,150,146,147,146,146,147,145,144,146,148,144,147,144,144,142,142
E3,11,10,11,12,11,12,12,13,12,13,14,14,13,13,14,13,12,13,14,13,13,14,15,13,14,14,13,14,15,13,14,14,13,14,14,13,14,14,14,16,14,15,14,15,15,14,15,15,16,16,15,16,16,16,15,16,15,16,16,17,16,16,17,17,17,19,19,19,19,17,18,18,19,18,19,19,20,20,20,21,21,22,25,23,24,23,23,24,26,26,26,28,33,31,32,35,36,38,38,39,41,41,43,46,46,52,53,55,58,63,66,70,76,79,84,90,95,104,107,111,118,124,130,133,139,141,146,148,149,148,151,150,152,151,151,151,149,149,149,150,147,147,145,143,140,139,139,139,138,138,139,137,139,138,138,136,135,137,135,134,135,133,133,131,131,128,128,128,128,127,125,128,127,129,127,128,126,128,128,126,126,123
E4,10,11,12,13,14,15,16,20,19,21,23,24,23,27,27,28,27,29,28,31,31,34,33,34,33,34,34,35,32,35,34,33,35,33,35,33,34,36,33,33,33,33,34,34,33,35,35,34,35,34,34,35,34,35,35,34,34,34,34,34,35,35,34,34,35,35,35,36,35,35,34,34,33,35,34,34,35,35,33,34,35,34,33,34,33,33,33,34,31,34,32,33,33,33,32,33,33,34,34,33,32,33,34,32,36,33,33,33,34,33,32,34,33,32,33,33,35,33,33,33,33,34,33,33,35,33,35,35,32,35,34,33,34,34,35,36,37,36,36,36,36,36,36,36,36,37,37,38,39,39,39,40,41,40,41,44,44,44,44,45,46,45,46,47,49,50,50,52,53,54,56,56,58,60,63,65,65,66,68,68,69,68
E5,11,11,12,13,13,14,16,18,19,21,23,26,25,28,29,28,30,30,33,32,33,34,34,35,36,37,38,41,38,38,39,40,39,39,40,38,40,41,39,39,40,39,41,40,41,40,41,41,42,42,41,44,42,41,41,42,42,42,42,42,41,41,41,42,42,43,42,43,42,41,42,41,42,41,41,41,41,42,43,41,40,42,42,42,41,41,41,42,40,42,44,42,41,44,39,41,40,41,41,40,44,42,41,43,41,41,42,41,42,40,40,41,42,43,42,45,42,43,42,43,43,44,45,45,44,45,44,44,42,44,45,45,45,47,46,49,48,51,50,50,51,53,53,52,54,53,54,55,55,55,57,59,61,62,63,65,66,69,70,70,70,72,73,73,76,76,76,76,76,77,76,78,77,79,80,81,80,82,81,82,80,81
E6,11,11,12,12,14,14,16,17,18,21,23,24,26,28,28,30,30,31,32,33,36,35,37,38,38,38,39,39,40,43,41,42,42,42,43,44,42,44,44,43,45,45,45,45,46,45,46,45,46,48,46,46,46,47,46,46,47,46,46,46,46,47,48,46,48,48,50,47,48,48,48,48,46,47,47,47,46,46,46,48,46,47,46,46,48,47,48,48,49,49,49,49,48,46,48,47,49,49,50,49,51,53,50,51,52,50,52,51,51,52,51,50,52,51,54,52,53,53,53,55,56,57,57,59,62,61,63,65,64,66,68,69,70,71,71,73,76,77,79,80,82,82,83,83,82,82,84,83,84,83,82,83,84,85,85,85,84,85,85,84,84,83,84,84,82,82,81,81,83,83,82,83,82,84,85,84,85,83,85,85,84,81
E7,10,12,11,12,12,12,12,14,13,15,15,14,15,16,15,15,14,16,17,17,16,18,18,18,18,18,20,19,19,18,20,19,20,20,21,23,22,22,21,22,24,25,24,25,26,26,27,28,28,30,31,31,32,33,34,35,36,38,39,41,42,44,48,49,50,53,56,58,60,63,65,69,72,74,79,84,89,92,101,103,109,116,126,129,139,149,159,169,178,193,207,224,244,263,288,307,323,351,378,401,429,459,492,516,546,588,626,671,713,762,816,866,916,970,1032,1080,1142,1195,1262,1311,1369,1422,1461,1497,1520,1525,1516,1508,1482,1447,1427,1402,1374,1350,1322,1294,1266,1242,1221,1207,1184,1170,1158,1132,1116,1098,1084,1074,1060,1044,1042,1027,1014,1010,1006,998,987,978,961,955,942,933,924,914,911,900,896,884,874,868,867,861,859,854,855,845,841,835,829,820,811,809
E8,11,11,12,11,12,13,13,13,13,13,14,13,14,17,15,19,15,16,15,18,17,17,18,18,18,19,20,18,19,20,21,23,21,21,21,22,22,22,23,23,25,25,24,25,25,27,27,29,30,30,30,32,33,34,35,36,38,40,40,42,43,45,48,50,53,54,57,60,62,64,68,72,74,78,80,86,89,95,104,107,116,122,128,137,147,154,163,175,189,200,217,233,256,275,300,323,347,370,395,418,443,474,510,545,579,625,665,709,754,811,860,913,961,1013,1078,1136,1187,1256,1317,1374,1434,1480,1524,1564,1589,1591,1579,1566,1542,1508,1481,1451,1423,1397,1370,1341,1305,1285,1261,1249,1232,1212,1195,1175,1158,1142,1127,1112,1101,1092,1083,1067,1059,1049,1048,1031,1023,1016,1003,988,976,967,959,948,945,931,925,918,910,903,896,894,888,883,881,876,872,865,859,848,839,835
E9,11,11,12,12,12,12,13,14,15,13,15,14,14,16,15,16,17,16,19,17,17,18,18,19,19,18,19,19,20,20,20,20,21,22,21,22,21,23,23,24,25,24,26,25,26,27,27,29,30,30,31,32,33,34,36,37,37,39,40,42,44,46,46,50,52,55,57,60,61,65,67,71,73,78,80,86,92,97,106,108,116,124,129,137,147,154,162,175,188,203,215,237,256,281,307,329,353,381,406,430,456,489,526,555,584,628,673,714,762,814,868,924,974,1027,1093,1152,1208,1273,1331,1389,1447,1505,1545,1580,1599,1608,1601,1589,1565,1533,1509,1473,1451,1422,1393,1364,1335,1313,1284,1268,1253,1237,1215,1199,1176,1164,1147,1134,1122,1107,1106,1092,1082,1073,1070,1056,1044,1034,1024,1013,996,991,980,973,965,952,946,942,932,924,920,912,913,910,907,902,894,894,884,876,866,861
E10,10,11,11,12,12,12,13,13,12,13,14,12,13,13,13,13,14,14,13,13,13,14,13,14,14,14,12,13,14,13,14,14,16,13,13,13,14,14,13,13,14,14,14,13,14,14,14,15,14,15,15,15,14,14,15,14,14,13,14,13,14,14,14,15,15,14,15,15,15,14,14,14,14,13,14,14,14,13,14,13,13,15,13,14,14,15,14,14,13,15,13,14,15,13,14,13,13,13,14,17,13,14,14,14,15,15,12,13,14,13,13,12,14,13,12,13,14,13,13,13,14,14,13,12,13,14,14,13,14,13,14,13,13,13,13,14,13,13,13,14,14,14,13,13,13,13,13,13,13,14,14,14,13,14,14,13,13,14,12,13,13,13,13,13,13,12,14,14,15,13,12,12,13,13,14,14,13,13,13,13,14,13
E11,10,11,12,11,12,12,12,13,13,13,13,13,14,13,13,13,14,13,14,14,13,13,13,14,14,14,13,14,12,16,14,15,15,13,13,13,13,14,13,14,14,14,13,13,13,13,13,15,14,14,14,14,14,15,14,15,14,14,14,13,14,14,14,14,14,15,15,14,14,14,14,14,14,14,13,15,13,13,14,14,14,14,18,13,13,12,13,13,16,13,13,14,13,13,16,15,13,14,13,14,13,12,13,13,12,13,13,12,12,13,12,14,13,12,13,13,13,14,13,14,13,14,13,13,13,14,14,14,13,13,13,13,14,12,13,14,14,13,13,13,14,13,13,14,13,12,13,14,13,12,12,12,13,13,14,12,14,12,13,14,13,13,13,13,13,12,14,13,13,13,14,13,13,13,13,14,15,13,14,13,13,13
E12,10,11,11,11,12,12,12,12,13,11,12,13,13,13,13,12,13,13,13,14,14,13,13,14,14,13,13,15,14,14,14,13,13,14,14,13,14,13,13,13,14,14,13,14,14,14,14,14,14,14,14,14,15,13,13,14,13,14,14,14,14,15,14,14,14,15,15,15,14,14,14,14,14,13,13,14,14,14,16,15,14,14,14,13,13,13,13,12,13,13,13,15,13,13,12,13,13,12,14,14,13,13,14,12,13,13,12,13,13,11,12,13,13,12,13,15,16,14,12,12,13,13,13,13,13,13,13,13,13,14,13,11,12,12,14,14,13,14,12,13,13,13,14,12,14,13,12,13,12,13,13,14,13,13,12,13,14,13,14,14,13,13,13,12,13,12,13,14,13,13,14,13,13,12,13,13,14,12,13,13,13,13
F1,10,12,13,12,13,13,13,13,13,13,13,12,14,12,14,13,13,13,14,15,16,14,14,14,15,16,15,14,15,17,14,14,18,16,15,17,16,15,15,14,15,15,15,15,17,15,15,16,16,16,16,17,16,17,16,17,16,17,17,17,18,18,18,19,20,19,20,20,21,21,21,20,21,22,22,22,24,23,24,24,25,26,28,28,29,30,29,31,32,32,34,37,37,40,43,45,48,51,53,59,60,59,62,66,67,69,73,76,82,84,89,99,103,111,122,130,139,149,159,170,182,195,205,216,224,235,246,258,267,273,284,289,298,301,303,303,302,303,306,301,297,295,290,286,282,277,272,271,267,266,266,265,267,264,266,263,259,259,258,254,252,251,250,245,244,240,242,238,236,236,231,234,231,233,232,232,228,229,228,223,221,220
F2,11,11,12,12,13,12,13,13,14,14,13,14,13,14,14,13,12,14,15,14,14,14,14,15,15,15,15,15,14,14,15,14,17,15,14,17,15,14,15,15,16,14,15,15,15,16,16,16,16,16,16,17,17,16,17,17,17,17,17,17,18,18,18,18,18,20,20,20,21,20,20,21,22,21,22,22,22,23,26,26,26,25,26,27,28,29,30,31,31,33,34,38,37,41,42,43,48,49,55,56,58,58,61,62,63,67,70,77,77,82,86,93,101,106,117,123,131,142,152,162,175,185,193,203,214,223,234,244,251,257,268,273,277,280,281,281,281,281,283,279,276,274,269,267,263,258,257,253,252,253,252,251,251,250,249,247,248,247,247,241,240,238,235,235,234,232,229,227,227,226,224,223,222,224,221,222,219,222,219,217,215,215
F3,11,11,11,13,13,12,13,13,12,13,14,13,14,14,14,12,14,14,13,15,15,14,15,15,16,15,15,16,14,15,14,14,14,14,14,15,15,15,15,16,15,15,15,15,15,17,15,16,16,16,16,17,16,17,17,16,17,17,18,18,18,17,18,18,19,20,20,20,20,20,20,20,21,22,22,22,22,22,23,25,26,27,26,27,28,29,30,30,33,34,36,39,38,39,46,45,50,52,54,56,58,59,61,63,66,69,70,75,80,84,90,96,103,110,119,130,138,146,155,163,175,186,198,207,216,227,236,243,252,257,265,270,273,277,277,276,275,277,276,274,270,267,262,261,258,254,252,248,247,248,249,248,249,247,248,245,245,244,241,238,236,236,233,234,231,231,227,225,222,222,222,223,218,221,221,220,219,220,217,215,212,210
F4,11,11,12,13,14,15,16,18,19,21,21,23,23,24,23,25,25,24,26,25,26,26,25,25,25,25,27,23,25,24,24,23,24,22,23,23,26,23,24,23,23,22,22,24,23,24,23,22,22,24,23,23,23,23,23,23,24,22,22,23,23,22,24,22,24,23,23,24,23,23,22,22,22,22,22,21,22,23,21,23,23,23,22,23,22,22,24,23,22,21,24,21,21,21,22,22,20,22,23,20,22,24,21,23,21,20,21,21,24,20,21,20,20,21,19,19,21,21,20,21,20,20,19,21,22,20,21,20,20,20,20,19,20,20,20,20,20,22,19,22,19,20,20,19,20,19,19,21,20,20,20,20,18,20,20,20,20,20,20,19,18,17,18,19,19,19,18,20,19,18,18,20,20,19,19,19,20,20,19,19,20,20
F5,11,11,12,13,15,15,17,18,19,21,22,23,23,25,22,24,25,22,23,24,23,23,23,23,24,24,26,24,23,21,23,23,23,21,22,21,21,21,22,21,22,20,21,21,22,22,22,22,22,21,21,22,21,22,22,21,22,21,21,22,22,21,21,21,21,22,21,21,21,21,21,21,21,19,20,20,19,20,21,21,21,20,20,20,20,20,21,20,20,20,19,20,19,20,19,20,20,20,21,19,20,18,21,20,19,18,19,19,18,20,19,19,18,20,20,20,19,22,19,19,19,19,19,20,19,20,18,19,20,19,19,19,19,19,18,19,18,19,18,20,20,19,18,20,17,17,18,18,19,17,18,18,19,19,17,18,19,17,19,17,18,19,19,17,18,18,18,18,19,18,18,17,18,18,18,18,17,17,19,19,19,18
F6,10,11,10,13,13,15,16,18,20,19,22,22,23,23,24,25,25,25,26,25,25,25,25,26,25,25,26,24,24,25,25,27,24,24,25,22,24,24,24,24,22,21,22,24,23,23,23,22,24,23,23,23,23,22,23,21,22,23,23,22,22,23,23,23,23,23,23,23,24,23,22,23,22,22,22,22,21,22,22,22,22,21,23,22,22,21,21,22,20,21,21,24,21,22,20,21,21,21,23,21,22,23,21,20,20,21,22,23,20,21,22,20,21,20,20,20,19,21,20,21,21,21,20,21,20,21,19,20,21,20,20,22,21,20,20,21,22,20,21,20,20,20,21,20,20,19,20,20,21,20,20,19,20,19,20,20,21,21,19,21,19,20,20,18,20,19,19,19,19,19,19,20,19,20,20,19,18,19,18,17,19,19
F7,9,10,11,13,12,12,13,13,14,15,14,14,14,16,16,15,16,16,16,18,18,18,20,19,20,20,21,19,22,21,21,20,22,22,25,24,24,26,24,25,26,27,27,27,29,29,30,32,32,33,36,37,37,39,40,41,42,44,47,48,50,52,53,57,60,63,65,68,71,75,77,81,84,88,93,97,104,111,116,123,131,138,148,157,167,179,190,201,217,228,247,264,282,308,341,372,397,431,461,496,518,565,603,636,661,715,762,814,870,925,983,1046,1106,1165,1243,1305,1368,1436,1504,1556,1603,1634,1629,1624,1617,1581,1551,1520,1492,1448,1408,1371,1330,1308,1298,1283,1265,1251,1234,1225,1195,1179,1159,1134,1119,1106,1083,1075,1069,1056,1053,1038,1035,1027,1027,1018,1007,1002,992,985,970,967,956,950,946,931,926,916,909,904,893,890,888,884,872,881,872,867,866,854,843,845
F8,11,11,11,11,12,12,13,14,14,13,15,14,15,17,16,16,16,16,18,17,18,19,18,18,19,19,21,22,21,20,20,22,22,20,22,23,24,24,24,24,26,26,28,27,28,28,31,30,32,32,34,35,36,37,39,40,41,43,44,47,49,51,53,55,58,61,63,67,69,72,76,79,83,86,89,95,100,107,114,120,128,136,141,151,160,171,186,196,209,221,242,256,276,296,327,358,383,416,446,477,506,545,581,610,653,706,754,803,862,923,985,1049,1108,1168,1240,1304,1375,1441,1503,1559,1605,1632,1633,1634,1611,1580,1549,1517,1486,1442,1398,1358,1318,1296,1284,1266,1249,1231,1213,1198,1175,1157,1139,1121,1106,1093,1078,1067,1057,1041,1039,1030,1026,1018,1020,1009,999,996,981,975,961,957,948,936,937,924,919,912,903,899,896,887,877,870,862,860,850,848,843,830,822,820
F9,10,10,11,12,12,13,13,13,13,15,15,16,15,15,15,16,18,16,17,17,18,17,19,18,19,19,23,21,20,21,21,22,23,22,22,24,23,24,26,24,25,25,26,28,28,29,30,30,32,33,34,35,37,37,39,41,42,44,45,47,49,51,54,57,59,62,64,69,71,74,77,82,86,89,93,100,105,113,120,128,136,146,153,163,172,181,196,209,230,244,264,290,314,338,363,389,414,444,476,513,550,592,638,685,735,784,844,898,959,1015,1077,1140,1200,1252,1327,1383,1433,1478,1512,1522,1523,1512,1481,1457,1425,1389,1358,1322,1278,1240,1207,1195,1178,1158,1146,1129,1115,1102,1089,1070,1055,1039,1029,1011,996,985,973,963,955,947,943,935,928,925,921,913,902,901,891,885,871,866,857,850,846,834,830,821,809,804,798,796,793,787,787,787,782,778,776,768,760,756
G1,12,11,11,12,11,12,12,14,13,13,14,13,13,14,15,15,14,14,15,14,14,15,16,14,15,15,16,18,15,15,14,15,15,17,16,15,14,15,16,16,15,16,15,15,16,16,17,16,17,17,19,17,18,17,18,18,18,19,18,19,19,19,20,20,20,22,23,23,22,22,23,23,23,24,25,26,26,27,28,29,29,31,32,33,34,34,36,37,38,41,41,44,46,50,51,54,60,63,66,70,77,77,81,85,84,88,91,94,99,105,111,120,128,139,151,165,176,189,203,216,230,247,259,274,291,305,316,330,342,354,364,375,381,388,393,393,393,395,395,392,388,383,378,371,368,362,358,355,348,343,345,341,342,342,343,338,334,334,331,327,323,323,317,318,315,311,310,308,304,302,300,300,298,297,298,295,292,292,289,285,283,283
G2,11,12,11,13,12,13,13,13,13,13,14,15,13,15,15,14,14,14,13,14,14,14,14,14,16,14,14,14,15,14,19,15,14,17,15,16,17,15,15,17,16,15,15,15,16,16,17,17,16,17,17,17,17,18,17,18,18,17,18,18,19,19,19,20,21,21,21,21,22,22,22,22,22,24,23,24,25,27,26,27,28,29,30,32,32,32,36,36,36,37,39,42,42,45,48,51,56,59,63,64,69,71,76,75,79,80,84,88,92,98,103,112,119,129,139,149,161,173,184,196,213,224,238,251,264,275,285,298,310,319,328,338,345,349,354,354,352,354,354,353,348,342,339,336,329,325,320,317,314,311,313,312,314,310,311,306,304,304,301,298,295,291,291,289,288,284,285,281,279,276,274,274,272,273,273,272,269,270,266,266,263,262
G3,11,13,12,12,13,13,13,13,13,15,13,14,14,14,13,14,13,15,14,15,15,15,15,14,15,15,15,16,16,14,15,15,16,16,16,17,17,16,17,16,16,16,16,15,16,16,16,17,16,18,18,18,18,18,18,17,18,18,19,20,18,20,20,19,20,21,22,22,22,22,22,22,23,24,24,24,27,26,26,28,28,29,30,30,33,31,36,36,35,39,39,41,42,46,51,53,56,59,62,66,68,70,72,75,76,81,82,88,94,97,103,109,119,128,138,147,158,167,180,191,204,219,230,242,256,269,280,291,301,308,323,328,334,343,346,347,349,348,349,346,341,339,334,330,327,318,317,312,310,306,310,307,308,310,308,305,304,304,298,297,294,295,290,289,287,284,283,280,279,278,280,275,273,274,273,275,269,270,268,265,265,261
G4,11,11,12,13,14,16,16,16,19,19,21,21,21,21,21,20,20,21,21,21,21,20,22,21,20,21,21,21,19,21,21,21,19,21,22,20,20,19,21,20,20,21,19,19,20,19,19,20,20,19,19,19,20,19,18,19,19,19,19,19,19,19,19,19,20,20,19,19,19,20,19,19,18,19,18,18,18,19,19,19,18,17,18,18,17,17,18,19,20,18,18,16,18,18,17,18,18,19,18,19,17,17,18,20,18,17,18,20,18,17,21,18,16,16,17,18,17,17,18,17,18,18,18,19,18,18,18,18,17,17,17,18,18,17,16,16,18,18,19,18,17,18,17,17,18,18,17,17,17,17,17,16,16,18,17,18,18,16,16,17,16,17,17,17,17,17,16,16,16,17,17,17,17,15,17,18,17,16,16,16,18,16
G5,12,12,12,13,15,16,16,17,19,20,20,21,22,21,20,25,21,21,25,21,22,20,22,21,21,21,21,20,21,21,24,23,20,23,19,20,19,19,19,20,19,19,19,20,20,20,19,19,20,19,21,19,20,19,19,20,19,19,19,19,19,19,20,19,20,21,20,20,20,19,19,19,19,19,19,18,18,19,18,19,18,19,18,18,17,19,18,19,18,18,18,19,19,17,20,18,19,19,18,17,18,19,20,19,18,17,19,18,18,16,18,18,17,19,18,16,17,18,20,18,19,17,17,18,17,17,19,18,17,18,17,17,17,18,17,17,18,17,17,17,18,18,18,18,17,17,18,16,16,19,18,16,17,17,17,17,17,18,17,16,17,17,17,17,18,17,16,17,18,15,17,17,16,17,17,18,18,17,18,18,16,16
G6,10,10,11,13,13,15,16,17,18,19,20,21,21,23,21,22,22,21,21,22,22,22,22,21,21,22,22,24,21,19,21,21,21,23,20,20,22,20,20,19,20,20,22,20,19,19,19,19,20,19,21,20,20,20,20,20,20,19,20,19,20,20,19,20,19,20,20,20,20,21,20,19,19,19,19,19,19,18,19,19,18,19,20,19,18,19,20,19,18,19,17,18,22,20,19,18,20,19,18,21,18,19,17,18,18,17,18,18,18,20,18,18,18,17,20,17,18,17,18,17,18,18,18,17,17,17,18,17,18,17,18,18,17,19,18,17,18,17,17,17,18,18,18,18,18,17,18,18,17,18,16,17,18,18,17,18,17,16,18,19,16,16,18,17,16,16,17,17,18,17,17,18,18,17,17,15,18,16,17,17,18,16
H6,10,10,11,11,12,14,15,15,15,16,15,15,17,18,15,15,16,15,16,17,16,15,17,16,15,15,15,16,16,18,15,15,18,15,14,14,14,16,15,14,14,16,15,14,15,15,15,14,16,15,15,15,15,15,15,14,15,15,14,15,14,14,15,14,14,14,15,15,16,15,14,15,15,14,14,14,15,14,14,16,15,13,15,14,14,13,14,13,12,14,14,13,13,13,15,12,14,14,14,14,13,13,14,13,12,14,15,13,13,13,15,14,13,16,12,14,13,12,13,13,14,13,13,14,14,14,14,12,13,13,14,14,14,13,14,12,13,12,15,13,13,13,13,13,13,12,14,14,13,13,12,13,14,13,13,13,13,12,13,13,13,13,13,13,13,13,13,12,13,13,13,13,13,13,12,14,12,13,13,12,13,12
H5,11,11,12,13,13,15,15,16,17,18,18,17,18,17,18,18,17,17,16,18,18,16,17,17,17,18,17,15,16,17,19,17,17,17,16,16,16,16,17,16,15,15,16,16,16,16,16,16,16,16,16,16,16,16,16,16,16,16,16,15,16,16,15,16,16,17,16,16,16,15,16,16,15,16,16,15,15,15,14,15,15,15,15,14,14,15,16,14,16,14,14,13,15,13,14,14,13,15,15,16,17,15,14,16,15,15,14,14,14,14,14,14,15,14,14,17,15,14,16,14,14,14,16,15,14,13,14,15,14,13,14,15,14,15,14,14,13,14,15,14,14,15,14,14,14,13,15,13,12,13,15,14,14,14,14,15,14,14,14,13,14,14,14,14,14,15,14,14,13,13,14,14,14,14,14,13,15,14,15,14,14,14
H4,11,12,12,12,13,14,15,17,16,17,17,17,16,17,18,16,17,15,17,17,18,16,17,17,17,17,16,19,17,18,16,17,18,16,17,16,15,16,16,15,16,16,15,16,16,16,16,16,17,15,16,16,16,15,16,16,16,16,16,15,16,15,16,15,16,16,16,16,16,17,16,15,16,15,15,15,14,15,14,16,14,15,16,16,14,15,13,14,14,15,14,14,15,14,15,16,17,14,15,14,16,16,13,14,15,13,18,15,13,15,15,13,16,14,14,15,14,13,15,15,14,15,15,14,14,15,14,14,14,14,13,14,13,15,15,15,14,13,15,15,14,14,15,14,14,14,13,14,14,14,14,14,14,15,14,15,14,14,14,14,14,14,13,13,12,12,13,14,14,14,13,14,14,13,14,13,14,14,14,15,13,15
H3,11,12,11,13,12,12,13,13,13,13,14,13,14,13,13,14,15,13,15,13,16,15,17,15,16,15,14,16,16,15,16,15,14,16,17,16,16,16,16,18,16,16,17,18,17,18,18,18,18,18,19,19,20,20,20,20,21,21,21,22,22,23,23,24,25,25,26,26,27,27,28,29,30,31,31,32,33,35,36,39,39,40,44,44,45,50,49,54,54,57,62,65,67,73,80,82,91,96,102,108,111,115,117,122,126,131,140,149,157,168,181,197,210,227,246,266,284,304,322,343,365,385,404,425,443,459,481,498,510,526,542,551,556,559,562,560,555,555,552,547,539,534,525,516,509,500,494,488,483,477,474,471,472,471,471,468,463,461,457,454,447,442,438,435,434,427,427,423,417,416,411,411,406,409,404,403,401,400,394,392,390,384
H2,10,12,11,12,14,12,13,13,13,14,13,14,14,14,14,14,15,14,14,15,15,15,16,15,15,16,16,16,19,16,16,15,19,16,15,16,16,15,18,16,16,19,17,17,17,17,18,17,18,19,18,19,19,19,20,20,20,20,20,21,21,21,21,23,24,24,24,25,25,26,26,26,28,28,29,29,29,31,33,35,36,37,39,39,40,42,45,45,50,50,52,54,60,63,65,72,76,82,88,92,98,98,104,110,124,126,128,140,148,157,150,162,172,186,201,217,232,250,266,281,301,322,339,358,377,392,411,427,441,456,469,485,493,497,504,507,503,503,503,498,490,484,477,472,464,459,450,446,438,435,432,432,430,429,430,424,420,420,414,412,406,403,401,396,393,389,389,385,383,381,375,375,372,371,372,369,365,364,362,357,354,353
H1,10,11,11,12,13,13,13,13,13,13,13,14,14,14,15,14,14,16,16,15,16,14,15,15,16,17,15,15,15,15,18,16,16,16,20,16,17,15,17,16,16,17,17,17,17,18,18,18,18,18,18,19,19,19,19,21,20,20,21,22,21,23,22,23,24,25,25,25,26,27,27,28,29,29,30,31,33,34,35,37,39,40,40,41,41,45,46,49,50,54,54,59,62,65,70,76,82,87,95,97,104,106,110,114,117,121,128,135,142,150,159,171,184,201,217,234,252,269,288,307,329,348,364,382,402,423,441,461,474,491,501,515,526,534,538,538,540,539,535,532,524,519,509,500,494,486,480,471,466,460,456,455,455,456,455,451,446,444,436,431,427,425,419,414,416,411,408,403,400,398,394,394,391,389,386,388,384,383,379,374,369,367