conditions,0.0,1.0,2.0,3.0,4.0,5.0,6.0,7.0,8.0,9.0,10.0,11.0,12.0,13.0,14.0
1,388.6666666666667,35.33333333333333,55.33333333333333,5.333333333333332,5.666666666666668,790.0,364.3333333333333,224.33333333333334,18.0,60.0,9.333333333333334,936.3333333333334,62.66666666666667,59.33333333333333,66.0
2,573.0,28.666666666666668,40.0,6.333333333333332,3.0,1046.6666666666667,315.3333333333333,320.3333333333333,37.0,26.0,4.0,1377.3333333333333,318.0,24.333333333333332,42.0
3,155.66666666666666,3.333333333333334,7.666666666666664,1.666666666666666,1.0,372.6666666666667,15.0,348.3333333333333,-5.666666666666668,16.0,3.0,654.6666666666666,43.666666666666664,22.333333333333332,2.333333333333332
4,476.3333333333333,32.0,89.66666666666666,6.333333333333332,6.0,894.0,258.3333333333333,73.33333333333333,33.0,104.33333333333333,9.0,1156.0,152.0,44.66666666666667,82.33333333333333
5,256.6666666666667,21.0,133.0,2.333333333333332,0.6666666666666661,1090.6666666666667,361.0,143.33333333333334,43.0,69.0,3.333333333333334,1042.3333333333333,244.0,38.0,40.333333333333336
6,22.666666666666664,3.333333333333334,10.666666666666664,0.6666666666666661,1.333333333333334,678.0,0.6666666666666661,114.66666666666667,6.0,26.666666666666664,1.0,34.33333333333333,807.0,19.333333333333332,4.333333333333332
7,560.3333333333334,37.66666666666667,135.66666666666666,8.0,2.333333333333332,904.6666666666666,421.3333333333333,180.66666666666666,48.0,126.0,5.666666666666668,1319.0,66.66666666666667,48.0,90.66666666666667
8,745.6666666666666,17.0,76.0,6.0,-0.3333333333333339,1371.6666666666667,489.0,139.33333333333334,21.0,66.66666666666666,4.0,1167.3333333333333,700.0,50.0,52.333333333333336
9,38.0,3.333333333333334,7.0,1.333333333333334,0.0,638.0,892.6666666666666,39.66666666666667,-6.666666666666668,39.666666666666664,1.333333333333334,29.0,629.6666666666666,25.666666666666668,2.3333333333333357
10,52.0,35.66666666666667,225.0,6.0,1.3333333333333321,1016.0,353.3333333333333,484.6666666666667,49.33333333333333,206.33333333333331,5.666666666666666,1111.3333333333333,306.0,42.0,169.66666666666669
11,541.0,29.666666666666668,253.0,3.333333333333332,1.6666666666666679,1380.6666666666667,184.66666666666669,400.0,22.333333333333332,156.0,5.0,722.6666666666666,831.0,34.33333333333333,46.333333333333336
12,1.0,3.333333333333334,4.0,0.3333333333333339,1.666666666666666,133.0,-4.333333333333334,5.666666666666666,-5.666666666666668,11.0,3.666666666666666,45.33333333333333,25.666666666666664,24.0,2.333333333333332
13,67.0,59.33333333333333,53.666666666666664,4.0,3.0,719.6666666666666,341.3333333333333,287.6666666666667,71.0,78.33333333333333,4.0,1158.6666666666667,7.666666666666668,45.33333333333333,56.0
14,216.33333333333334,28.0,37.0,6.0,0.6666666666666661,1079.6666666666667,293.3333333333333,75.33333333333333,68.0,39.666666666666664,5.0,1086.0,289.0,67.0,52.66666666666667
15,110.0,2.333333333333334,19.333333333333336,1.333333333333334,2.0,547.3333333333334,87.66666666666667,301.6666666666667,3.0,0.6666666666666643,-0.3333333333333339,82.33333333333333,695.6666666666666,42.66666666666667,2.333333333333332
16,412.3333333333333,54.0,105.66666666666666,7.333333333333332,4.0,826.0,198.66666666666669,23.666666666666668,65.0,61.666666666666664,7.333333333333334,1160.0,144.66666666666666,79.66666666666667,102.33333333333333
17,209.0,34.66666666666667,129.0,7.0,0.6666666666666661,1067.6666666666667,411.0,235.66666666666666,58.0,46.666666666666664,5.666666666666668,1119.3333333333333,223.0,64.66666666666667,13.333333333333336
18,111.0,2.666666666666666,13.0,2.0,1.666666666666666,677.0,1.666666666666666,271.6666666666667,-3.333333333333332,33.666666666666664,2.666666666666666,52.33333333333333,783.0,52.66666666666667,3.333333333333332
19,361.3333333333333,61.66666666666667,132.0,6.333333333333332,3.0,1076.6666666666667,310.3333333333333,148.0,53.33333333333333,135.0,6.666666666666668,1176.0,406.0,75.0,88.33333333333333
20,357.3333333333333,33.0,154.0,3.333333333333332,2.0,935.3333333333334,-6.333333333333334,31.0,67.0,78.0,5.0,851.6666666666666,315.0,66.0,50.333333333333336
21,26.0,2.333333333333334,24.0,1.333333333333334,3.0,430.3333333333333,1.3333333333333286,156.33333333333334,1.0,27.0,1.0,38.33333333333333,98.0,35.33333333333333,5.333333333333332
22,528.3333333333334,47.33333333333333,161.33333333333334,6.0,1.6666666666666679,1041.6666666666667,397.3333333333333,271.3333333333333,67.0,111.0,2.0,1155.3333333333333,359.0,65.33333333333333,139.66666666666669
23,708.3333333333334,23.0,213.0,4.0,0.6666666666666661,1153.0,280.6666666666667,216.66666666666666,47.0,143.33333333333331,1.333333333333334,941.3333333333334,455.0,63.66666666666667,29.333333333333336
24,10.0,0.3333333333333339,0.6666666666666679,2.0,0.6666666666666661,34.666666666666664,1.0,8.0,-4.666666666666668,30.0,1.0,48.33333333333333,7.666666666666666,3.333333333333332,5.333333333333332
25,149.0,78.0,158.66666666666669,6.333333333333332,7.0,978.6666666666666,232.33333333333331,39.33333333333333,85.0,38.33333333333333,3.666666666666666,1197.3333333333333,128.0,80.0,80.33333333333333
26,262.3333333333333,51.66666666666667,59.0,2.0,2.0,959.0,286.3333333333333,314.6666666666667,93.66666666666667,25.666666666666664,4.0,891.3333333333334,187.0,84.0,47.0
27,48.666666666666664,6.333333333333332,15.666666666666664,0.6666666666666661,0.6666666666666661,819.3333333333334,-0.3333333333333339,122.0,-2.666666666666668,23.0,1.0,689.6666666666666,256.6666666666667,72.66666666666667,3.333333333333332
28,68.66666666666667,77.66666666666667,127.66666666666666,6.0,6.0,941.3333333333334,311.0,57.66666666666667,88.0,47.0,1.6666666666666679,1181.6666666666667,131.0,18.0,76.33333333333333
29,309.6666666666667,41.0,96.0,2.333333333333332,2.0,1234.6666666666667,351.0,160.0,69.66666666666667,51.0,6.0,1422.6666666666667,226.66666666666666,88.66666666666667,20.0
30,53.66666666666667,2.333333333333334,16.333333333333336,1.333333333333334,1.0,589.3333333333334,3.6666666666666714,193.66666666666666,-5.666666666666668,23.666666666666664,3.666666666666666,42.33333333333333,300.0,11.666666666666668,3.333333333333332
31,290.6666666666667,83.0,99.66666666666666,4.0,5.0,910.6666666666666,295.3333333333333,148.66666666666666,57.33333333333333,112.33333333333333,5.0,1069.6666666666667,249.0,96.66666666666667,77.66666666666667
32,419.6666666666667,28.333333333333332,74.0,4.333333333333332,0.0,1247.6666666666667,423.3333333333333,528.3333333333334,69.0,84.33333333333333,3.666666666666666,1185.6666666666667,849.0,86.33333333333333,87.33333333333333
33,89.33333333333333,2.333333333333334,17.666666666666664,1.0,0.6666666666666661,403.6666666666667,-2.333333333333334,84.66666666666667,-6.666666666666668,23.666666666666664,1.333333333333334,432.6666666666667,325.0,7.333333333333332,4.333333333333332
34,467.3333333333333,89.66666666666667,132.0,4.333333333333332,4.666666666666668,1061.3333333333333,312.3333333333333,227.66666666666666,99.0,177.33333333333331,4.0,1159.3333333333333,314.0,85.66666666666667,102.66666666666667
35,470.0,25.0,192.66666666666666,3.0,2.333333333333334,1247.0,253.66666666666669,265.3333333333333,38.33333333333333,156.33333333333331,1.6666666666666679,946.3333333333334,644.0,92.0,23.666666666666664
36,9.666666666666666,-0.3333333333333339,3.666666666666668,0.6666666666666661,1.0,47.666666666666664,-6.333333333333334,203.0,-6.666666666666668,18.0,1.0,32.0,731.0,39.33333333333333,3.333333333333332
37,268.0,35.33333333333333,110.33333333333333,7.0,5.0,805.6666666666666,282.0,467.3333333333333,31.0,110.66666666666667,13.0,985.6666666666666,367.0,42.0,72.33333333333333
38,42.0,6.333333333333332,92.33333333333334,4.0,6.0,1413.0,242.0,3.0,35.0,84.66666666666667,5.666666666666668,646.6666666666666,763.0,36.33333333333333,33.666666666666664
39,54.666666666666664,5.333333333333334,10.0,1.333333333333334,0.6666666666666661,533.6666666666666,1.666666666666666,85.66666666666667,-5.666666666666668,24.0,3.666666666666666,52.33333333333333,93.66666666666667,38.0,3.333333333333332
40,516.0,35.66666666666667,110.0,8.0,9.666666666666668,899.0,322.6666666666667,575.6666666666666,22.333333333333332,107.33333333333333,9.0,1282.0,368.0,40.0,80.66666666666666
41,488.6666666666667,3.333333333333334,136.0,3.333333333333332,3.333333333333332,1375.6666666666667,421.6666666666667,330.6666666666667,33.0,90.33333333333333,5.666666666666668,624.6666666666666,168.66666666666666,36.0,24.333333333333336
42,50.0,0.0,0.6666666666666679,2.0,0.6666666666666661,506.3333333333333,-0.3333333333333339,32.666666666666664,-4.666666666666668,29.666666666666664,1.0,53.66666666666667,706.0,25.0,2.333333333333332
43,514.0,30.0,154.0,10.0,6.0,998.0,422.6666666666667,253.66666666666666,37.66666666666667,126.0,10.0,1339.0,626.0,23.0,112.33333333333333
44,460.6666666666667,14.333333333333332,166.0,4.0,-0.3333333333333339,1180.6666666666667,222.33333333333331,377.0,19.0,100.0,2.666666666666666,146.66666666666666,923.0,35.0,79.33333333333333
45,25.666666666666664,-0.6666666666666661,3.666666666666668,2.333333333333334,0.6666666666666661,209.0,945.0,7.666666666666666,-6.666666666666668,4.0,1.333333333333334,38.33333333333333,819.0,23.0,1.3333333333333321
46,549.0,28.666666666666668,180.66666666666666,4.333333333333332,2.0,1032.6666666666667,356.3333333333333,404.0,38.0,171.0,6.0,1207.6666666666667,600.0,25.0,115.66666666666667
47,570.6666666666666,9.333333333333332,186.0,2.0,0.6666666666666661,1280.6666666666667,126.66666666666667,826.6666666666666,23.333333333333332,139.66666666666666,2.333333333333334,598.6666666666666,967.0,44.66666666666667,3.333333333333332
48,3.666666666666666,-1.0,3.333333333333332,2.333333333333334,1.666666666666666,109.0,-0.3333333333333339,4.666666666666666,-5.666666666666668,26.666666666666664,1.666666666666666,209.33333333333331,32.666666666666664,24.0,2.333333333333332
49,320.6666666666667,46.66666666666667,126.33333333333333,8.0,8.0,798.6666666666666,411.6666666666667,242.66666666666666,42.33333333333333,103.33333333333333,7.0,1303.0,446.0,61.0,71.66666666666667
50,388.0,21.666666666666668,86.66666666666666,3.0,3.333333333333332,1350.3333333333333,347.3333333333333,340.0,58.0,73.33333333333333,4.0,416.66666666666663,248.0,67.33333333333333,48.0
51,59.0,3.0,8.666666666666664,-0.3333333333333339,0.6666666666666661,444.3333333333333,0.6666666666666661,229.66666666666666,-6.666666666666668,26.666666666666664,1.666666666666666,55.33333333333333,52.0,46.33333333333333,1.3333333333333321
52,351.3333333333333,55.0,123.0,6.333333333333332,8.0,922.6666666666666,310.3333333333333,279.3333333333333,69.66666666666667,93.0,9.0,1180.0,337.0,68.0,78.33333333333333
53,450.6666666666667,17.333333333333332,153.0,3.333333333333332,4.0,1234.3333333333333,475.3333333333333,655.6666666666666,65.0,63.0,6.333333333333332,536.3333333333334,188.66666666666666,75.0,25.333333333333336
54,58.666666666666664,2.333333333333334,3.333333333333332,0.6666666666666661,2.0,343.3333333333333,-1.333333333333334,94.33333333333333,-6.666666666666668,25.0,1.333333333333334,64.33333333333333,82.33333333333333,42.66666666666667,4.333333333333332
55,255.33333333333334,44.66666666666667,161.66666666666669,7.0,6.0,1017.0,442.0,323.0,68.0,142.66666666666666,11.0,1242.6666666666667,358.0,67.33333333333333,107.33333333333333
56,445.6666666666667,8.333333333333332,197.0,3.0,3.0,935.0,387.0,333.6666666666667,46.0,23.666666666666664,3.666666666666668,540.6666666666666,529.0,71.0,18.666666666666664
57,93.66666666666667,1.666666666666666,4.0,2.666666666666666,2.0,512.6666666666666,2.666666666666666,20.0,-9.666666666666668,28.666666666666664,0.3333333333333339,35.33333333333333,880.0,44.33333333333333,1.3333333333333321
58,587.0,66.33333333333333,197.33333333333334,7.333333333333332,0.6666666666666661,907.6666666666666,450.6666666666667,398.3333333333333,56.0,170.0,5.0,1157.0,415.0,86.0,138.66666666666669
59,172.66666666666666,23.333333333333332,206.0,3.0,3.0,1253.6666666666667,111.0,342.6666666666667,40.66666666666667,139.0,3.333333333333334,51.33333333333333,787.0,61.66666666666667,4.333333333333336
60,12.0,-0.6666666666666661,3.333333333333332,0.3333333333333339,1.666666666666666,27.666666666666664,1.666666666666666,106.0,-5.666666666666668,7.0,3.0,46.33333333333333,746.0,0.33333333333333215,2.333333333333332
61,97.66666666666667,72.0,106.66666666666667,10.333333333333332,7.0,944.6666666666666,314.6666666666667,173.66666666666666,77.0,110.33333333333333,8.333333333333334,1001.6666666666666,335.6666666666667,82.66666666666667,79.66666666666667
62,361.0,1.666666666666666,65.33333333333334,3.333333333333332,3.333333333333332,1207.6666666666667,379.3333333333333,264.3333333333333,78.0,36.33333333333333,6.0,197.66666666666666,110.0,72.33333333333333,43.333333333333336
63,139.33333333333334,1.333333333333334,7.0,0.6666666666666661,0.6666666666666661,352.0,552.0,151.66666666666666,-2.666666666666668,15.0,1.0,52.33333333333333,83.33333333333333,5.333333333333332,3.333333333333332
64,372.0,65.0,138.66666666666669,8.0,6.666666666666668,961.3333333333334,308.6666666666667,212.0,83.0,123.33333333333333,6.666666666666668,1185.3333333333333,474.0,82.0,86.33333333333333
65,336.3333333333333,32.0,118.0,1.0,3.0,1106.6666666666667,208.0,242.33333333333334,58.33333333333333,92.0,4.666666666666666,611.3333333333334,662.0,80.0,33.333333333333336
66,148.0,1.0,16.666666666666664,2.0,1.666666666666666,309.0,-1.333333333333334,216.66666666666666,-4.666666666666668,28.666666666666664,0.3333333333333339,62.33333333333333,762.0,4.666666666666668,1.3333333333333321
67,0.3333333333333339,70.0,142.66666666666666,9.333333333333332,6.666666666666668,986.3333333333334,328.3333333333333,299.6666666666667,86.66666666666667,157.0,8.0,673.3333333333334,338.0,75.33333333333333,91.66666666666667
68,391.3333333333333,8.0,195.0,3.0,2.0,1055.6666666666667,252.0,279.3333333333333,57.33333333333333,81.0,4.0,548.0,554.0,78.66666666666667,53.333333333333336
69,28.0,4.333333333333334,1.0,1.333333333333334,-1.0,383.66666666666663,1.666666666666666,17.0,-9.666666666666668,26.666666666666664,0.0,48.33333333333333,914.0,42.66666666666667,3.333333333333332
70,464.3333333333333,85.33333333333333,281.6666666666667,7.0,2.0,912.0,431.6666666666667,571.3333333333334,82.0,179.0,5.0,1063.3333333333333,720.3333333333334,94.0,156.33333333333331
71,520.3333333333334,6.666666666666668,154.0,1.666666666666666,0.6666666666666661,1153.6666666666667,-6.333333333333334,410.3333333333333,56.0,152.0,4.0,735.6666666666666,818.0,94.0,37.333333333333336
72,1.333333333333334,2.0,0.33333333333333215,-1.333333333333334,0.6666666666666661,18.666666666666664,-1.333333333333334,6.0,-0.6666666666666679,40.0,2.666666666666666,45.33333333333333,265.0,44.0,3.333333333333332
73,374.3333333333333,190.33333333333334,165.66666666666669,12.0,13.0,778.6666666666666,373.6666666666667,236.33333333333334,44.0,125.33333333333333,11.0,1070.6666666666667,265.0,41.66666666666667,146.33333333333334
74,248.66666666666666,10.333333333333332,111.0,1.0,6.0,1170.6666666666667,395.3333333333333,136.66666666666666,49.0,81.0,3.0,48.66666666666666,708.0,34.0,9.333333333333336
75,30.666666666666664,0.3333333333333339,2.666666666666668,1.666666666666666,-0.3333333333333339,394.66666666666663,2.6666666666666714,77.0,96.0,31.0,1.0,31.33333333333333,672.3333333333334,26.666666666666668,2.333333333333332
76,369.3333333333333,25.333333333333332,190.66666666666669,10.0,11.333333333333332,1118.6666666666667,464.6666666666667,265.0,39.0,145.33333333333331,10.0,1243.0,300.6666666666667,39.33333333333333,97.33333333333333
77,202.66666666666666,9.666666666666668,122.0,4.0,-0.3333333333333339,1267.6666666666667,245.66666666666669,110.66666666666667,25.333333333333332,114.0,5.0,467.66666666666663,776.0,40.66666666666667,18.333333333333336
78,29.666666666666664,-1.333333333333334,0.6666666666666679,2.333333333333334,1.0,224.33333333333331,3.666666666666666,104.0,-12.0,26.666666666666664,0.3333333333333339,35.33333333333333,641.0,33.0,2.333333333333332
79,433.6666666666667,25.666666666666668,141.0,11.0,6.0,1053.6666666666667,443.6666666666667,285.0,19.666666666666668,134.0,11.0,1163.0,332.3333333333333,53.0,99.0
80,242.0,0.6666666666666661,108.66666666666666,2.0,5.0,1311.3333333333333,2.666666666666666,205.66666666666666,23.666666666666668,53.666666666666664,3.0,45.33333333333333,116.66666666666667,12.0,-0.6666666666666679
81,23.666666666666664,0.0,0.6666666666666679,1.666666666666666,2.0,13.666666666666664,-3.333333333333334,11.666666666666666,-6.666666666666668,5.0,2.333333333333334,36.33333333333333,687.3333333333334,30.333333333333332,3.333333333333332
82,524.3333333333334,33.0,196.33333333333334,7.333333333333332,6.333333333333332,1022.6666666666666,504.6666666666667,424.0,42.66666666666667,173.0,11.0,1169.0,371.0,48.66666666666667,148.33333333333331
83,78.66666666666667,0.6666666666666661,131.0,1.666666666666666,7.333333333333332,1183.6666666666667,26.0,285.6666666666667,3.333333333333332,62.666666666666664,2.0,368.66666666666663,892.0,43.0,5.333333333333336
84,8.0,1.666666666666666,2.0,0.6666666666666661,0.0,17.666666666666664,-1.333333333333334,4.666666666666666,-6.666666666666668,0.6666666666666679,1.0,30.0,682.3333333333334,30.666666666666668,3.333333333333332
85,321.6666666666667,32.33333333333333,195.66666666666666,9.333333333333332,9.666666666666668,1093.0,126.0,350.0,42.66666666666667,114.0,9.666666666666668,1154.0,12.666666666666668,65.0,120.0
86,210.0,9.666666666666668,54.66666666666667,3.666666666666668,3.333333333333332,1177.6666666666667,347.6666666666667,180.66666666666666,67.66666666666667,97.33333333333333,3.666666666666668,23.33333333333333,557.3333333333334,86.66666666666667,0.33333333333333215
87,22.666666666666664,1.0,1.3333333333333321,1.666666666666666,1.333333333333334,220.0,-1.0,17.666666666666664,-6.0,24.666666666666664,4.0,47.33333333333333,45.66666666666667,1.6666666666666679,1.3333333333333321
88,338.6666666666667,45.66666666666667,178.66666666666666,10.0,12.0,887.6666666666666,326.6666666666667,358.3333333333333,61.66666666666667,70.66666666666667,8.0,1256.6666666666667,290.3333333333333,61.0,136.66666666666666
89,122.66666666666667,0.3333333333333339,99.0,0.6666666666666679,6.0,613.6666666666666,272.0,215.66666666666666,48.0,104.0,1.666666666666666,274.66666666666663,639.6666666666666,57.66666666666667,94.0
90,25.0,2.666666666666666,5.0,0.6666666666666661,0.6666666666666661,43.33333333333333,0.6666666666666661,14.666666666666666,-6.666666666666668,23.666666666666664,3.333333333333334,127.33333333333333,758.6666666666666,36.0,1.3333333333333321
91,281.0,48.0,164.66666666666669,10.0,7.0,896.6666666666666,401.6666666666667,288.0,67.0,155.0,11.0,879.6666666666666,369.3333333333333,76.0,122.0
92,257.3333333333333,1.0,143.0,1.6666666666666679,7.0,1047.6666666666667,1.666666666666666,220.66666666666666,38.0,119.0,4.0,380.33333333333337,676.0,62.0,8.333333333333336
93,24.666666666666664,1.666666666666666,0.33333333333333215,1.6666666666666679,2.0,16.666666666666664,3.666666666666666,61.0,-6.666666666666668,27.0,2.666666666666666,40.33333333333333,627.0,22.666666666666668,4.333333333333332
94,295.0,52.66666666666667,217.33333333333334,6.0,5.0,1061.6666666666667,474.6666666666667,444.6666666666667,31.333333333333332,207.0,5.666666666666668,1310.0,509.0,61.66666666666667,121.33333333333333
95,241.66666666666666,12.666666666666668,141.0,2.333333333333332,0.6666666666666661,1205.6666666666667,34.0,345.3333333333333,38.0,147.66666666666666,2.333333333333334,46.33333333333333,693.0,61.66666666666667,15.333333333333336
96,8.0,1.0,-0.6666666666666679,0.3333333333333339,0.6666666666666661,16.666666666666664,-3.333333333333334,347.0,-5.666666666666668,8.333333333333332,1.666666666666666,142.33333333333331,575.6666666666666,20.0,1.3333333333333321
97,242.66666666666666,45.33333333333333,186.66666666666669,7.0,3.333333333333332,1084.6666666666667,383.6666666666667,305.3333333333333,84.66666666666667,136.33333333333331,12.0,1119.6666666666667,220.0,91.0,111.33333333333333
98,187.33333333333334,9.666666666666668,12.0,1.333333333333334,4.0,1218.6666666666667,367.3333333333333,152.66666666666666,69.0,117.33333333333333,4.666666666666668,808.0,352.0,46.0,20.333333333333336
99,26.666666666666664,0.6666666666666661,3.333333333333332,2.666666666666666,0.0,314.66666666666663,1121.6666666666667,19.666666666666664,-5.333333333333332,20.0,0.6666666666666661,49.33333333333333,600.0,38.33333333333333,4.333333333333332
100,364.0,40.0,156.33333333333334,9.333333333333332,9.666666666666668,999.0,353.0,335.3333333333333,49.33333333333333,144.0,13.0,1069.3333333333333,166.0,88.66666666666667,129.33333333333331
101,198.0,1.333333333333334,94.0,1.6666666666666679,3.666666666666668,1187.6666666666667,331.0,178.66666666666666,58.33333333333333,124.0,2.666666666666666,60.66666666666666,-2.333333333333334,40.0,4.333333333333332
102,23.666666666666664,-1.333333333333334,1.3333333333333321,0.6666666666666661,1.0,209.0,-2.333333333333334,15.0,-4.666666666666668,26.666666666666664,0.6666666666666661,38.33333333333333,648.0,56.66666666666667,-0.6666666666666679
103,333.0,37.0,166.0,7.333333333333332,7.0,1027.6666666666667,441.3333333333333,289.3333333333333,101.0,83.66666666666666,12.0,1165.0,232.0,98.66666666666667,139.33333333333331
104,232.33333333333334,0.6666666666666661,3.333333333333332,0.33333333333333215,4.0,897.3333333333334,69.0,252.66666666666666,39.66666666666667,117.66666666666666,2.0,35.33333333333333,550.0,92.0,3.333333333333332
105,19.666666666666664,1.0,0.33333333333333215,-0.3333333333333339,0.6666666666666661,204.0,0.6666666666666661,10.666666666666666,-6.666666666666668,13.0,1.333333333333334,35.33333333333333,433.0,53.0,1.3333333333333321
106,485.3333333333333,86.0,228.66666666666666,9.0,7.333333333333332,978.6666666666666,333.6666666666667,430.0,48.66666666666667,206.0,10.333333333333332,1377.3333333333333,575.3333333333334,105.0,102.33333333333333
107,373.6666666666667,1.333333333333334,180.0,1.333333333333334,2.333333333333334,617.6666666666666,5.0,355.3333333333333,46.0,148.66666666666666,2.333333333333334,352.66666666666663,774.0,81.66666666666667,2.333333333333332
108,9.0,0.6666666666666661,1.3333333333333321,0.3333333333333339,0.6666666666666661,86.66666666666666,-0.3333333333333339,4.666666666666666,-6.666666666666668,17.0,1.0,42.33333333333333,595.3333333333334,23.333333333333332,2.333333333333332
109,161.0,12.0,140.0,8.0,7.333333333333332,1034.3333333333333,275.3333333333333,226.66666666666666,44.66666666666667,173.0,10.333333333333332,1014.0,239.0,49.66666666666667,99.33333333333334
110,14.333333333333332,0.6666666666666679,0.0,1.333333333333334,0.6666666666666661,959.3333333333334,886.3333333333334,17.666666666666668,22.666666666666668,34.666666666666664,0.6666666666666661,21.0,652.3333333333334,54.0,-0.6666666666666679
111,10.666666666666666,0.0,-1.0,1.333333333333334,1.666666666666666,7.666666666666664,-0.3333333333333339,4.666666666666666,-5.666666666666668,12.666666666666664,2.666666666666666,24.0,20.666666666666668,36.0,0.33333333333333215
112,254.0,20.333333333333332,167.0,9.666666666666668,11.0,940.3333333333334,334.6666666666667,429.6666666666667,38.0,149.0,10.666666666666668,1047.0,378.3333333333333,48.66666666666667,111.33333333333334
113,142.66666666666666,2.333333333333332,-1.0,1.666666666666666,11.0,787.3333333333334,-2.333333333333334,312.6666666666667,-1.0,125.66666666666666,1.333333333333334,20.33333333333333,686.3333333333334,46.0,3.333333333333332
114,9.0,0.3333333333333339,0.33333333333333215,0.3333333333333339,1.666666666666666,7.333333333333336,668.0,3.666666666666666,-5.666666666666668,13.0,0.3333333333333339,29.33333333333333,249.66666666666666,-1.666666666666666,2.333333333333332
115,242.66666666666666,25.333333333333332,161.0,8.0,0.6666666666666661,1011.6666666666666,11.0,356.6666666666667,45.0,164.0,10.666666666666668,844.6666666666666,361.6666666666667,42.66666666666667,83.66666666666666
116,72.66666666666667,7.333333333333332,7.0,2.0,0.6666666666666661,804.3333333333334,159.0,50.66666666666667,-3.666666666666668,114.33333333333334,3.333333333333334,23.33333333333333,586.3333333333334,38.66666666666667,3.333333333333332
117,8.0,-0.3333333333333339,1.0,0.6666666666666661,0.6666666666666661,1.3333333333333357,-1.333333333333334,28.0,-5.666666666666668,8.666666666666668,0.0,111.66666666666667,206.66666666666666,-2.0,4.333333333333332
118,510.3333333333333,25.0,230.0,11.0,11.333333333333332,1141.3333333333333,474.0,430.3333333333333,33.0,162.0,14.333333333333332,1171.3333333333333,418.3333333333333,43.33333333333333,153.66666666666666
119,8.666666666666668,16.333333333333332,19.0,1.666666666666666,0.6666666666666661,1137.3333333333333,2.666666666666666,69.66666666666667,2.0,159.33333333333334,1.0,27.33333333333333,395.6666666666667,36.0,4.333333333333332
120,8.666666666666666,1.666666666666666,-0.6666666666666679,1.333333333333334,0.6666666666666661,4.0,71.0,3.666666666666666,-6.666666666666668,4.0,1.0,35.33333333333333,12.666666666666666,20.333333333333332,2.333333333333332
121,151.66666666666666,25.333333333333332,66.66666666666666,5.0,9.0,813.3333333333334,395.0,247.66666666666666,61.0,179.0,10.666666666666668,719.6666666666666,282.6666666666667,26.0,87.33333333333334
122,114.66666666666667,4.333333333333332,5.0,2.666666666666668,10.333333333333332,997.3333333333334,37.0,27.666666666666668,44.33333333333333,115.0,2.666666666666666,31.33333333333333,264.0,80.66666666666667,4.333333333333332
123,13.0,0.3333333333333339,2.0,0.6666666666666661,-0.3333333333333339,6.0,0.6666666666666661,7.666666666666666,-5.666666666666668,31.0,1.666666666666666,27.33333333333333,265.3333333333333,59.0,3.333333333333332
124,270.0,28.333333333333332,153.66666666666666,4.0,12.0,973.0,436.6666666666667,160.66666666666666,66.66666666666667,159.66666666666666,7.666666666666668,964.6666666666666,338.6666666666667,57.66666666666667,94.33333333333334
125,0.3333333333333339,-0.6666666666666661,32.666666666666664,0.6666666666666679,8.0,841.6666666666666,13.0,8.666666666666668,32.33333333333333,146.66666666666666,0.6666666666666661,21.33333333333333,688.6666666666666,12.0,0.33333333333333215
126,10.666666666666666,-0.6666666666666661,1.0,1.666666666666666,-1.333333333333334,6.0,750.3333333333334,27.666666666666664,-4.666666666666668,6.666666666666668,0.3333333333333339,33.33333333333333,284.6666666666667,-1.0,1.3333333333333321
127,190.66666666666666,30.666666666666668,153.0,9.333333333333332,11.0,1246.6666666666667,435.0,185.66666666666666,63.0,180.0,10.0,838.6666666666666,347.3333333333333,75.33333333333333,103.66666666666666
128,144.66666666666666,0.3333333333333339,7.0,0.6666666666666679,0.6666666666666661,913.3333333333334,-3.333333333333334,267.3333333333333,0.6666666666666679,140.66666666666666,1.333333333333334,385.66666666666663,563.6666666666666,-0.33333333333333215,2.333333333333332
129,1.666666666666666,1.0,27.666666666666664,1.666666666666666,1.0,4.333333333333336,-2.333333333333334,5.0,-2.666666666666668,6.333333333333332,4.0,33.33333333333333,263.6666666666667,36.33333333333333,3.333333333333332
130,390.3333333333333,54.66666666666667,225.0,10.0,6.0,1054.0,-5.333333333333334,499.6666666666667,60.0,140.66666666666666,10.0,990.6666666666666,468.6666666666667,73.66666666666667,163.33333333333334
131,63.66666666666667,15.333333333333332,72.0,1.333333333333334,3.0,731.0,-0.3333333333333339,171.66666666666666,0.0,140.66666666666666,0.3333333333333339,30.33333333333333,614.0,50.33333333333333,-0.6666666666666679
132,4.0,1.333333333333334,1.0,1.333333333333334,0.6666666666666661,50.666666666666664,-3.333333333333334,4.333333333333334,-5.666666666666668,5.333333333333332,1.666666666666666,111.0,212.66666666666666,28.333333333333332,0.33333333333333215
133,221.0,26.666666666666668,201.0,8.0,13.333333333333332,1014.3333333333334,365.0,359.3333333333333,75.66666666666667,139.66666666666666,8.333333333333332,740.6666666666666,313.3333333333333,92.66666666666667,139.33333333333331
134,86.66666666666667,0.3333333333333339,33.0,1.333333333333334,0.6666666666666661,530.3333333333334,60.0,25.666666666666668,3.666666666666668,37.666666666666664,1.0,237.66666666666666,16.666666666666668,88.66666666666667,2.333333333333332
135,12.0,1.666666666666666,-1.6666666666666679,0.6666666666666661,0.6666666666666661,143.0,-3.333333333333334,8.333333333333334,-4.333333333333332,16.0,3.0,36.33333333333333,216.66666666666666,38.66666666666667,1.3333333333333321
136,213.0,36.66666666666667,143.66666666666666,8.333333333333332,13.0,1236.0,337.3333333333333,224.66666666666666,68.66666666666667,149.0,7.666666666666668,910.6666666666666,147.33333333333334,32.33333333333333,58.666666666666664
137,67.66666666666667,2.666666666666668,43.0,3.0,0.6666666666666661,647.3333333333334,50.0,31.666666666666668,49.66666666666667,154.0,1.666666666666666,105.33333333333333,577.6666666666666,-1.0,1.3333333333333321
138,9.0,0.3333333333333339,2.0,1.666666666666666,-0.3333333333333339,49.333333333333336,-0.3333333333333339,4.333333333333334,-6.666666666666668,4.0,3.666666666666666,33.33333333333333,183.66666666666666,38.0,3.333333333333332
139,251.66666666666666,40.33333333333333,159.33333333333334,8.333333333333332,10.0,1049.3333333333333,282.3333333333333,448.3333333333333,37.33333333333333,157.0,8.666666666666668,843.6666666666666,286.6666666666667,97.66666666666667,125.66666666666667
140,19.666666666666668,1.333333333333334,34.0,1.666666666666666,-0.3333333333333339,526.6666666666666,2.666666666666666,104.66666666666667,32.0,150.66666666666666,1.0,163.0,544.3333333333334,97.66666666666667,81.33333333333334
141,8.666666666666666,0.3333333333333339,-0.6666666666666679,0.3333333333333339,0.6666666666666661,2.0,-2.333333333333334,4.666666666666666,-5.666666666666668,9.0,0.3333333333333339,30.0,126.66666666666667,65.0,2.333333333333332
142,324.0,53.33333333333333,194.66666666666666,9.0,6.333333333333332,863.0,370.6666666666667,444.3333333333333,88.0,191.66666666666666,9.666666666666668,1098.0,493.6666666666667,107.0,113.33333333333334
143,21.666666666666668,-0.3333333333333339,30.0,1.666666666666666,1.0,521.0,-1.333333333333334,156.66666666666666,6.0,159.0,4.0,276.0,616.0,88.0,83.0
144,6.666666666666666,0.3333333333333339,36.0,-0.33333333333333215,-0.3333333333333339,2.0,-3.333333333333334,2.0,-6.666666666666668,1.0,1.666666666666666,35.33333333333333,330.6666666666667,24.333333333333332,4.333333333333332
145,576.0,41.0,31.333333333333336,2.0,5.333333333333332,577.0,60.66666666666667,25.666666666666668,54.66666666666667,82.33333333333333,8.0,1226.6666666666667,97.66666666666667,52.0,55.66666666666667
146,359.3333333333333,27.666666666666668,67.0,4.333333333333332,2.666666666666668,1103.6666666666667,312.0,29.0,42.0,56.66666666666667,5.0,1301.0,820.0,32.66666666666667,39.66666666666667
147,72.0,0.3333333333333339,3.666666666666668,2.333333333333334,2.0,699.0,-2.333333333333334,133.0,9.0,24.0,0.3333333333333339,70.33333333333333,339.0,23.666666666666668,3.333333333333332
148,576.3333333333334,35.66666666666667,113.66666666666666,3.0,1.3333333333333321,899.0,387.6666666666667,33.66666666666667,36.66666666666667,71.33333333333333,11.0,1099.0,172.0,32.0,86.33333333333333
149,478.0,24.666666666666668,61.0,3.0,0.6666666666666661,1056.6666666666667,373.3333333333333,52.0,43.0,45.33333333333333,6.0,1093.0,26.666666666666668,48.0,46.0
150,61.0,1.666666666666666,60.0,-0.3333333333333339,-0.3333333333333339,721.6666666666666,19.66666666666667,123.66666666666667,-2.0,25.666666666666664,2.0,34.33333333333333,104.33333333333333,19.0,4.333333333333332
151,719.6666666666666,39.33333333333333,197.0,10.0,3.666666666666668,527.0,267.3333333333333,448.3333333333333,38.0,104.66666666666666,7.666666666666668,1357.3333333333333,1059.6666666666667,48.0,107.66666666666667
152,750.0,17.333333333333332,185.0,1.0,2.0,1285.0,252.33333333333331,53.333333333333336,29.666666666666668,92.33333333333334,6.0,1018.0,50.666666666666664,51.0,23.666666666666664
153,27.666666666666664,25.666666666666668,12.666666666666664,1.666666666666666,1.0,248.66666666666669,-1.333333333333334,122.66666666666667,5.0,21.666666666666664,1.666666666666666,63.33333333333333,409.6666666666667,17.0,2.333333333333332
154,1172.0,35.66666666666667,162.0,5.0,2.0,858.3333333333334,384.3333333333333,47.66666666666667,53.0,136.66666666666666,5.333333333333334,1302.6666666666667,176.0,62.0,133.33333333333331
155,836.0,20.0,250.0,4.333333333333332,1.666666666666666,1244.6666666666667,256.6666666666667,62.33333333333333,23.666666666666668,158.66666666666666,3.333333333333334,715.0,177.0,47.0,4.333333333333332
156,16.666666666666664,1.0,5.666666666666664,2.333333333333334,1.333333333333334,138.33333333333331,-2.333333333333334,31.666666666666664,-7.666666666666668,30.0,1.666666666666666,22.0,274.6666666666667,17.666666666666668,2.333333333333332
157,306.3333333333333,75.33333333333333,60.0,4.0,6.333333333333332,1265.0,288.6666666666667,34.66666666666667,65.0,73.0,3.333333333333332,1393.3333333333333,38.66666666666667,77.66666666666667,40.33333333333333
158,532.3333333333334,27.0,51.0,2.0,0.6666666666666661,1133.6666666666667,441.0,40.666666666666664,63.0,57.0,6.0,1115.3333333333333,1013.0,71.0,52.333333333333336
159,36.666666666666664,3.0,10.666666666666664,1.333333333333334,-0.3333333333333339,440.0,-3.333333333333334,151.33333333333334,9.666666666666668,30.666666666666664,0.6666666666666661,26.33333333333333,193.33333333333334,20.333333333333332,37.0
160,197.33333333333334,55.33333333333333,46.0,8.0,4.0,851.3333333333334,492.6666666666667,35.666666666666664,69.0,107.0,6.0,1190.3333333333333,109.66666666666667,77.33333333333333,75.33333333333333
161,441.0,38.0,53.0,1.666666666666666,0.6666666666666661,1259.6666666666667,343.0,40.666666666666664,53.66666666666667,47.33333333333333,6.0,1362.0,174.0,50.66666666666667,40.0
162,70.0,2.666666666666666,16.666666666666664,0.6666666666666661,-0.3333333333333339,598.3333333333334,-2.333333333333334,78.0,-0.6666666666666679,25.666666666666664,1.0,61.33333333333333,942.0,47.66666666666667,4.333333333333332
163,231.66666666666666,55.66666666666667,139.0,7.666666666666668,4.333333333333332,859.3333333333334,-6.333333333333334,52.66666666666667,40.0,97.33333333333333,4.0,1102.6666666666667,584.0,62.33333333333333,122.33333333333333
164,228.0,34.0,198.0,3.0,0.6666666666666661,1042.0,404.3333333333333,42.666666666666664,56.0,107.0,5.0,743.0,40.0,63.66666666666667,54.333333333333336
165,34.0,1.333333333333334,5.666666666666664,1.0,1.666666666666666,457.0,-4.333333333333334,81.66666666666667,-0.6666666666666679,41.666666666666664,0.3333333333333339,46.33333333333333,301.6666666666667,44.66666666666667,2.333333333333332
166,72.33333333333333,53.33333333333333,218.0,7.0,2.666666666666668,944.6666666666666,362.3333333333333,146.33333333333334,67.33333333333333,103.66666666666666,4.333333333333334,984.6666666666666,184.66666666666666,73.66666666666667,120.66666666666667
167,920.3333333333334,19.666666666666668,235.0,3.0,0.6666666666666661,1313.6666666666667,427.6666666666667,144.33333333333334,40.0,89.66666666666666,3.666666666666666,290.0,477.0,70.0,3.333333333333332
168,28.0,-0.3333333333333339,1.6666666666666679,0.6666666666666661,0.6666666666666661,37.666666666666664,-3.333333333333334,2.333333333333334,-5.666666666666668,1.0,1.666666666666666,26.33333333333333,0.0,20.0,-2.666666666666668
169,103.33333333333333,74.66666666666667,47.333333333333336,3.0,2.0,1064.3333333333333,244.0,51.66666666666667,82.0,45.33333333333333,5.0,1134.3333333333333,61.66666666666667,96.66666666666667,91.33333333333333
170,82.0,32.33333333333333,40.0,1.666666666666666,0.6666666666666679,1189.6666666666667,312.0,36.66666666666667,37.33333333333333,36.66666666666667,3.333333333333334,1258.0,144.0,89.33333333333333,64.66666666666666
171,40.666666666666664,4.0,14.333333333333336,2.666666666666666,1.666666666666666,392.3333333333333,4.0,126.66666666666667,17.0,24.666666666666664,0.3333333333333339,22.0,235.66666666666666,60.33333333333333,42.0
172,55.0,79.66666666666667,118.0,6.0,6.0,915.6666666666666,417.6666666666667,46.66666666666667,89.0,105.33333333333333,5.0,1064.3333333333333,80.66666666666667,79.66666666666667,104.66666666666667
173,151.33333333333334,38.33333333333333,74.0,1.0,0.0,1191.6666666666667,244.0,61.0,84.0,72.33333333333333,2.666666666666666,853.6666666666666,128.0,79.0,57.33333333333333
174,52.0,2.333333333333334,14.333333333333336,1.0,0.6666666666666661,510.66666666666663,-1.333333333333334,282.0,17.333333333333332,6.333333333333336,0.3333333333333339,34.33333333333333,958.0,56.66666666666667,3.6666666666666643
175,130.66666666666666,65.66666666666667,84.66666666666667,6.0,5.333333333333332,958.6666666666666,451.3333333333333,4.0,78.0,122.0,7.666666666666668,1051.6666666666667,63.66666666666667,83.0,109.33333333333333
176,220.0,48.0,157.66666666666666,1.333333333333334,0.6666666666666661,1044.6666666666667,347.6666666666667,79.33333333333333,43.33333333333333,98.33333333333333,5.666666666666668,1269.3333333333333,188.66666666666666,73.0,61.33333333333333
177,51.0,2.0,21.333333333333336,1.333333333333334,0.6666666666666661,448.66666666666663,-1.333333333333334,77.66666666666667,11.666666666666668,4.666666666666668,0.3333333333333339,709.0,1018.0,58.33333333333333,2.333333333333332
178,972.0,96.66666666666667,212.0,3.0,0.6666666666666661,662.0,66.66666666666667,134.66666666666666,78.33333333333333,186.33333333333331,6.666666666666668,1011.0,1001.0,97.66666666666667,143.66666666666669
179,633.6666666666666,26.666666666666668,208.0,3.0,0.6666666666666661,1112.6666666666667,211.0,158.33333333333334,27.0,155.0,2.666666666666666,705.6666666666666,778.0,93.66666666666667,35.0
180,19.333333333333332,1.333333333333334,0.33333333333333215,1.333333333333334,0.6666666666666661,59.333333333333336,3.666666666666666,5.0,-5.666666666666668,21.666666666666664,4.0,32.0,251.66666666666666,33.33333333333333,1.3333333333333321
181,298.0,30.0,102.66666666666667,11.0,12.0,680.0,248.0,335.6666666666667,33.33333333333333,77.66666666666667,11.666666666666668,919.3333333333334,614.0,25.0,123.33333333333333
182,801.3333333333334,22.0,104.0,3.0,1.666666666666666,809.6666666666666,601.0,493.6666666666667,41.0,51.0,4.333333333333334,700.6666666666666,318.0,41.0,45.66666666666667
183,66.66666666666667,-0.3333333333333339,10.666666666666664,1.333333333333334,0.0,387.0,-1.0,89.0,-5.0,37.666666666666664,1.333333333333334,42.33333333333333,1051.0,14.666666666666668,1.3333333333333321
184,511.0,290.0,93.66666666666666,10.0,8.333333333333332,855.3333333333334,275.6666666666667,495.6666666666667,35.66666666666667,132.33333333333331,10.666666666666668,1017.0,644.0,49.33333333333333,112.33333333333333
185,858.0,7.666666666666668,98.0,5.333333333333332,5.0,1166.6666666666667,293.3333333333333,540.6666666666666,24.0,85.0,6.333333333333332,546.0,1105.0,40.0,37.666666666666664
186,42.666666666666664,1.333333333333334,2.0,-0.3333333333333339,1.0,346.0,1077.3333333333333,116.66666666666667,1.0,17.0,3.0,39.0,1066.6666666666667,19.666666666666668,4.333333333333332
187,33.66666666666667,31.666666666666668,143.66666666666669,9.0,6.666666666666668,691.3333333333334,427.6666666666667,493.6666666666667,30.0,155.0,11.0,1097.0,587.0,41.0,89.66666666666667
188,551.6666666666666,9.333333333333332,146.0,4.0,1.666666666666666,1293.6666666666667,165.0,581.3333333333334,34.0,86.33333333333334,4.666666666666668,171.0,299.0,56.0,8.333333333333336
189,37.666666666666664,-0.3333333333333339,5.0,0.6666666666666661,1.0,562.6666666666666,-4.333333333333334,31.666666666666664,-7.666666666666668,35.666666666666664,3.0,49.33333333333333,61.333333333333336,19.333333333333332,2.333333333333332
190,1218.0,26.0,227.33333333333334,5.0,4.0,750.0,403.6666666666667,567.3333333333334,44.33333333333333,200.0,6.0,1202.0,889.0,59.0,90.33333333333334
191,792.0,4.333333333333334,228.0,2.0,-0.3333333333333339,1286.6666666666667,204.0,523.3333333333334,23.0,66.66666666666666,1.666666666666666,737.3333333333334,1134.0,16.0,2.333333333333332
192,18.666666666666664,0.0,1.0,1.666666666666666,0.6666666666666661,147.33333333333334,-3.333333333333334,279.0,-5.666666666666668,7.666666666666668,1.0,38.33333333333333,951.0,-0.6666666666666661,1.3333333333333321
193,500.0,51.0,71.33333333333333,11.666666666666668,6.333333333333332,634.0,177.0,99.66666666666667,65.0,69.33333333333334,11.0,1197.6666666666667,554.0,77.0,87.33333333333333
194,432.6666666666667,20.0,66.33333333333334,3.333333333333332,4.666666666666668,1315.6666666666667,-6.333333333333334,621.6666666666666,62.0,36.666666666666664,2.333333333333334,781.3333333333334,914.0,77.33333333333333,45.0
195,46.666666666666664,2.666666666666666,4.333333333333332,1.666666666666666,1.0,388.6666666666667,-1.333333333333334,407.6666666666667,1.0,22.666666666666664,1.333333333333334,60.33333333333333,944.0,1.6666666666666679,3.333333333333332
196,818.0,59.0,92.33333333333333,8.0,9.0,652.0,250.66666666666669,516.3333333333334,66.0,124.0,9.0,1159.6666666666667,694.0,74.33333333333333,86.33333333333333
197,515.0,8.333333333333334,136.0,7.0,3.333333333333332,1168.0,-7.333333333333334,622.0,53.0,69.66666666666666,3.666666666666668,798.6666666666666,943.0,80.0,15.333333333333336
198,45.666666666666664,2.666666666666666,13.666666666666664,0.6666666666666661,2.0,277.0,-2.333333333333334,102.66666666666667,11.0,7.666666666666668,3.0,17.0,1011.0,37.66666666666667,3.333333333333332
199,908.6666666666666,63.0,122.0,9.666666666666668,8.0,653.3333333333334,318.3333333333333,509.0,67.0,132.33333333333331,9.0,1232.6666666666667,1234.3333333333333,80.66666666666667,68.0
200,539.0,26.0,170.0,3.333333333333332,4.0,1195.6666666666667,366.3333333333333,1021.6666666666666,23.0,111.0,1.666666666666666,496.66666666666663,1191.3333333333333,66.0,2.333333333333332
201,30.666666666666664,1.0,19.333333333333336,1.666666666666666,0.6666666666666661,232.66666666666669,3.666666666666666,40.0,-5.666666666666668,37.0,-0.6666666666666661,56.33333333333333,95.66666666666667,53.0,3.333333333333332
202,849.0,59.66666666666667,205.66666666666666,8.0,3.0,708.3333333333334,151.0,664.3333333333334,65.0,171.0,3.333333333333334,1286.0,1222.0,58.66666666666667,121.66666666666667
203,775.3333333333334,9.666666666666668,252.0,1.333333333333334,3.0,1214.6666666666667,169.0,613.3333333333334,35.66666666666667,158.0,2.0,118.33333333333333,1059.0,17.0,91.33333333333333
204,15.666666666666666,0.3333333333333339,1.0,1.333333333333334,1.0,110.33333333333333,-2.333333333333334,515.6666666666666,-6.666666666666668,8.333333333333332,0.6666666666666661,28.0,892.0,-1.0,1.3333333333333321
205,255.33333333333334,77.0,154.0,5.0,5.666666666666668,950.6666666666666,-6.333333333333334,77.66666666666667,88.0,83.33333333333333,5.0,1048.6666666666667,525.0,103.33333333333333,109.66666666666667
206,408.3333333333333,8.666666666666668,79.33333333333334,4.0,1.3333333333333321,1121.6666666666667,333.6666666666667,375.0,83.0,33.33333333333333,4.333333333333332,1318.0,311.6666666666667,59.33333333333333,51.0
207,49.0,-0.6666666666666661,18.666666666666664,1.666666666666666,1.0,688.0,-2.333333333333334,300.0,4.0,27.666666666666664,1.0,37.33333333333333,892.0,45.33333333333333,4.333333333333332
208,465.0,82.33333333333333,119.0,10.333333333333332,9.0,648.0,453.0,365.3333333333333,103.0,134.0,7.0,1014.6666666666666,659.0,90.66666666666667,69.33333333333333
209,526.0,32.0,134.0,2.0,2.666666666666668,1188.3333333333333,533.0,521.3333333333334,37.0,55.33333333333333,4.0,816.3333333333334,1054.0,86.0,25.333333333333336
210,62.0,0.6666666666666661,15.333333333333336,-0.3333333333333339,2.0,424.66666666666663,-4.333333333333334,347.6666666666667,-1.0,28.666666666666664,3.0,63.33333333333333,877.0,4.333333333333332,3.333333333333332
211,519.6666666666666,58.66666666666667,88.0,5.333333333333332,2.0,962.0,251.66666666666669,559.3333333333334,80.0,76.0,3.333333333333334,1115.6666666666667,562.0,92.33333333333333,78.66666666666667
212,457.0,0.0,97.0,6.0,3.666666666666668,844.6666666666666,49.0,742.3333333333334,83.0,109.33333333333334,2.666666666666668,1017.6666666666666,544.0,80.0,15.0
213,24.666666666666664,2.0,3.333333333333332,1.666666666666666,-0.3333333333333339,268.6666666666667,-3.333333333333334,45.66666666666667,-6.666666666666668,28.0,0.6666666666666661,62.33333333333333,695.0,42.66666666666667,3.333333333333332
214,174.66666666666666,87.66666666666667,169.66666666666669,5.333333333333332,6.0,914.3333333333334,261.6666666666667,122.66666666666667,87.0,205.0,6.666666666666668,909.6666666666666,827.0,103.66666666666667,110.66666666666667
215,392.0,41.0,189.0,3.0,0.6666666666666661,1202.6666666666667,283.0,615.3333333333334,11.666666666666668,139.0,3.666666666666666,799.3333333333334,1024.0,91.0,2.333333333333332
216,28.666666666666664,-0.3333333333333339,1.3333333333333321,0.3333333333333339,2.0,105.33333333333333,936.3333333333334,18.666666666666664,-6.666666666666668,17.0,1.666666666666666,201.66666666666669,962.0,83.66666666666667,2.333333333333332
217,774.3333333333334,21.0,192.66666666666669,11.0,10.333333333333332,861.0,377.6666666666667,413.6666666666667,34.0,137.33333333333331,10.0,1076.0,1183.0,36.0,56.333333333333336
218,70.66666666666667,0.6666666666666661,118.0,3.666666666666668,0.6666666666666661,1070.6666666666667,158.33333333333331,385.6666666666667,38.0,112.0,3.666666666666668,36.66666666666666,1337.6666666666667,50.0,5.333333333333336
219,46.666666666666664,1.0,1.0,0.6666666666666661,0.0,68.0,-3.333333333333334,44.666666666666664,1.0,25.666666666666664,1.0,29.33333333333333,846.3333333333334,20.666666666666668,4.333333333333332
220,773.6666666666666,37.66666666666667,189.0,10.333333333333332,6.666666666666668,747.3333333333334,424.3333333333333,968.3333333333334,35.0,137.0,9.333333333333332,1258.0,498.0,34.33333333333333,87.33333333333333
221,214.66666666666666,4.333333333333334,108.0,2.333333333333334,6.333333333333332,1076.3333333333333,252.33333333333331,339.6666666666667,28.666666666666668,94.33333333333333,2.0,139.66666666666666,297.0,19.0,3.333333333333332
222,41.666666666666664,-0.3333333333333339,2.333333333333332,1.333333333333334,0.6666666666666661,273.6666666666667,1.666666666666666,42.0,-5.666666666666668,26.0,3.0,62.33333333333333,835.6666666666666,39.0,2.333333333333332
223,595.3333333333334,28.666666666666668,154.66666666666669,8.0,8.666666666666668,788.0,350.3333333333333,566.6666666666666,47.66666666666667,161.0,11.666666666666668,1148.0,1472.6666666666667,27.333333333333332,54.333333333333336
224,191.66666666666666,10.333333333333332,140.0,2.333333333333332,3.666666666666668,1044.6666666666667,24.66666666666667,333.6666666666667,26.666666666666668,34.666666666666664,3.333333333333334,26.33333333333333,1318.3333333333333,40.66666666666667,3.333333333333332
225,23.666666666666664,0.3333333333333339,0.33333333333333215,1.333333333333334,0.6666666666666661,60.666666666666664,-2.333333333333334,19.666666666666664,-5.666666666666668,33.0,2.0,40.33333333333333,4.333333333333334,26.333333333333332,3.333333333333332
226,965.3333333333334,29.0,170.66666666666669,6.666666666666668,8.0,824.6666666666666,163.0,772.6666666666666,18.666666666666668,192.0,10.0,1176.0,1289.3333333333333,51.0,51.0
227,524.3333333333334,11.333333333333332,133.0,1.333333333333334,2.0,583.6666666666666,101.0,516.3333333333334,32.0,177.33333333333334,4.333333333333334,558.3333333333334,1280.3333333333333,3.333333333333332,74.33333333333334
228,18.0,0.0,1.0,1.333333333333334,0.6666666666666661,13.666666666666664,-2.333333333333334,26.666666666666664,-7.666666666666668,9.333333333333332,2.333333333333334,116.0,798.3333333333334,-2.666666666666666,3.333333333333332
229,832.0,54.0,182.66666666666666,10.0,11.0,754.6666666666666,391.6666666666667,516.3333333333334,60.0,0.6666666666666679,12.0,1088.6666666666667,655.6666666666666,65.33333333333333,127.33333333333333
230,358.6666666666667,10.333333333333332,65.33333333333334,2.0,2.666666666666668,1308.6666666666667,236.33333333333331,689.3333333333334,66.0,122.0,4.333333333333334,198.66666666666666,49.666666666666664,61.0,31.333333333333336
231,33.0,1.333333333333334,1.6666666666666679,2.333333333333334,1.666666666666666,381.6666666666667,-1.333333333333334,46.666666666666664,-5.0,8.333333333333332,1.666666666666666,46.33333333333333,1040.6666666666667,21.333333333333332,3.333333333333332
232,796.0,62.0,226.0,9.0,8.666666666666668,636.0,410.6666666666667,542.0,75.66666666666667,151.33333333333331,9.0,1179.6666666666667,433.0,77.0,152.66666666666669
233,17.666666666666668,2.0,104.0,1.333333333333334,5.0,500.0,122.0,426.6666666666667,44.33333333333333,113.0,2.666666666666666,253.66666666666666,835.6666666666666,84.0,1.3333333333333321
234,24.666666666666664,2.0,15.0,1.666666666666666,1.666666666666666,23.666666666666664,-6.333333333333334,39.666666666666664,-6.666666666666668,22.666666666666664,0.0,35.33333333333333,906.3333333333334,38.66666666666667,2.333333333333332
235,674.0,69.0,192.66666666666669,12.0,3.333333333333332,957.6666666666666,360.3333333333333,544.6666666666666,59.0,146.0,10.666666666666668,1153.0,1392.6666666666667,79.0,114.33333333333333
236,17.666666666666668,-1.666666666666666,151.0,1.333333333333334,6.666666666666668,917.6666666666666,116.0,348.0,33.0,132.0,3.0,206.66666666666666,1092.6666666666667,77.66666666666667,57.0
237,26.0,0.6666666666666661,1.3333333333333321,0.6666666666666661,0.6666666666666661,67.66666666666666,-1.333333333333334,20.0,-6.666666666666668,21.0,1.0,36.0,824.0,28.333333333333332,0.33333333333333215
238,1061.0,53.0,214.66666666666669,6.0,4.333333333333332,787.3333333333334,347.6666666666667,633.6666666666666,60.0,186.0,6.333333333333332,1164.6666666666667,279.0,72.0,153.66666666666669
239,25.666666666666664,5.333333333333332,117.0,1.666666666666666,1.666666666666666,1202.0,-2.333333333333334,478.3333333333333,26.0,151.0,2.0,42.33333333333333,1225.6666666666667,65.0,50.333333333333336
240,20.666666666666664,0.6666666666666661,0.33333333333333215,1.333333333333334,0.0,15.666666666666664,557.0,26.0,-6.666666666666668,1.6666666666666679,1.0,117.0,679.6666666666666,25.0,2.333333333333332
241,468.3333333333333,52.0,135.66666666666666,10.0,8.666666666666668,1094.6666666666667,416.0,463.3333333333333,99.66666666666667,123.33333333333333,12.0,1046.0,60.66666666666667,78.33333333333333,54.0
242,514.3333333333334,5.333333333333334,145.0,1.666666666666666,6.666666666666668,1099.3333333333333,330.0,455.0,5.0,102.66666666666667,2.666666666666668,446.66666666666663,194.0,90.33333333333333,48.666666666666664
243,44.666666666666664,-0.3333333333333339,1.3333333333333321,1.0,-0.3333333333333339,19.666666666666664,-6.333333333333334,53.333333333333336,-4.666666666666668,33.666666666666664,-0.6666666666666661,43.33333333333333,28.333333333333336,49.0,3.333333333333332
244,644.0,65.0,102.33333333333334,7.333333333333332,10.0,840.0,298.6666666666667,79.66666666666667,89.33333333333333,75.66666666666666,8.666666666666668,986.6666666666666,500.6666666666667,95.33333333333333,168.33333333333331
245,319.6666666666667,23.333333333333332,114.0,1.333333333333334,3.333333333333332,1207.0,260.6666666666667,487.6666666666667,37.0,96.0,1.6666666666666679,138.66666666666666,1146.3333333333333,91.66666666666667,26.333333333333336
246,49.666666666666664,1.333333333333334,16.0,1.666666666666666,1.0,179.0,1.666666666666666,38.0,-5.666666666666668,29.0,2.333333333333334,45.33333333333333,943.0,-1.666666666666666,3.333333333333332
247,551.6666666666666,54.0,166.66666666666669,9.0,11.666666666666668,1021.6666666666666,438.3333333333333,994.6666666666666,46.33333333333333,77.66666666666666,11.0,889.0,1054.3333333333333,97.33333333333333,106.33333333333333
248,693.6666666666666,2.333333333333334,3.333333333333332,2.0,6.333333333333332,896.6666666666666,-6.333333333333334,471.3333333333333,44.0,40.666666666666664,1.0,445.66666666666663,1157.0,21.0,23.333333333333336
249,19.666666666666664,1.0,1.3333333333333321,0.6666666666666661,2.0,93.0,1.666666666666666,31.0,-5.666666666666668,13.666666666666664,1.666666666666666,38.33333333333333,963.0,26.0,4.333333333333332
250,1074.0,55.66666666666667,180.0,8.0,7.333333333333332,836.3333333333334,395.3333333333333,729.6666666666666,95.0,210.66666666666666,10.666666666666668,1296.0,1197.6666666666667,95.66666666666667,137.33333333333331
251,248.66666666666666,0.3333333333333339,158.0,2.333333333333334,5.666666666666668,1142.6666666666667,-3.333333333333334,596.3333333333334,7.0,34.666666666666664,3.0,94.66666666666666,1140.0,89.66666666666667,3.333333333333332
252,18.666666666666664,-0.3333333333333339,1.0,2.333333333333334,1.666666666666666,10.666666666666664,-3.333333333333334,24.666666666666664,-6.0,34.0,0.3333333333333339,35.33333333333333,877.6666666666666,27.0,2.333333333333332
253,561.6666666666666,21.0,140.0,5.0,5.333333333333332,697.3333333333334,311.3333333333333,475.6666666666667,13.0,86.66666666666666,10.333333333333332,1074.0,1127.6666666666667,50.66666666666667,98.33333333333334
254,176.66666666666666,0.6666666666666661,49.0,4.0,0.0,747.6666666666666,-3.333333333333334,158.66666666666666,-4.666666666666668,137.0,1.0,16.33333333333333,1238.6666666666667,0.33333333333333215,4.333333333333332
255,13.666666666666666,-0.6666666666666661,3.0,0.3333333333333339,2.666666666666666,5.0,-0.3333333333333339,22.666666666666664,-5.666666666666668,26.0,2.0,29.0,481.6666666666667,29.666666666666668,2.333333333333332
256,560.6666666666666,14.333333333333332,118.0,10.666666666666668,7.333333333333332,744.6666666666666,-6.333333333333334,326.6666666666667,16.333333333333332,164.0,8.666666666666668,738.6666666666666,70.66666666666667,38.33333333333333,108.33333333333334
257,71.66666666666667,-0.6666666666666661,108.0,1.333333333333334,3.333333333333332,574.6666666666666,1.666666666666666,54.66666666666667,19.0,133.66666666666666,0.3333333333333339,24.33333333333333,897.3333333333334,53.66666666666667,2.333333333333332
258,15.666666666666666,15.0,0.33333333333333215,1.333333333333334,-0.3333333333333339,44.66666666666666,-5.333333333333334,47.666666666666664,-7.666666666666668,30.0,2.666666666666666,37.33333333333333,458.6666666666667,22.0,1.3333333333333321
259,251.33333333333334,15.333333333333332,143.66666666666666,10.0,7.0,688.6666666666666,255.66666666666669,600.6666666666666,57.0,173.0,10.666666666666668,836.0,628.6666666666666,17.333333333333332,163.66666666666666
260,28.666666666666668,1.0,25.0,2.333333333333332,0.6666666666666661,907.3333333333334,1099.0,133.66666666666666,-3.0,150.0,2.333333333333334,24.33333333333333,1322.3333333333333,48.0,1.3333333333333321
261,9.666666666666666,0.6666666666666661,0.33333333333333215,0.6666666666666661,0.0,6.0,-3.333333333333334,23.666666666666664,-7.666666666666668,-0.33333333333333215,1.666666666666666,36.33333333333333,342.6666666666667,10.333333333333332,3.333333333333332
262,916.0,28.666666666666668,159.0,7.0,12.0,965.0,334.3333333333333,782.0,26.666666666666668,193.66666666666666,11.0,1109.6666666666667,1201.0,50.66666666666667,125.0
263,263.6666666666667,2.666666666666668,67.0,0.6666666666666661,4.666666666666668,1047.6666666666667,3.0,249.66666666666666,-1.0,157.0,2.333333333333334,126.33333333333333,-1.333333333333334,45.33333333333333,2.333333333333332
264,10.666666666666666,-0.6666666666666661,2.0,0.6666666666666661,1.0,4.0,-2.333333333333334,19.666666666666664,-6.666666666666668,9.0,0.6666666666666661,28.0,549.3333333333334,21.0,1.3333333333333321
265,218.66666666666666,21.666666666666668,125.66666666666666,2.0,0.6666666666666661,703.3333333333334,289.6666666666667,252.66666666666666,76.66666666666667,93.66666666666666,6.666666666666668,896.6666666666666,1117.0,80.66666666666667,104.33333333333334
266,250.66666666666666,0.3333333333333339,0.0,1.6666666666666679,4.0,547.6666666666666,203.0,12.333333333333334,33.66666666666667,111.33333333333334,3.333333333333334,24.33333333333333,1093.3333333333333,84.0,4.333333333333332
267,16.666666666666664,1.0,5.0,1.333333333333334,2.0,6.333333333333336,-4.333333333333334,49.0,-7.666666666666668,32.0,1.333333333333334,108.0,522.0,38.0,-1.6666666666666679
268,543.0,22.333333333333332,187.66666666666666,9.333333333333332,10.0,759.3333333333334,309.3333333333333,434.6666666666667,21.333333333333332,170.0,9.666666666666668,870.0,1172.6666666666667,83.66666666666667,67.33333333333334
269,142.66666666666666,0.3333333333333339,1.0,2.0,3.0,773.3333333333334,2.666666666666666,98.66666666666667,30.666666666666668,149.33333333333334,1.0,20.33333333333333,144.0,81.66666666666667,36.333333333333336
270,6.0,1.666666666666666,4.0,0.6666666666666661,1.666666666666666,6.333333333333336,-2.333333333333334,20.0,-6.666666666666668,32.666666666666664,0.3333333333333339,36.0,419.6666666666667,20.0,2.333333333333332
271,674.0,27.0,161.0,9.0,7.333333333333332,717.6666666666666,290.3333333333333,451.6666666666667,69.0,182.66666666666666,11.666666666666668,721.0,1147.3333333333333,36.33333333333333,57.666666666666664
272,171.66666666666666,3.333333333333334,5.0,0.6666666666666661,0.0,362.0,-2.333333333333334,72.66666666666667,23.0,128.0,1.0,28.33333333333333,13.666666666666666,79.0,-2.666666666666668
273,13.666666666666666,0.6666666666666661,26.0,0.6666666666666661,0.6666666666666661,6.0,-3.333333333333334,21.666666666666664,-6.666666666666668,10.666666666666664,3.0,33.0,229.33333333333334,36.0,4.333333333333332
274,976.6666666666666,50.0,171.66666666666666,10.333333333333332,7.0,799.3333333333334,353.3333333333333,742.3333333333334,61.0,175.66666666666666,10.0,983.3333333333334,1207.3333333333333,80.66666666666667,173.33333333333334
275,267.6666666666667,0.0,0.0,0.6666666666666661,1.666666666666666,1100.0,-2.333333333333334,61.66666666666667,-5.0,144.0,3.0,137.33333333333331,1143.3333333333333,-0.6666666666666679,-0.6666666666666679
276,10.0,0.3333333333333339,29.666666666666664,0.6666666666666679,0.6666666666666661,5.0,-3.333333333333334,17.666666666666664,-5.666666666666668,0.33333333333333215,1.0,108.66666666666667,321.6666666666667,-2.666666666666666,4.333333333333332
277,570.6666666666666,44.0,158.0,9.0,9.333333333333332,668.0,206.0,303.6666666666667,87.0,159.66666666666666,9.333333333333332,937.0,817.0,99.66666666666667,68.33333333333334
278,55.66666666666667,0.6666666666666661,26.0,0.6666666666666661,5.0,472.3333333333333,-1.0,73.66666666666667,-2.0,141.33333333333334,1.0,24.33333333333333,1103.3333333333333,101.66666666666667,2.333333333333332
279,16.666666666666664,0.3333333333333339,9.666666666666664,0.6666666666666661,0.6666666666666661,4.333333333333336,-4.333333333333334,19.666666666666664,-6.666666666666668,20.666666666666664,0.3333333333333339,101.66666666666667,75.0,43.0,2.333333333333332
280,600.6666666666666,41.66666666666667,133.66666666666666,8.0,5.0,625.0,291.0,362.6666666666667,81.66666666666667,195.33333333333334,10.666666666666668,605.6666666666666,766.6666666666666,75.66666666666667,98.0
281,27.666666666666668,-0.3333333333333339,4.0,1.333333333333334,0.6666666666666661,521.6666666666666,12.0,64.66666666666667,47.33333333333333,123.66666666666666,0.6666666666666661,30.33333333333333,1090.3333333333333,88.66666666666667,1.3333333333333321
282,12.666666666666666,1.0,0.0,2.333333333333334,-0.3333333333333339,5.0,-6.333333333333334,22.666666666666664,-7.666666666666668,18.0,3.666666666666666,107.0,346.6666666666667,25.0,2.333333333333332
283,634.6666666666666,25.333333333333332,138.0,10.0,10.333333333333332,743.6666666666666,257.3333333333333,965.3333333333334,33.33333333333333,184.66666666666666,9.666666666666668,788.6666666666666,857.6666666666666,104.66666666666667,67.0
284,62.66666666666667,1.666666666666666,135.0,1.666666666666666,5.0,771.3333333333334,-1.333333333333334,413.0,-4.666666666666668,102.0,2.333333333333334,25.33333333333333,160.66666666666666,87.66666666666667,3.333333333333332
285,13.666666666666666,-0.6666666666666661,0.33333333333333215,0.6666666666666661,0.0,6.0,-3.333333333333334,50.333333333333336,-7.666666666666668,4.0,1.0,28.33333333333333,298.6666666666667,21.0,2.333333333333332
286,684.6666666666666,72.66666666666667,136.0,5.0,8.333333333333332,1034.0,377.0,629.3333333333334,81.0,228.66666666666666,5.333333333333332,892.3333333333334,1209.0,58.33333333333333,52.666666666666664
287,376.6666666666667,-0.3333333333333339,33.0,2.333333333333334,1.0,1023.3333333333334,-1.333333333333334,682.3333333333334,10.0,136.66666666666666,1.0,17.33333333333333,1204.0,78.66666666666667,3.333333333333332
288,14.666666666666666,1.0,0.33333333333333215,1.333333333333334,0.6666666666666661,4.0,-6.333333333333334,17.666666666666664,-6.666666666666668,3.0,2.666666666666666,25.0,20.333333333333336,33.0,2.333333333333332
289,1057.0,20.666666666666668,83.66666666666666,2.0,1.0,536.0,145.33333333333331,659.0,70.66666666666667,69.66666666666667,3.666666666666668,983.6666666666666,1439.0,17.666666666666668,3.333333333333332
290,815.0,12.0,76.33333333333334,1.666666666666666,1.666666666666666,726.3333333333334,801.0,654.3333333333334,52.66666666666667,57.33333333333333,3.333333333333334,21.33333333333333,1401.0,52.0,37.333333333333336
291,70.0,0.3333333333333339,12.666666666666664,0.6666666666666661,0.6666666666666661,508.66666666666663,-2.333333333333334,85.33333333333333,-6.666666666666668,42.0,3.0,18.66666666666667,887.0,-4.0,3.333333333333332
292,1002.0,18.666666666666668,74.66666666666666,4.0,1.666666666666666,292.33333333333337,3.666666666666666,783.6666666666666,51.66666666666667,78.33333333333333,5.333333333333334,562.6666666666666,1529.6666666666667,83.0,62.666666666666664
293,919.6666666666666,13.333333333333332,102.0,2.0,1.666666666666666,753.6666666666666,178.33333333333331,646.3333333333334,58.66666666666667,29.666666666666664,2.0,1347.6666666666667,-0.3333333333333339,63.66666666666667,4.333333333333332
294,37.666666666666664,-0.6666666666666661,26.0,-0.3333333333333339,-1.0,308.66666666666663,850.6666666666666,146.33333333333334,-4.666666666666668,41.333333333333336,0.6666666666666661,22.33333333333333,1210.0,0.0,1.3333333333333321
295,1086.0,24.666666666666668,113.66666666666667,3.666666666666668,4.666666666666668,635.6666666666666,280.3333333333333,651.0,61.66666666666667,121.33333333333333,3.0,575.6666666666666,1510.3333333333333,75.0,4.333333333333332
296,805.3333333333334,0.3333333333333339,160.0,0.6666666666666661,0.6666666666666661,1166.6666666666667,385.3333333333333,675.3333333333334,53.66666666666667,103.66666666666666,3.666666666666668,17.0,1212.3333333333333,62.0,4.333333333333332
297,53.666666666666664,-0.6666666666666661,24.0,0.6666666666666679,0.6666666666666661,472.0,1.0,141.33333333333334,-6.666666666666668,12.666666666666664,2.0,53.33333333333333,802.3333333333334,19.0,3.333333333333332
298,825.3333333333334,0.3333333333333339,166.0,0.0,0.6666666666666661,17.33333333333333,307.3333333333333,665.3333333333334,69.0,182.33333333333331,6.666666666666668,1142.6666666666667,144.66666666666666,9.666666666666668,88.0
299,569.3333333333334,0.3333333333333339,214.0,0.6666666666666661,0.6666666666666661,9.666666666666657,2.666666666666666,693.0,44.0,149.0,1.6666666666666679,650.0,1309.0,55.66666666666667,2.333333333333332
300,33.666666666666664,0.3333333333333339,3.0,1.666666666666666,0.6666666666666661,24.666666666666664,-2.333333333333334,45.666666666666664,-6.333333333333332,5.0,1.0,28.0,-1.0,10.333333333333332,2.333333333333332
301,101.66666666666667,69.66666666666667,61.0,9.0,3.666666666666668,773.6666666666666,323.0,57.66666666666667,96.66666666666667,75.33333333333333,5.666666666666668,1057.6666666666667,123.66666666666667,86.0,74.66666666666667
302,102.0,50.66666666666667,66.0,1.3333333333333321,2.0,1193.6666666666667,337.3333333333333,75.0,134.66666666666666,56.0,2.0,1287.6666666666667,77.0,83.0,9.333333333333336
303,76.0,4.333333333333334,26.333333333333336,1.666666666666666,0.6666666666666661,525.3333333333334,867.3333333333334,136.0,15.0,22.666666666666664,0.3333333333333339,435.66666666666663,318.0,24.0,3.333333333333332
304,186.66666666666666,60.66666666666667,56.666666666666664,1.6666666666666679,1.3333333333333321,871.6666666666666,340.6666666666667,60.66666666666667,46.66666666666667,92.0,4.0,1010.6666666666666,1357.6666666666667,98.0,95.33333333333333
305,117.0,49.0,71.0,2.333333333333332,0.6666666666666661,1067.6666666666667,285.6666666666667,31.0,76.66666666666667,71.0,5.0,1264.0,73.0,61.0,58.333333333333336
306,66.66666666666667,2.333333333333334,12.666666666666664,-0.3333333333333339,0.6666666666666661,682.3333333333334,25.333333333333336,101.0,7.0,17.666666666666664,2.0,216.66666666666669,-0.3333333333333339,78.0,2.333333333333332
307,358.6666666666667,63.66666666666667,141.0,3.333333333333332,2.0,980.6666666666666,-6.333333333333334,94.33333333333333,93.0,65.66666666666666,6.0,1130.6666666666667,660.0,86.0,68.0
308,104.66666666666667,39.33333333333333,88.0,1.666666666666666,0.6666666666666661,958.3333333333334,386.3333333333333,38.0,71.66666666666667,107.33333333333333,3.0,814.0,-2.0,56.33333333333333,74.33333333333334
309,28.0,3.333333333333334,25.0,-0.6666666666666661,2.0,536.0,0.0,26.0,11.0,28.666666666666664,3.666666666666666,85.66666666666667,722.0,21.0,3.333333333333332
310,322.6666666666667,57.0,147.66666666666666,5.0,3.0,1028.6666666666667,355.6666666666667,128.33333333333334,78.0,177.33333333333331,5.0,1163.6666666666667,720.0,91.0,120.33333333333333
311,572.3333333333334,28.0,255.0,3.333333333333332,1.666666666666666,1170.6666666666667,320.3333333333333,94.33333333333333,73.66666666666667,117.66666666666666,3.0,966.0,120.66666666666667,88.0,3.333333333333332
312,24.666666666666664,0.6666666666666661,2.0,0.6666666666666661,-0.3333333333333339,298.6666666666667,-7.333333333333334,7.666666666666666,-6.666666666666668,35.0,3.0,25.0,809.0,82.66666666666667,2.333333333333332
313,29.666666666666668,83.0,50.0,3.0,1.0,978.6666666666666,237.0,62.66666666666667,58.66666666666667,56.0,8.333333333333332,896.6666666666666,85.66666666666667,93.66666666666667,57.33333333333333
314,85.66666666666667,68.0,55.666666666666664,3.0,1.666666666666666,1172.6666666666667,350.0,34.333333333333336,44.33333333333333,74.0,2.0,877.6666666666666,588.0,99.0,57.333333333333336
315,72.66666666666667,7.0,31.333333333333336,0.6666666666666661,1.0,652.3333333333334,73.0,189.0,34.0,12.666666666666664,2.0,790.0,99.0,57.33333333333333,4.333333333333332
316,26.666666666666668,75.0,112.0,9.0,-0.3333333333333339,754.0,340.3333333333333,68.33333333333333,97.66666666666667,45.666666666666664,3.0,1045.0,370.0,90.0,63.33333333333333
317,73.0,45.33333333333333,86.66666666666666,1.0,2.0,1007.6666666666666,316.0,25.0,87.0,51.0,4.0,828.3333333333334,537.6666666666666,87.0,54.0
318,46.666666666666664,4.333333333333334,21.0,0.6666666666666661,0.6666666666666661,287.66666666666663,0.33333333333333215,306.3333333333333,15.333333333333332,8.333333333333336,0.3333333333333339,882.0,888.0,84.0,4.333333333333332
319,43.0,79.0,117.0,0.6666666666666679,3.666666666666668,941.3333333333334,212.66666666666669,72.66666666666667,53.66666666666667,122.33333333333333,6.333333333333334,1116.3333333333333,475.0,85.0,103.66666666666667
320,136.0,37.0,121.0,0.6666666666666661,1.0,1299.6666666666667,-6.333333333333334,47.0,88.66666666666667,46.666666666666664,4.0,1028.6666666666667,431.0,105.0,57.333333333333336
321,30.0,3.333333333333334,30.0,0.3333333333333339,1.0,382.6666666666667,-1.0,263.3333333333333,4.333333333333332,57.666666666666664,2.0,682.3333333333334,1085.0,57.66666666666667,1.3333333333333321
322,0.33333333333333215,-0.6666666666666661,133.0,2.666666666666668,2.333333333333332,939.0,207.33333333333331,77.0,98.0,189.0,2.666666666666666,1113.6666666666667,642.0,87.33333333333333,146.66666666666669
323,58.0,29.0,268.0,1.333333333333334,1.666666666666666,1295.6666666666667,400.3333333333333,44.333333333333336,69.66666666666667,132.0,3.333333333333334,1171.3333333333333,807.0,83.66666666666667,114.33333333333333
324,16.666666666666664,1.333333333333334,4.0,0.6666666666666679,-0.3333333333333339,296.6666666666667,8.0,90.33333333333333,-5.666666666666668,55.0,1.0,67.33333333333333,684.0,34.33333333333333,3.333333333333332
325,1180.3333333333333,18.0,80.0,1.666666666666666,3.333333333333332,454.0,214.66666666666669,900.6666666666666,44.33333333333333,103.33333333333333,6.0,1220.0,1303.6666666666667,90.0,28.666666666666664
326,519.0,-0.6666666666666661,75.0,2.666666666666668,0.6666666666666661,767.3333333333334,397.3333333333333,793.3333333333334,45.66666666666667,30.666666666666664,2.0,557.3333333333334,1382.6666666666667,60.0,0.33333333333333215
327,47.666666666666664,0.3333333333333339,2.0,-0.3333333333333339,0.6666666666666661,509.0,-3.0,401.0,-5.666666666666668,42.0,2.666666666666666,103.66666666666667,1087.0,11.666666666666668,3.333333333333332
328,1079.0,13.0,125.33333333333333,3.0,-0.3333333333333339,530.3333333333334,179.66666666666669,700.0,55.66666666666667,128.33333333333331,5.666666666666668,982.6666666666666,1356.6666666666667,35.33333333333333,6.666666666666664
329,640.0,7.333333333333332,144.0,8.0,-0.3333333333333339,1347.6666666666667,216.66666666666669,695.3333333333334,51.66666666666667,79.33333333333333,3.666666666666668,589.0,3.0,17.666666666666668,55.333333333333336
330,24.0,0.3333333333333339,24.666666666666664,1.333333333333334,0.6666666666666661,5.0,-2.0,469.6666666666667,-5.666666666666668,53.0,1.333333333333334,28.0,1051.6666666666667,-0.33333333333333215,2.333333333333332
331,959.3333333333334,13.333333333333332,132.0,3.0,0.6666666666666661,683.3333333333334,280.3333333333333,783.3333333333334,19.666666666666668,84.66666666666666,4.0,27.0,1629.6666666666667,59.33333333333333,84.33333333333334
332,848.3333333333334,-0.6666666666666661,55.0,1.666666666666666,0.6666666666666661,1075.6666666666667,710.0,693.3333333333334,53.66666666666667,115.0,2.0,358.33333333333337,13.0,65.66666666666667,1.3333333333333321
333,33.666666666666664,-1.666666666666666,33.0,0.6666666666666661,-0.3333333333333339,77.66666666666667,200.0,112.0,-6.666666666666668,9.666666666666668,1.333333333333334,29.0,1165.3333333333333,11.666666666666668,3.333333333333332
334,984.0,14.333333333333332,183.0,7.0,0.6666666666666661,518.3333333333334,388.0,843.3333333333334,19.0,205.0,3.666666666666666,1043.3333333333333,1641.3333333333333,16.666666666666668,4.333333333333332
335,465.6666666666667,1.333333333333334,250.0,7.0,1.666666666666666,903.3333333333334,792.3333333333334,709.3333333333334,39.0,158.66666666666666,1.333333333333334,26.0,1333.6666666666667,65.0,4.333333333333332
336,23.666666666666664,-1.0,2.666666666666668,1.666666666666666,-0.3333333333333339,4.0,-2.333333333333334,48.666666666666664,-10.666666666666668,10.666666666666668,1.0,23.0,1119.0,5.333333333333332,2.333333333333332
337,159.0,57.0,42.666666666666664,3.0,7.0,1046.6666666666667,332.3333333333333,86.66666666666667,87.66666666666667,53.33333333333333,8.666666666666668,1046.0,136.33333333333334,93.66666666666667,108.66666666666667
338,58.33333333333333,32.33333333333333,12.333333333333336,1.6666666666666679,3.333333333333332,1022.3333333333334,382.3333333333333,109.0,62.33333333333333,75.0,6.0,1171.6666666666667,1073.0,48.66666666666667,52.66666666666667
339,47.666666666666664,1.0,3.6666666666666643,-0.3333333333333339,0.6666666666666661,773.3333333333334,2.0,164.66666666666666,13.0,32.666666666666664,2.0,76.33333333333333,941.0,54.33333333333333,3.333333333333332
340,112.0,63.66666666666667,109.33333333333333,3.666666666666668,10.0,980.0,374.3333333333333,112.0,60.66666666666667,96.0,5.666666666666668,1105.3333333333333,125.66666666666667,90.66666666666667,85.33333333333333
341,221.66666666666666,35.66666666666667,100.0,1.0,3.666666666666668,864.3333333333334,-6.333333333333334,248.0,71.66666666666667,97.0,3.333333333333334,1527.6666666666667,191.0,12.666666666666668,56.33333333333333
342,94.0,1.333333333333334,21.666666666666664,1.666666666666666,0.6666666666666661,462.33333333333337,1.666666666666666,233.0,-3.666666666666668,40.666666666666664,1.333333333333334,82.33333333333333,1003.0,43.66666666666667,3.333333333333332
343,162.0,57.33333333333333,80.66666666666666,7.0,8.0,850.6666666666666,356.3333333333333,193.0,43.66666666666667,121.33333333333333,8.0,1045.6666666666667,669.0,85.33333333333333,103.33333333333333
344,178.33333333333334,26.0,174.0,1.333333333333334,-0.33333333333333215,1122.6666666666667,588.0,66.0,69.0,110.66666666666666,4.666666666666668,1227.3333333333333,412.0,87.0,60.666666666666664
345,42.666666666666664,1.666666666666666,1.0,1.333333333333334,0.6666666666666661,39.666666666666664,-2.0,53.333333333333336,-3.0,12.333333333333336,2.0,62.33333333333333,1082.0,76.0,3.333333333333332
346,824.3333333333334,39.33333333333333,174.66666666666669,7.0,1.666666666666666,1011.0,400.3333333333333,247.33333333333334,77.0,170.33333333333331,6.333333333333332,1083.6666666666667,1032.0,70.0,139.33333333333331
347,493.6666666666667,3.666666666666668,215.0,2.0,2.333333333333332,922.0,419.6666666666667,181.33333333333334,44.0,155.0,4.0,28.0,724.0,85.0,14.333333333333336
348,32.0,1.333333333333334,4.0,0.3333333333333339,2.0,18.666666666666664,3.666666666666666,10.666666666666666,-6.666666666666668,23.666666666666664,2.0,20.66666666666667,982.0,49.0,2.333333333333332
349,104.66666666666667,81.0,48.666666666666664,7.0,7.333333333333332,692.3333333333334,365.0,86.33333333333333,91.66666666666667,100.33333333333333,5.0,947.0,608.0,86.0,56.33333333333333
350,338.0,45.66666666666667,65.0,1.6666666666666679,1.0,1107.6666666666667,362.6666666666667,98.0,65.0,81.0,5.666666666666668,1058.6666666666667,283.6666666666667,77.66666666666667,44.0
351,74.0,1.0,7.666666666666664,0.6666666666666661,1.333333333333334,520.3333333333334,-1.0,79.0,1.6666666666666679,9.0,1.666666666666666,67.33333333333333,226.0,60.33333333333333,2.333333333333332
352,142.66666666666666,84.66666666666667,80.0,6.0,7.333333333333332,867.6666666666666,277.0,69.0,91.66666666666667,87.33333333333333,6.666666666666668,1098.0,172.0,109.0,127.33333333333333
353,321.0,29.333333333333332,104.0,0.6666666666666661,2.666666666666668,1032.3333333333333,246.33333333333331,87.0,82.0,97.33333333333333,4.666666666666666,1216.3333333333333,374.6666666666667,91.0,57.333333333333336
354,39.0,1.333333333333334,13.666666666666664,2.666666666666666,0.6666666666666661,769.3333333333334,1.666666666666666,98.33333333333333,-5.333333333333332,47.666666666666664,3.0,90.33333333333333,828.0,20.666666666666668,3.333333333333332
355,43.0,74.33333333333333,85.66666666666666,6.333333333333332,3.0,783.6666666666666,58.66666666666667,178.0,79.66666666666667,119.33333333333333,5.333333333333334,1176.3333333333333,1064.0,104.66666666666667,112.33333333333333
356,71.0,50.0,137.0,4.0,2.0,1034.6666666666667,337.6666666666667,74.0,76.0,93.33333333333333,4.0,1148.6666666666667,215.66666666666666,87.66666666666667,5.333333333333332
357,53.0,2.0,28.0,0.3333333333333339,0.6666666666666661,56.666666666666664,2.666666666666666,243.33333333333334,-3.666666666666668,63.0,1.0,90.66666666666667,477.6666666666667,57.66666666666667,4.333333333333332
358,460.3333333333333,86.33333333333333,145.66666666666666,6.333333333333332,1.0,878.6666666666666,432.0,133.66666666666666,83.0,178.33333333333331,7.0,1186.6666666666667,229.0,101.0,120.33333333333333
359,369.0,28.0,228.0,2.333333333333334,0.6666666666666661,1188.6666666666667,366.3333333333333,42.333333333333336,75.66666666666667,171.66666666666666,2.666666666666666,532.0,370.0,95.66666666666667,69.66666666666666
360,9.0,0.3333333333333339,4.0,-0.3333333333333339,1.666666666666666,287.6666666666667,-1.333333333333334,12.666666666666666,-5.666666666666668,18.666666666666664,1.0,29.0,653.0,59.0,4.333333333333332
361,1061.3333333333333,9.333333333333332,124.66666666666667,0.6666666666666661,1.0,373.33333333333337,179.0,899.3333333333334,2.0,126.33333333333334,2.0,860.3333333333334,1670.6666666666667,17.0,62.333333333333336
362,533.0,-0.6666666666666661,101.0,4.0,1.666666666666666,780.0,242.33333333333331,643.3333333333334,-4.0,109.0,2.0,76.33333333333333,0.0,19.0,1.3333333333333321
363,21.666666666666664,-0.6666666666666661,11.0,-0.3333333333333339,1.0,129.0,5.0,68.66666666666667,-5.666666666666668,13.0,1.0,19.66666666666667,1066.6666666666667,1.333333333333334,4.333333333333332
364,870.3333333333334,16.333333333333332,115.66666666666666,0.6666666666666661,0.6666666666666661,6.0,286.3333333333333,6.666666666666666,49.66666666666667,126.33333333333333,8.0,1076.6666666666667,1626.0,28.666666666666668,102.66666666666667
365,502.3333333333333,0.3333333333333339,17.0,1.666666666666666,0.6666666666666661,956.6666666666666,775.6666666666666,795.6666666666666,15.0,99.33333333333333,0.3333333333333339,780.0,1347.6666666666667,1.333333333333334,-1.6666666666666679
366,20.0,0.3333333333333339,18.333333333333336,0.6666666666666661,1.0,6.0,1.666666666666666,45.666666666666664,-7.666666666666668,27.0,1.0,98.66666666666667,-1.333333333333334,1.333333333333334,1.3333333333333321
367,1037.6666666666667,0.3333333333333339,23.333333333333336,15.333333333333332,-0.3333333333333339,7.0,286.6666666666667,950.3333333333334,26.0,101.0,0.0,1088.3333333333333,1715.0,86.0,2.333333333333332
368,416.6666666666667,1.333333333333334,153.0,0.6666666666666661,0.6666666666666661,1048.6666666666667,8.0,887.6666666666666,20.0,110.0,1.0,99.66666666666667,1365.6666666666667,16.333333333333332,0.33333333333333215
369,29.666666666666664,-0.6666666666666661,8.666666666666664,0.6666666666666661,0.6666666666666661,108.33333333333333,1.666666666666666,50.666666666666664,-5.666666666666668,0.6666666666666679,2.0,22.66666666666667,580.6666666666666,1.0,4.333333333333332
370,742.0,14.0,183.33333333333334,1.333333333333334,0.6666666666666661,222.66666666666666,201.33333333333331,656.3333333333334,15.666666666666668,194.33333333333331,2.666666666666666,17.66666666666667,1532.3333333333333,-4.666666666666666,54.333333333333336
371,490.0,-0.6666666666666661,192.0,0.6666666666666661,1.666666666666666,1155.6666666666667,-4.333333333333334,731.6666666666666,0.0,125.66666666666666,2.333333333333334,51.33333333333333,-0.3333333333333339,2.333333333333332,5.333333333333332
372,86.66666666666667,-0.6666666666666661,3.0,1.666666666666666,0.6666666666666661,34.0,-2.333333333333334,42.666666666666664,-6.666666666666668,0.6666666666666679,0.6666666666666661,31.0,1.0,3.0,-1.6666666666666679
373,90.66666666666667,57.66666666666667,46.666666666666664,4.0,2.666666666666668,957.3333333333334,324.0,641.6666666666666,79.66666666666667,94.33333333333333,7.666666666666668,1174.6666666666667,890.0,75.66666666666667,56.66666666666667
374,662.0,18.0,50.666666666666664,1.0,3.666666666666668,1106.3333333333333,386.0,320.3333333333333,66.0,44.666666666666664,4.666666666666666,21.0,942.0,47.0,44.333333333333336
375,65.0,0.3333333333333339,21.333333333333336,1.333333333333334,1.0,579.3333333333334,0.0,266.0,4.0,8.666666666666668,-0.3333333333333339,23.0,233.0,24.666666666666668,4.333333333333332
376,813.3333333333334,53.0,145.66666666666666,4.0,1.0,680.3333333333334,155.33333333333331,18.666666666666664,33.66666666666667,59.666666666666664,11.0,1152.6666666666667,1674.6666666666667,23.0,45.33333333333333
377,229.66666666666666,33.0,121.0,0.33333333333333215,0.6666666666666661,1097.3333333333333,414.6666666666667,355.3333333333333,64.0,63.33333333333333,4.0,497.33333333333337,933.0,80.0,4.333333333333332
378,65.66666666666667,0.3333333333333339,25.333333333333336,0.6666666666666661,0.6666666666666661,122.33333333333334,-2.333333333333334,275.3333333333333,-4.0,26.666666666666664,2.666666666666666,61.33333333333333,837.0,64.0,1.3333333333333321
379,879.3333333333334,42.66666666666667,164.66666666666666,4.333333333333332,1.0,680.3333333333334,477.0,230.33333333333334,71.66666666666667,165.0,10.0,1209.6666666666667,266.6666666666667,58.33333333333333,150.66666666666669
380,739.0,3.333333333333334,145.0,3.333333333333332,-1.333333333333334,1116.6666666666667,112.0,259.6666666666667,51.66666666666667,122.33333333333334,3.666666666666666,21.0,4.0,33.66666666666667,2.333333333333332
381,46.666666666666664,0.6666666666666661,25.333333333333336,1.333333333333334,0.6666666666666661,243.66666666666669,-2.333333333333334,500.3333333333333,3.333333333333332,36.0,2.0,66.33333333333333,-0.3333333333333339,0.3333333333333339,3.333333333333332
382,1013.0,45.0,210.0,0.6666666666666661,1.666666666666666,884.3333333333334,304.3333333333333,542.0,44.0,107.66666666666666,4.333333333333334,1106.0,1385.0,64.66666666666667,9.333333333333336
383,149.66666666666666,0.3333333333333339,160.0,0.6666666666666661,1.666666666666666,1163.6666666666667,370.0,654.3333333333334,1.0,149.0,1.0,633.6666666666666,797.0,76.0,5.333333333333336
384,22.666666666666664,0.3333333333333339,2.0,1.333333333333334,0.6666666666666661,261.0,-5.333333333333334,512.3333333333334,-9.666666666666668,2.333333333333332,1.333333333333334,18.0,23.666666666666664,-0.6666666666666661,3.333333333333332
385,25.666666666666668,76.66666666666667,64.0,2.333333333333334,6.0,499.0,285.3333333333333,217.0,75.66666666666667,148.33333333333331,12.0,15.666666666666671,182.0,88.0,133.66666666666669
386,189.33333333333334,70.0,77.66666666666666,1.333333333333334,6.333333333333332,1189.0,282.6666666666667,168.66666666666666,36.66666666666667,101.33333333333333,4.0,669.6666666666666,1283.0,93.0,5.333333333333332
387,707.0,0.0,9.666666666666664,0.3333333333333339,1.666666666666666,142.0,-2.333333333333334,241.33333333333334,-5.666666666666668,34.0,0.6666666666666661,33.0,168.0,57.33333333333333,3.333333333333332
388,232.0,85.66666666666667,83.66666666666666,1.0,6.333333333333332,887.6666666666666,290.6666666666667,154.33333333333334,78.66666666666667,94.33333333333333,9.0,834.0,329.0,90.0,108.66666666666667
389,808.0,38.66666666666667,62.666666666666664,10.0,2.333333333333332,1158.6666666666667,-6.333333333333334,163.66666666666666,105.66666666666667,77.0,1.666666666666666,990.3333333333334,845.0,90.33333333333333,42.0
390,42.666666666666664,1.0,22.333333333333336,1.666666666666666,-0.3333333333333339,552.6666666666666,-3.333333333333334,277.6666666666667,13.666666666666668,46.0,0.0,433.33333333333337,1068.6666666666667,48.0,2.333333333333332
391,351.3333333333333,69.0,129.0,3.0,5.333333333333332,643.6666666666666,198.33333333333331,94.33333333333333,78.66666666666667,144.0,12.0,867.6666666666666,435.6666666666667,92.0,130.66666666666669
392,366.6666666666667,42.66666666666667,121.0,1.3333333333333321,3.333333333333332,1093.6666666666667,280.6666666666667,129.66666666666666,80.66666666666667,45.666666666666664,5.666666666666668,871.0,417.0,77.66666666666667,40.333333333333336
393,66.0,0.3333333333333339,16.0,0.6666666666666661,-0.3333333333333339,53.33333333333333,1.0,48.0,-5.666666666666668,44.666666666666664,0.3333333333333339,32.33333333333333,900.0,52.33333333333333,0.33333333333333215
394,1021.3333333333334,53.0,156.0,4.333333333333332,0.6666666666666661,454.0,384.3333333333333,532.6666666666666,88.0,83.0,5.0,1219.6666666666667,14.333333333333334,85.33333333333333,145.33333333333331
395,12.0,1.333333333333334,244.0,-0.3333333333333339,1.0,1324.6666666666667,166.0,993.3333333333334,18.0,78.66666666666666,3.0,903.0,1084.0,97.66666666666667,4.333333333333332
396,52.66666666666667,1.333333333333334,6.666666666666664,1.666666666666666,0.6666666666666661,26.666666666666664,1.666666666666666,22.666666666666664,-6.666666666666668,-3.333333333333332,1.0,21.0,1057.3333333333333,46.66666666666667,1.3333333333333321
397,285.6666666666667,0.3333333333333339,0.0,8.333333333333332,0.6666666666666661,7.0,3.666666666666666,5.666666666666666,1.0,82.66666666666666,1.0,88.66666666666667,-0.3333333333333339,2.333333333333334,-0.6666666666666679
398,87.66666666666667,1.333333333333334,83.0,0.6666666666666661,0.6666666666666661,33.0,-1.333333333333334,6.666666666666666,-11.666666666666668,3.666666666666668,1.666666666666666,17.66666666666667,9.666666666666666,3.666666666666668,1.3333333333333321
399,0.3333333333333339,0.3333333333333339,1.0,1.666666666666666,-0.3333333333333339,3.0,-3.333333333333334,2.666666666666666,-5.666666666666668,8.666666666666668,1.333333333333334,19.66666666666667,4.333333333333334,17.666666666666668,1.3333333333333321
400,21.0,0.3333333333333339,-1.0,10.0,0.6666666666666661,4.0,-1.333333333333334,504.6666666666667,-7.666666666666668,2.666666666666668,0.3333333333333339,20.0,872.6666666666666,0.3333333333333339,5.333333333333332
401,5.666666666666666,-0.6666666666666661,0.0,-0.3333333333333339,0.0,4.0,-2.333333333333334,6.666666666666666,14.666666666666668,51.0,0.6666666666666661,17.0,12.333333333333334,-2.333333333333332,1.3333333333333321
402,4.666666666666666,-0.6666666666666661,13.0,1.333333333333334,-0.3333333333333339,6.0,-3.333333333333334,13.0,-5.666666666666668,1.6666666666666679,0.6666666666666661,19.66666666666667,3.0,-3.0,4.333333333333332
403,6.666666666666666,0.3333333333333339,21.0,-0.3333333333333339,0.6666666666666661,7.0,367.6666666666667,714.6666666666666,9.0,-0.33333333333333215,0.3333333333333339,19.66666666666667,1.0,2.666666666666668,160.33333333333331
404,13.0,0.3333333333333339,129.0,2.666666666666668,-0.3333333333333339,5.0,2.666666666666666,3.666666666666666,-6.666666666666668,5.666666666666668,3.666666666666666,23.66666666666667,1310.0,0.0,3.333333333333332
405,1.333333333333334,0.3333333333333339,32.0,1.666666666666666,1.666666666666666,6.0,-2.333333333333334,3.0,-5.666666666666668,-1.0,0.0,17.66666666666667,5.666666666666666,0.3333333333333339,3.333333333333332
406,380.6666666666667,0.3333333333333339,1.0,6.0,-0.3333333333333339,6.0,-5.333333333333334,4.666666666666666,15.0,-1.3333333333333321,3.0,20.33333333333333,894.6666666666666,18.0,1.3333333333333321
407,1.0,0.3333333333333339,14.666666666666664,0.6666666666666661,0.0,6.0,-4.333333333333334,5.0,-5.666666666666668,2.666666666666668,0.3333333333333339,32.33333333333333,8.333333333333334,9.0,0.33333333333333215
408,2.0,0.3333333333333339,-0.6666666666666679,1.333333333333334,-0.3333333333333339,4.0,-4.333333333333334,9.0,-6.666666666666668,0.6666666666666679,0.3333333333333339,19.0,2.0,5.333333333333332,1.3333333333333321
409,93.66666666666667,16.333333333333332,12.0,6.0,0.6666666666666661,230.0,390.0,964.3333333333334,55.66666666666667,77.66666666666666,2.0,23.66666666666667,-1.333333333333334,54.66666666666667,102.33333333333333
410,13.0,53.66666666666667,9.0,3.0,0.0,5.0,2.666666666666666,10.666666666666666,56.66666666666667,41.0,2.0,93.66666666666667,1326.6666666666667,40.0,43.333333333333336
411,2.0,-0.6666666666666661,5.0,1.666666666666666,0.6666666666666661,5.0,-3.333333333333334,15.666666666666666,-6.666666666666668,0.33333333333333215,-0.6666666666666661,21.66666666666667,52.33333333333333,37.0,3.333333333333332
412,607.6666666666666,-1.666666666666666,0.0,5.333333333333332,0.6666666666666661,6.0,4.666666666666666,5.666666666666666,-8.666666666666668,102.0,1.333333333333334,23.0,421.6666666666667,42.0,85.33333333333334
413,104.66666666666667,-0.6666666666666661,1.0,1.333333333333334,0.6666666666666661,2.0,-4.333333333333334,13.333333333333334,50.33333333333333,-1.3333333333333321,0.3333333333333339,93.66666666666667,1.333333333333334,55.33333333333333,4.333333333333332
414,1.0,0.3333333333333339,3.0,0.6666666666666661,-0.3333333333333339,6.0,-4.333333333333334,5.0,-7.666666666666668,23.666666666666664,0.3333333333333339,18.66666666666667,-0.3333333333333339,16.0,3.333333333333332
415,803.6666666666666,0.3333333333333339,82.0,11.0,0.6666666666666661,15.666666666666671,108.66666666666667,678.6666666666666,7.0,69.66666666666666,1.0,22.66666666666667,21.666666666666664,0.6666666666666679,53.333333333333336
416,6.666666666666666,-0.6666666666666661,6.0,1.666666666666666,-0.3333333333333339,4.0,-2.333333333333334,5.0,-8.666666666666668,23.0,2.333333333333334,109.66666666666667,37.33333333333333,10.666666666666668,23.333333333333336
417,4.666666666666666,-0.6666666666666661,35.0,1.666666666666666,-0.3333333333333339,3.0,-1.333333333333334,1.666666666666666,-6.666666666666668,0.6666666666666679,0.0,19.66666666666667,1099.0,30.0,2.333333333333332
418,23.0,0.3333333333333339,23.0,0.0,0.6666666666666661,5.0,-1.333333333333334,376.6666666666667,54.0,68.0,4.0,18.66666666666667,23.333333333333336,50.0,0.33333333333333215
419,0.3333333333333339,0.3333333333333339,3.0,1.6666666666666679,0.6666666666666661,5.0,-2.333333333333334,4.0,42.0,1.6666666666666679,-0.3333333333333339,21.0,10.666666666666666,88.66666666666667,3.333333333333332
420,11.666666666666666,-0.6666666666666661,34.0,0.3333333333333339,0.6666666666666661,3.3333333333333357,1.666666666666666,3.666666666666666,-5.666666666666668,0.33333333333333215,0.0,17.66666666666667,2.0,17.0,1.3333333333333321
421,1070.6666666666667,0.3333333333333339,43.0,5.333333333333332,0.6666666666666661,5.0,92.66666666666667,693.6666666666666,65.33333333333333,102.66666666666666,-1.333333333333334,17.0,1520.3333333333333,91.0,60.0
422,10.666666666666666,0.3333333333333339,2.0,2.0,0.6666666666666661,175.33333333333331,-3.333333333333334,49.66666666666667,-7.666666666666668,42.0,2.0,22.0,-1.0,89.66666666666667,5.333333333333332
423,1.666666666666666,0.3333333333333339,5.0,-0.3333333333333339,0.6666666666666661,3.0,-2.333333333333334,52.333333333333336,-8.666666666666668,0.6666666666666679,3.0,19.0,1130.0,42.0,2.333333333333332
424,29.666666666666668,-0.6666666666666661,1.0,0.6666666666666661,0.6666666666666661,35.0,2.666666666666666,424.0,50.0,98.66666666666666,2.333333333333334,20.0,1493.0,86.0,74.33333333333333
425,460.6666666666667,-0.6666666666666661,20.0,2.666666666666668,0.6666666666666661,138.33333333333331,-2.333333333333334,392.0,-5.666666666666668,71.66666666666666,-0.3333333333333339,21.0,1256.3333333333333,75.66666666666667,2.333333333333332
426,4.666666666666666,0.3333333333333339,0.0,1.333333333333334,0.6666666666666661,5.0,-1.333333333333334,8.0,-8.666666666666668,-2.333333333333332,1.0,20.66666666666667,626.6666666666666,2.333333333333332,2.333333333333332
427,5.0,-0.6666666666666661,16.0,6.0,1.666666666666666,6.0,445.6666666666667,718.6666666666666,-5.666666666666668,99.0,1.0,941.6666666666666,1329.6666666666667,-3.333333333333332,3.333333333333332
428,636.6666666666666,-0.6666666666666661,0.0,2.333333333333334,1.666666666666666,5.0,-3.333333333333334,8.666666666666666,59.0,8.666666666666668,0.3333333333333339,249.66666666666666,1283.6666666666667,86.66666666666667,4.333333333333332
429,14.666666666666666,-0.6666666666666661,1.0,1.666666666666666,0.6666666666666661,4.333333333333336,2.666666666666666,18.333333333333336,-6.666666666666668,8.666666666666668,-0.3333333333333339,24.66666666666667,77.33333333333333,43.66666666666667,3.333333333333332
430,13.0,0.3333333333333339,3.0,0.6666666666666661,-0.3333333333333339,5.0,-1.333333333333334,774.6666666666666,80.0,57.0,0.3333333333333339,19.66666666666667,321.0,-3.333333333333332,2.333333333333332
431,5.0,0.3333333333333339,2.0,-1.333333333333334,0.6666666666666661,6.0,-2.333333333333334,13.333333333333334,44.0,61.666666666666664,0.3333333333333339,101.66666666666667,11.333333333333334,-3.333333333333332,-0.6666666666666679
432,5.666666666666666,0.3333333333333339,13.0,0.6666666666666661,0.6666666666666661,4.0,1.666666666666666,8.666666666666666,-5.666666666666668,10.0,3.0,21.66666666666667,711.6666666666666,29.333333333333332,3.333333333333332
