,0,1,2,3,4,5,6,7,8,9,10,11,12,13,14
1,-1.666666666666666,0.3333333333333339,-1.0,0.6666666666666661,-2.666666666666668,6.0,-4.0,1.0,-10.0,9.333333333333332,1.666666666666666,19.66666666666667,-0.3333333333333339,-1.333333333333332,1.0
2,0.3333333333333339,0.0,-2.6666666666666714,0.3333333333333339,-2.0,5.0,-3.0,1.0,-6.666666666666668,-0.6666666666666679,-0.6666666666666679,16.66666666666667,0.6666666666666661,-3.333333333333332,-15.333333333333329
3,0.3333333333333339,-7.0,-30.66666666666667,-8.0,-15.0,5.0,-9.333333333333329,1.0,-10.333333333333332,-9.666666666666671,-10.666666666666668,116.0,-1.333333333333334,-0.3333333333333321,-71.66666666666667
4,-1.666666666666666,-0.6666666666666661,-1.666666666666668,-0.6666666666666661,-4.0,37.0,-1.333333333333334,0.0,-7.666666666666668,-0.3333333333333321,1.666666666666666,121.66666666666669,-1.333333333333334,-1.333333333333332,-0.3333333333333357
5,-0.6666666666666661,-0.6666666666666661,-4.0,-2.666666666666668,-6.0,41.0,-4.0,1.0,-9.666666666666668,-0.6666666666666679,-0.3333333333333321,20.66666666666667,-0.3333333333333339,-0.3333333333333321,-12.666666666666664
6,0.3333333333333339,-9.333333333333332,-24.0,-9.333333333333332,-16.0,5.0,-107.33333333333331,1.0,-9.666666666666668,-5.666666666666671,-10.333333333333332,-173.33333333333334,-1.333333333333334,-0.3333333333333321,-68.66666666666667
7,0.3333333333333339,-0.6666666666666661,1.0,0.3333333333333339,-4.666666666666668,7.0,-3.0,1.0,-8.0,2.666666666666668,-0.3333333333333321,19.0,-1.333333333333334,-0.3333333333333321,-0.3333333333333357
8,0.3333333333333339,-0.6666666666666661,2.333333333333332,-3.666666666666666,-12.0,8.0,-82.33333333333333,1.0,-9.666666666666668,10.333333333333332,-0.6666666666666679,13.0,-1.333333333333334,-0.3333333333333321,-12.0
9,1.333333333333334,-6.333333333333332,-20.66666666666667,-8.0,-18.0,2.0,8.0,1.0,-14.666666666666668,1.666666666666668,-9.333333333333332,-175.33333333333334,-1.333333333333334,-0.3333333333333321,-59.66666666666667
10,-1.666666666666666,-0.6666666666666661,3.333333333333332,-0.3333333333333321,-4.0,5.0,-5.0,0.0,-7.666666666666668,0.3333333333333321,-1.333333333333332,102.66666666666669,1.666666666666666,-1.333333333333332,-2.0
11,0.3333333333333339,-0.6666666666666661,2.0,-1.666666666666668,-5.0,3.0,-4.0,0.0,-7.0,2.0,-1.333333333333334,0.6666666666666572,-0.3333333333333339,-1.333333333333332,-60.66666666666667
12,-7.333333333333332,-7.333333333333332,-43.66666666666667,-10.333333333333332,-13.666666666666668,-46.66666666666666,-78.33333333333333,-5.666666666666668,-11.333333333333332,-21.33333333333333,-8.666666666666668,-167.33333333333334,-0.6666666666666679,-0.3333333333333321,-64.66666666666667
13,0.3333333333333339,-0.6666666666666661,0.0,0.0,-4.666666666666668,3.0,5.666666666666666,0.0,-7.666666666666668,-1.333333333333332,-1.333333333333334,14.0,-3.0,-3.333333333333332,1.0
14,-0.6666666666666661,-1.666666666666666,-3.0,-0.6666666666666661,-11.0,2.0,-4.333333333333334,1.0,-6.0,8.333333333333329,-0.3333333333333339,16.66666666666667,1.666666666666666,-1.333333333333332,-2.333333333333336
15,1.333333333333334,-6.0,-28.66666666666667,-9.333333333333332,-14.0,4.0,-2.333333333333334,0.0,-8.666666666666668,-33.33333333333333,-11.0,-121.66666666666666,-1.333333333333334,-0.3333333333333321,-58.66666666666667
16,0.3333333333333339,-0.6666666666666661,1.0,0.3333333333333339,-4.0,35.0,-2.0,0.0,-8.666666666666668,8.666666666666668,-0.3333333333333321,14.666666666666671,-0.3333333333333339,-0.3333333333333321,1.0
17,0.3333333333333339,-0.6666666666666661,0.3333333333333321,-0.6666666666666661,-12.0,8.0,-1.333333333333334,0.0,-9.0,8.333333333333329,1.0,23.66666666666667,0.6666666666666661,-1.333333333333332,-23.33333333333333
18,1.333333333333334,-9.0,-33.66666666666667,-8.0,-15.0,5.0,-106.33333333333331,1.0,-8.666666666666668,0.6666666666666679,-6.666666666666668,-158.33333333333334,0.6666666666666661,0.6666666666666679,-70.66666666666667
19,0.3333333333333339,-1.666666666666666,-1.0,-1.666666666666666,-4.0,4.0,-1.333333333333334,0.0,-10.666666666666668,0.6666666666666679,-0.6666666666666661,24.0,1.666666666666666,-0.3333333333333321,-0.3333333333333357
20,-0.6666666666666661,-0.6666666666666661,1.0,-1.0,-3.0,32.0,-77.33333333333333,-2.0,-7.0,-3.0,-0.3333333333333339,17.66666666666667,0.6666666666666661,0.6666666666666679,-52.33333333333333
21,0.3333333333333339,-6.333333333333332,-13.666666666666671,-8.0,-14.0,6.0,-31.33333333333333,1.0,-13.0,-5.666666666666671,-8.666666666666668,-168.33333333333334,-0.3333333333333339,-0.3333333333333321,-71.66666666666667
22,0.3333333333333339,-1.666666666666666,0.0,-0.6666666666666661,-4.666666666666668,8.0,-4.0,0.0,-9.666666666666668,2.333333333333332,-1.333333333333332,102.66666666666669,0.6666666666666661,-3.333333333333332,-1.3333333333333357
23,-0.6666666666666661,-1.666666666666666,0.0,-2.0,-6.0,4.0,-4.0,0.0,-8.666666666666668,-0.3333333333333321,-4.333333333333332,118.66666666666669,-0.3333333333333339,-2.333333333333332,-62.66666666666667
24,-5.333333333333332,-11.0,-42.66666666666667,-9.0,-19.0,-120.66666666666666,-65.33333333333333,1.0,-12.0,-12.0,-10.666666666666668,-163.33333333333334,-4.333333333333332,-15.0,-71.66666666666667
25,0.3333333333333339,0.3333333333333339,10.0,0.3333333333333339,-2.0,4.0,-2.0,-0.3333333333333339,-8.666666666666668,-1.333333333333332,-1.333333333333334,17.66666666666667,-1.333333333333334,-1.333333333333332,0.6666666666666643
26,-0.6666666666666661,0.3333333333333339,-13.666666666666671,-2.666666666666668,-4.0,39.0,-3.0,0.0,-9.666666666666668,-2.3333333333333286,-2.0,17.66666666666667,0.6666666666666661,0.6666666666666679,-26.33333333333333
27,0.3333333333333339,-1.0,-27.66666666666667,-10.0,-21.0,6.0,-58.33333333333333,1.0,-9.0,-5.333333333333329,-10.0,105.66666666666669,-0.3333333333333339,-0.3333333333333321,-54.66666666666667
28,-0.6666666666666661,0.3333333333333339,0.3333333333333321,-5.333333333333332,-4.0,6.0,-98.33333333333331,0.0,-8.666666666666668,5.666666666666668,-1.333333333333334,22.0,-1.333333333333334,0.6666666666666679,-0.3333333333333357
29,0.3333333333333339,0.3333333333333339,2.0,-1.333333333333332,-6.666666666666668,6.0,-2.0,0.0,-7.666666666666668,-0.6666666666666679,1.333333333333332,22.66666666666667,-0.3333333333333339,-0.3333333333333321,-35.33333333333333
30,1.333333333333334,-7.333333333333332,-27.66666666666667,-8.0,-15.0,1.0,-34.33333333333333,0.0,-10.0,-16.66666666666667,-8.666666666666668,-156.33333333333334,-0.3333333333333339,-10.666666666666668,-70.66666666666667
31,0.3333333333333339,-1.666666666666666,0.3333333333333321,-0.3333333333333339,-4.0,7.0,-1.333333333333334,1.0,-10.0,1.666666666666668,-0.3333333333333339,18.0,0.6666666666666661,0.6666666666666679,-0.3333333333333357
32,0.3333333333333339,0.3333333333333339,0.3333333333333321,-1.666666666666668,-13.0,9.0,-4.0,1.0,-10.666666666666668,0.3333333333333321,-1.666666666666668,21.66666666666667,0.6666666666666661,-0.3333333333333321,-0.3333333333333357
33,1.333333333333334,-8.0,-9.666666666666671,-9.0,-18.0,36.0,-88.33333333333333,-1.0,-11.0,-19.0,-11.333333333333332,96.66666666666669,-0.3333333333333339,-13.0,-71.66666666666667
34,-0.6666666666666661,-0.6666666666666661,2.333333333333332,-3.666666666666666,-2.0,36.0,-3.333333333333334,0.0,-8.666666666666668,-2.666666666666668,-2.333333333333332,19.66666666666667,0.6666666666666661,-0.3333333333333321,-7.333333333333336
35,-0.6666666666666661,0.3333333333333339,0.3333333333333321,-4.666666666666668,-4.0,5.0,-13.666666666666671,1.0,-10.666666666666668,1.333333333333332,-4.666666666666668,107.0,-0.3333333333333339,-1.333333333333332,-31.33333333333333
36,-4.0,-10.333333333333332,-33.66666666666667,-9.0,-15.0,-79.66666666666666,-81.33333333333333,1.0,-13.666666666666668,-20.33333333333333,-10.333333333333332,-183.33333333333331,0.6666666666666661,-0.3333333333333321,-67.66666666666667
37,0.3333333333333339,-0.6666666666666661,0.0,-1.333333333333332,-3.0,5.0,-3.0,0.0,-9.666666666666668,1.666666666666668,1.333333333333334,118.0,-0.3333333333333339,-0.3333333333333321,-5.666666666666664
38,0.3333333333333339,-2.0,3.333333333333332,-1.666666666666668,-1.0,6.0,-2.0,-3.0,-7.0,0.3333333333333321,-2.666666666666668,-41.33333333333334,-0.3333333333333339,-1.333333333333332,-48.66666666666667
39,1.333333333333334,-6.333333333333332,-28.66666666666667,-7.333333333333332,-19.0,6.333333333333336,-107.33333333333331,1.0,-13.333333333333332,-4.0,-5.333333333333332,-161.33333333333334,-0.3333333333333339,0.6666666666666679,-67.66666666666667
40,-1.666666666666666,-0.6666666666666661,1.333333333333332,0.3333333333333339,0.0,37.0,-3.0,1.0,-10.666666666666668,0.3333333333333321,0.3333333333333339,17.66666666666667,0.6666666666666661,-1.333333333333332,1.0
41,0.3333333333333339,-4.333333333333332,-1.0,-1.333333333333332,-3.0,3.0,-4.0,1.0,-9.666666666666668,-0.3333333333333321,-1.333333333333332,-50.33333333333334,0.6666666666666661,-0.3333333333333321,-62.66666666666667
42,0.3333333333333339,-9.0,-51.66666666666667,-9.333333333333332,-15.0,7.0,-66.33333333333333,0.0,-10.666666666666668,-2.6666666666666714,-10.666666666666668,-152.33333333333334,-0.3333333333333339,-0.3333333333333321,-66.66666666666667
43,-0.6666666666666661,-0.6666666666666661,1.0,0.3333333333333339,-2.0,4.0,-4.0,1.0,-8.666666666666668,0.3333333333333321,-0.3333333333333339,18.66666666666667,-0.3333333333333339,-4.333333333333332,-1.3333333333333357
44,-0.6666666666666661,-1.666666666666668,2.0,-1.333333333333332,-14.0,6.0,-8.333333333333336,1.0,-9.666666666666668,-1.0,-3.666666666666668,-117.33333333333334,-0.3333333333333339,0.6666666666666679,0.0
45,0.3333333333333339,-14.0,-39.66666666666667,-7.0,-18.33333333333333,-32.66666666666666,7.666666666666666,-6.0,-11.0,-44.33333333333333,-10.666666666666668,-177.33333333333334,-0.3333333333333339,-0.3333333333333321,-73.66666666666667
46,1.333333333333334,-1.666666666666666,2.333333333333332,-5.333333333333332,-5.666666666666668,5.0,-4.0,1.0,-7.666666666666668,-0.6666666666666679,-0.6666666666666661,18.66666666666667,0.6666666666666661,-3.333333333333332,-0.3333333333333357
47,-0.6666666666666661,-4.0,0.3333333333333321,-5.0,-15.0,4.0,-5.0,1.0,-7.666666666666668,-0.3333333333333321,-5.333333333333332,105.0,-0.3333333333333339,0.6666666666666679,-64.66666666666667
48,-11.0,-13.333333333333332,-55.66666666666667,-9.0,-16.666666666666668,-59.66666666666666,-85.33333333333333,-7.666666666666668,-13.0,-20.33333333333333,-9.666666666666668,-54.33333333333334,0.6666666666666661,0.6666666666666679,-69.66666666666667
49,1.333333333333334,-0.6666666666666661,3.333333333333332,0.3333333333333339,-1.0,7.0,-3.0,1.0,-10.0,0.3333333333333321,-0.6666666666666661,16.66666666666667,-0.3333333333333339,-1.333333333333332,1.0
50,0.3333333333333339,-1.0,1.0,-2.333333333333332,-2.0,3.0,-4.0,0.0,-8.666666666666668,-1.333333333333332,-4.333333333333332,-92.33333333333334,0.6666666666666661,0.6666666666666679,-27.33333333333333
51,0.3333333333333339,-8.0,-32.66666666666667,-15.333333333333332,-15.0,4.0,-97.33333333333331,-1.0,-13.666666666666668,-4.666666666666671,-8.666666666666668,-155.33333333333334,-0.3333333333333339,-0.3333333333333321,-74.33333333333333
52,-1.666666666666666,0.3333333333333339,0.3333333333333321,-0.6666666666666661,-2.666666666666668,34.0,3.0,1.0,-6.666666666666668,2.333333333333332,-1.333333333333334,23.66666666666667,1.666666666666666,-0.3333333333333321,2.0
53,0.3333333333333339,-1.0,-0.6666666666666679,-1.333333333333332,-1.333333333333332,6.0,-4.0,2.0,-7.666666666666668,1.333333333333332,0.6666666666666679,114.66666666666669,-1.333333333333334,-0.3333333333333321,-64.66666666666667
54,1.333333333333334,-9.0,-47.66666666666667,-9.333333333333332,-12.0,5.333333333333336,-73.66666666666667,0.0,-11.0,-4.333333333333329,-11.0,-152.33333333333334,1.666666666666666,-1.333333333333332,-48.66666666666667
55,0.3333333333333339,0.3333333333333339,2.333333333333332,-0.6666666666666661,-1.0,4.0,-83.33333333333333,0.0,-7.666666666666668,0.6666666666666679,0.3333333333333339,21.66666666666667,0.6666666666666661,-0.3333333333333321,-3.333333333333336
56,0.3333333333333339,-4.333333333333332,0.3333333333333321,-0.6666666666666679,-2.0,35.0,-2.0,0.0,-7.666666666666668,-11.666666666666671,-1.333333333333334,104.66666666666669,-0.3333333333333339,-0.3333333333333321,-52.66666666666667
57,-1.666666666666666,-9.0,-46.66666666666667,-9.333333333333332,-13.0,5.333333333333336,-108.33333333333331,0.0,-18.0,-17.66666666666667,-9.666666666666668,-174.33333333333334,-0.3333333333333339,-0.3333333333333321,-72.66666666666667
58,0.3333333333333339,-1.666666666666666,1.333333333333332,-0.6666666666666661,-6.0,13.0,-4.0,0.0,-7.666666666666668,0.6666666666666679,-0.6666666666666661,23.66666666666667,1.666666666666666,-1.333333333333332,-0.3333333333333357
59,0.3333333333333339,-1.666666666666666,0.0,-4.0,-5.666666666666668,7.0,-26.0,0.0,-8.666666666666668,0.6666666666666679,-6.666666666666668,-132.33333333333334,-0.3333333333333339,-1.333333333333332,-65.33333333333333
60,-0.6666666666666679,-14.0,-47.66666666666667,-11.333333333333332,-16.0,-96.0,-108.33333333333331,2.0,-12.333333333333332,-32.33333333333333,-9.333333333333332,-166.33333333333334,-0.3333333333333339,-17.0,-73.66666666666667
61,-0.6666666666666661,-0.6666666666666661,0.0,0.3333333333333339,-1.666666666666668,5.0,-4.0,0.0,-8.666666666666668,0.6666666666666679,-0.3333333333333339,16.66666666666667,0.6666666666666661,-3.333333333333332,1.0
62,1.333333333333334,-7.0,0.0,-1.333333333333332,-3.0,6.0,-4.0,0.0,-8.666666666666668,-2.0,-1.333333333333334,-102.33333333333334,-0.3333333333333339,-1.333333333333332,-54.33333333333333
63,0.3333333333333339,-5.666666666666668,-31.66666666666667,-9.0,-17.666666666666668,3.333333333333336,5.666666666666666,1.0,-9.0,-9.666666666666671,-8.666666666666668,-160.33333333333334,0.6666666666666661,-11.666666666666668,-65.66666666666667
64,0.3333333333333339,1.0,-1.0,-0.6666666666666661,-4.0,39.0,-3.0,1.0,-8.666666666666668,0.6666666666666679,-1.333333333333334,22.0,0.6666666666666661,-0.3333333333333321,0.0
65,5.333333333333334,0.3333333333333339,0.0,-3.666666666666668,-5.0,5.0,-100.33333333333331,1.0,-8.666666666666668,2.666666666666668,-0.3333333333333321,22.66666666666667,0.6666666666666661,-0.3333333333333321,-62.66666666666667
66,-0.6666666666666661,-10.0,-25.66666666666667,-7.333333333333332,-15.0,5.0,-99.33333333333331,0.0,-11.666666666666668,-4.0,-10.666666666666668,-152.33333333333334,0.6666666666666661,-14.0,-66.66666666666667
67,-3.666666666666668,0.0,1.0,0.3333333333333339,-1.0,37.0,-4.0,1.0,-7.666666666666668,1.666666666666668,0.3333333333333339,13.666666666666671,-0.3333333333333339,-3.333333333333332,-1.0
68,0.3333333333333339,-2.333333333333334,-1.0,-3.333333333333332,-2.333333333333332,5.0,-106.33333333333331,1.0,-8.666666666666668,-3.0,-1.666666666666668,9.666666666666655,0.6666666666666661,0.6666666666666679,-13.333333333333329
69,1.333333333333334,-5.333333333333332,-54.66666666666667,-10.333333333333332,-19.0,5.0,-107.33333333333331,0.0,-14.666666666666668,-7.0,-10.0,-167.33333333333334,0.6666666666666661,-1.333333333333332,-68.66666666666667
70,0.3333333333333339,-0.6666666666666661,1.0,-5.0,-5.0,6.0,-4.0,1.0,-8.666666666666668,-1.0,-1.333333333333334,17.66666666666667,-0.3333333333333339,0.6666666666666679,-1.3333333333333357
71,0.3333333333333339,-4.0,0.3333333333333321,-5.666666666666668,-7.333333333333332,3.0,-85.33333333333333,1.0,-9.0,0.0,-7.333333333333332,19.0,-0.3333333333333339,-0.3333333333333321,-60.66666666666667
72,-7.0,-8.0,-58.66666666666667,-15.333333333333332,-20.666666666666668,-133.66666666666666,-96.33333333333331,-6.666666666666668,-9.666666666666668,-8.666666666666671,-8.666666666666668,-174.33333333333334,-0.3333333333333339,-0.3333333333333321,-72.66666666666667
73,-0.6666666666666661,0.3333333333333339,0.6666666666666679,0.3333333333333339,-0.3333333333333339,5.0,-6.0,1.0,-8.666666666666668,-1.333333333333332,-0.3333333333333339,14.0,-0.3333333333333339,-2.333333333333332,-17.0
74,0.3333333333333339,-3.333333333333332,0.3333333333333321,-6.333333333333332,-1.0,3.0,-3.666666666666668,1.0,-8.666666666666668,-0.3333333333333321,-5.0,-146.33333333333334,-2.333333333333334,-1.333333333333332,-63.66666666666667
75,1.333333333333334,-10.0,-50.66666666666667,-9.333333333333332,-20.666666666666668,5.333333333333336,-53.33333333333333,1.0,1.333333333333332,-0.3333333333333286,-10.333333333333332,-171.33333333333334,1.666666666666666,-1.333333333333332,-74.66666666666667
76,0.3333333333333339,-1.0,-0.6666666666666679,-0.6666666666666661,-1.0,7.0,-5.0,0.0,-7.666666666666668,-0.3333333333333321,-0.6666666666666661,21.66666666666667,-0.3333333333333339,-4.333333333333332,-5.0
77,-0.6666666666666661,-4.333333333333332,-1.0,-2.333333333333332,-14.666666666666668,3.333333333333336,-5.0,0.0,-9.666666666666668,1.0,-4.333333333333332,47.66666666666666,0.6666666666666661,0.6666666666666679,-63.66666666666667
78,-1.666666666666666,-13.0,-48.66666666666667,-9.333333333333332,-16.0,-55.0,-104.33333333333331,2.0,-17.666666666666668,-14.0,-10.666666666666668,-174.33333333333334,-1.333333333333334,-0.3333333333333321,-72.66666666666667
79,0.3333333333333339,-1.666666666666666,7.333333333333332,0.3333333333333339,-0.6666666666666679,5.0,-4.0,0.0,-9.666666666666668,-0.6666666666666679,-1.333333333333334,22.0,1.666666666666666,0.6666666666666679,-9.0
80,0.3333333333333339,-9.333333333333332,-0.6666666666666679,-4.0,-3.0,5.0,-106.33333333333331,1.0,-7.666666666666668,3.333333333333336,-7.333333333333332,-135.33333333333334,-0.3333333333333339,-4.333333333333332,-68.66666666666667
81,1.333333333333334,-11.0,-56.66666666666667,-9.333333333333332,-17.0,-126.66666666666666,-99.33333333333331,-4.0,-13.0,-32.33333333333333,-9.0,-179.33333333333334,-0.3333333333333339,-0.3333333333333321,-74.66666666666667
82,0.3333333333333339,-0.6666666666666661,0.3333333333333321,-1.666666666666666,-2.666666666666668,8.0,7.0,0.0,-8.666666666666668,-1.333333333333332,1.333333333333334,124.0,0.6666666666666661,-1.333333333333332,-2.6666666666666643
83,-0.6666666666666679,-8.333333333333332,-0.6666666666666679,-6.333333333333332,-2.0,5.333333333333336,-64.33333333333333,1.0,-9.666666666666668,6.666666666666668,-4.666666666666668,90.66666666666669,0.6666666666666661,-0.3333333333333321,-63.33333333333333
84,-6.666666666666668,-9.0,-63.66666666666667,-12.0,-17.0,-124.66666666666666,-90.33333333333331,-7.666666666666668,-10.666666666666668,-36.33333333333333,-10.666666666666668,-185.33333333333331,-0.3333333333333339,-0.3333333333333321,-73.66666666666667
85,-1.0,-0.6666666666666661,-1.333333333333332,-0.6666666666666661,-1.0,5.0,-103.33333333333331,-0.3333333333333339,-10.666666666666668,-0.6666666666666679,-0.3333333333333339,16.0,-2.0,-0.3333333333333321,-17.666666666666664
86,-0.6666666666666661,-2.666666666666668,0.3333333333333321,-3.0,-2.0,3.333333333333336,-3.666666666666668,-1.0,-8.666666666666668,-2.333333333333332,-3.666666666666668,-148.33333333333334,-0.3333333333333339,0.6666666666666679,-64.66666666666667
87,0.3333333333333339,-3.333333333333334,-55.66666666666667,-6.666666666666668,-16.0,-45.0,-83.33333333333333,-0.6666666666666679,-11.666666666666668,-19.0,-9.333333333333332,-160.33333333333334,1.666666666666666,-17.0,-72.66666666666667
88,0.3333333333333339,-0.6666666666666661,0.3333333333333321,-2.333333333333332,-0.3333333333333339,3.0,0.6666666666666661,0.0,-8.666666666666668,7.666666666666668,0.3333333333333339,22.0,0.6666666666666661,-4.333333333333332,-13.666666666666664
89,-0.6666666666666661,-8.333333333333332,-0.6666666666666679,-5.333333333333332,-0.6666666666666679,35.0,-27.33333333333333,-1.0,-8.666666666666668,1.666666666666668,-8.333333333333332,10.666666666666655,-0.3333333333333339,-0.3333333333333321,-24.0
90,0.3333333333333339,-9.0,-50.66666666666667,-10.333333333333332,-19.0,-90.0,-109.33333333333331,-1.0,-11.0,-14.0,-9.666666666666668,-96.66666666666666,0.6666666666666661,-0.3333333333333321,-73.66666666666667
91,0.3333333333333339,0.3333333333333339,5.0,0.3333333333333339,-1.0,6.0,-5.666666666666668,-1.0,-6.666666666666668,0.6666666666666679,-0.3333333333333339,3.666666666666672,0.6666666666666661,-0.3333333333333321,-6.0
92,-0.6666666666666661,-7.333333333333332,-1.0,-5.0,-3.0,5.0,-106.33333333333331,1.0,-8.666666666666668,0.6666666666666679,-5.333333333333332,104.0,-0.3333333333333339,-3.333333333333332,-63.33333333333333
93,-0.6666666666666661,-9.333333333333332,-56.66666666666667,-8.333333333333332,-14.0,-135.66666666666666,-103.33333333333331,1.0,-12.0,-17.0,-9.666666666666668,-169.33333333333334,0.6666666666666661,-3.333333333333332,-68.66666666666667
94,0.3333333333333339,0.3333333333333339,2.0,-1.333333333333334,-3.666666666666668,6.0,-5.0,1.0,-10.666666666666668,1.666666666666668,-0.3333333333333339,20.66666666666667,-0.3333333333333339,-0.3333333333333321,-0.3333333333333357
95,1.333333333333334,-4.333333333333332,0.3333333333333321,-3.666666666666668,-17.0,5.333333333333336,-66.33333333333333,0.0,-8.0,0.0,-6.666666666666668,-138.33333333333334,-0.3333333333333339,-1.333333333333332,-60.33333333333333
96,-7.666666666666668,-11.333333333333332,-58.66666666666667,-9.333333333333332,-16.666666666666668,-135.66666666666666,-104.33333333333331,1.0,-13.333333333333332,-44.33333333333333,-11.333333333333332,-86.66666666666666,-0.3333333333333339,-1.333333333333332,-70.66666666666667
97,-0.6666666666666661,-1.0,-1.0,-0.6666666666666679,-9.0,5.0,-5.0,0.0,-7.666666666666668,1.666666666666668,-0.3333333333333339,14.0,-0.3333333333333339,-0.3333333333333321,0.6666666666666643
98,1.333333333333334,-3.333333333333332,-48.66666666666667,-6.333333333333332,-1.333333333333332,4.333333333333336,-4.666666666666668,-1.0,-8.666666666666668,2.666666666666668,-1.666666666666668,-49.33333333333334,-0.3333333333333339,-4.333333333333332,-65.66666666666667
99,0.3333333333333339,-12.333333333333332,-30.66666666666667,-9.0,-17.0,7.333333333333336,7.666666666666666,0.0,-10.666666666666668,-17.0,-9.666666666666668,-154.33333333333334,0.6666666666666661,-1.333333333333332,-72.66666666666667
100,0.3333333333333339,-1.666666666666666,-2.0,-0.3333333333333339,0.0,37.0,-2.666666666666668,-1.0,-8.666666666666668,-1.333333333333332,0.3333333333333339,16.0,-0.3333333333333339,-0.3333333333333321,-9.0
101,0.3333333333333339,-7.333333333333332,-5.0,-4.666666666666668,-0.3333333333333339,4.333333333333336,-93.33333333333331,0.6666666666666661,-7.666666666666668,-1.333333333333332,-6.333333333333332,-127.33333333333334,-13.666666666666668,-4.333333333333332,-63.66666666666667
102,0.3333333333333339,-11.0,-45.0,-10.333333333333332,-17.666666666666668,-62.0,-90.33333333333331,-1.333333333333332,-11.666666666666668,-15.0,-11.666666666666668,-173.33333333333334,-2.333333333333334,-0.3333333333333321,-75.66666666666667
103,0.3333333333333339,-0.6666666666666661,0.0,-1.333333333333332,-1.0,5.0,-4.0,1.0,-8.666666666666668,5.666666666666668,-0.6666666666666661,23.0,-0.3333333333333339,-0.3333333333333321,-5.0
104,-0.6666666666666661,-7.0,-55.66666666666667,-6.0,-2.666666666666668,4.0,-57.33333333333333,0.0,-9.666666666666668,1.666666666666668,-7.666666666666668,-145.33333333333334,-0.3333333333333339,0.6666666666666679,-65.66666666666667
105,0.3333333333333339,-10.0,-57.66666666666667,-15.0,-15.0,-55.0,-108.33333333333331,-2.0,-14.666666666666668,-24.33333333333333,-10.333333333333332,-175.33333333333334,0.6666666666666661,-0.3333333333333321,-69.66666666666667
106,0.3333333333333339,0.3333333333333339,1.333333333333332,-1.0,-3.666666666666668,8.0,-4.0,0.0,-10.0,-1.0,1.333333333333334,15.666666666666671,0.6666666666666661,-1.333333333333332,-7.333333333333336
107,0.3333333333333339,-6.0,0.0,-8.333333333333332,-7.0,34.0,-69.33333333333333,1.0,-7.0,0.0,-4.333333333333332,-119.33333333333334,-0.3333333333333339,-1.333333333333332,-68.66666666666667
108,-7.0,-10.0,-57.0,-9.333333333333332,-15.666666666666668,-92.66666666666666,-89.33333333333333,-7.666666666666668,-14.0,-29.33333333333333,-9.666666666666668,-170.33333333333334,0.6666666666666661,-2.333333333333332,-74.66666666666667
109,-2.666666666666666,-2.0,-15.333333333333329,0.3333333333333339,-3.333333333333332,2.333333333333336,-16.0,0.0,-6.0,1.666666666666668,0.3333333333333339,-32.66666666666666,-0.3333333333333339,-0.3333333333333321,-56.33333333333333
110,-2.0,-6.333333333333332,-53.66666666666667,-4.666666666666668,-19.0,5.333333333333336,5.0,-3.0,-8.666666666666668,-26.33333333333333,-8.666666666666668,-158.33333333333334,-0.3333333333333339,-0.3333333333333321,-69.66666666666667
111,-4.0,-12.0,-63.66666666666667,-10.333333333333332,-16.0,-143.66666666666666,-95.33333333333331,-8.0,-11.666666666666668,-31.33333333333333,-10.333333333333332,-181.33333333333331,-0.6666666666666679,-0.3333333333333321,-73.66666666666667
112,-0.6666666666666661,-3.666666666666668,-10.333333333333336,0.3333333333333339,-1.333333333333334,3.333333333333336,-11.666666666666664,1.0,-8.666666666666668,0.3333333333333321,-0.3333333333333339,22.0,-0.3333333333333339,-0.3333333333333321,-52.33333333333333
113,0.3333333333333339,-5.333333333333332,-48.66666666666667,-7.333333333333332,-3.0,2.333333333333336,-71.33333333333333,0.0,-9.666666666666668,1.666666666666668,-9.0,-152.33333333333334,-0.3333333333333339,-0.3333333333333321,-65.66666666666667
114,-6.333333333333332,-13.333333333333332,-63.66666666666667,-11.0,-16.666666666666668,-150.66666666666666,5.0,-8.333333333333332,-15.333333333333332,-34.0,-11.666666666666668,-178.33333333333334,0.6666666666666661,-19.0,-71.66666666666667
115,-0.6666666666666661,-2.0,1.0,-1.666666666666666,-15.0,35.0,-106.33333333333331,0.0,-6.666666666666668,0.3333333333333321,-0.6666666666666661,94.0,-0.3333333333333339,-0.3333333333333321,-25.33333333333333
116,-3.0,-4.333333333333332,-52.0,-6.333333333333332,-9.0,2.0,-54.33333333333333,-2.666666666666668,-12.0,-3.333333333333332,-5.666666666666668,-164.33333333333334,0.6666666666666661,0.6666666666666679,-69.66666666666667
117,-7.333333333333332,-12.333333333333332,-60.66666666666667,-11.333333333333332,-16.0,-142.66666666666666,-94.33333333333331,0.0,-13.666666666666668,-43.33333333333333,-11.333333333333332,-115.33333333333334,0.6666666666666661,-20.0,-72.66666666666667
118,0.3333333333333339,0.0,1.0,-0.3333333333333339,0.0,5.0,-79.33333333333333,0.0,-8.0,-0.6666666666666679,0.6666666666666661,17.0,-1.333333333333334,-0.3333333333333321,-10.666666666666664
119,-7.333333333333332,0.0,-45.0,-6.333333333333332,-19.0,3.0,-107.33333333333331,0.0,-10.0,1.333333333333332,-8.333333333333332,-155.33333333333334,0.6666666666666661,-0.3333333333333321,-66.66666666666667
120,-8.0,-9.333333333333332,-64.0,-9.333333333333332,-19.0,-167.66666666666666,-42.33333333333333,-8.333333333333332,-14.0,-39.0,-11.666666666666668,-172.33333333333334,-4.666666666666668,-0.3333333333333321,-73.66666666666667
121,-2.0,-1.0,-21.0,-2.333333333333332,-2.333333333333332,4.333333333333336,-11.666666666666664,-1.0,-8.0,-2.333333333333332,-0.3333333333333339,103.0,-0.3333333333333339,-5.333333333333332,-58.66666666666667
122,-0.6666666666666661,-6.333333333333332,-50.0,-5.666666666666668,-3.666666666666668,1.0,-73.33333333333333,-2.666666666666668,-8.666666666666668,-0.3333333333333321,-8.333333333333332,-145.33333333333334,-0.3333333333333339,0.6666666666666679,-68.66666666666667
123,-1.666666666666668,-11.333333333333332,-61.66666666666667,-11.333333333333332,-19.666666666666668,-154.66666666666666,-109.33333333333331,-5.0,-12.666666666666668,-27.66666666666667,-11.333333333333332,-180.33333333333331,-0.3333333333333339,-0.3333333333333321,-71.66666666666667
124,-0.6666666666666661,-1.666666666666668,-6.666666666666664,-4.333333333333332,-2.333333333333332,4.333333333333336,-4.666666666666668,-1.333333333333334,-7.666666666666668,-0.3333333333333321,-2.0,-84.33333333333334,-0.3333333333333339,-0.3333333333333321,-54.33333333333333
125,-10.0,-7.333333333333332,-43.0,-7.666666666666668,-5.0,4.333333333333336,-102.33333333333331,-4.0,-7.666666666666668,0.6666666666666679,-9.666666666666668,-163.33333333333334,-1.333333333333334,-0.3333333333333321,-68.66666666666667
126,-3.0,-11.0,-61.66666666666667,-10.0,-21.0,-146.66666666666666,8.666666666666666,1.0,-14.333333333333332,-44.0,-10.333333333333332,-176.33333333333334,0.6666666666666661,-18.0,-73.66666666666667
127,-2.0,0.6666666666666661,-5.0,-2.333333333333332,-3.0,3.0,-5.666666666666668,0.0,-7.666666666666668,-1.333333333333332,-0.3333333333333339,-64.33333333333334,-0.3333333333333339,-0.3333333333333321,-46.0
128,0.3333333333333339,-9.333333333333332,-52.66666666666667,-5.666666666666668,-20.0,1.3333333333333357,-91.33333333333331,0.0,-9.666666666666668,-0.6666666666666679,-7.333333333333332,-127.33333333333334,-1.333333333333334,-15.333333333333332,-68.66666666666667
129,-11.666666666666668,-9.333333333333332,-10.666666666666671,-11.666666666666668,-16.333333333333332,-159.66666666666666,-93.33333333333331,-9.0,-13.0,-45.33333333333333,-6.666666666666668,-176.33333333333334,-0.3333333333333339,0.6666666666666679,-75.66666666666667
130,0.3333333333333339,0.3333333333333339,0.0,0.3333333333333339,-1.333333333333332,1.3333333333333357,-71.33333333333333,0.0,-7.666666666666668,-6.0,-1.333333333333334,15.666666666666671,0.6666666666666661,-0.3333333333333321,-12.333333333333329
131,-5.0,-5.333333333333332,-24.0,-7.333333333333332,-5.666666666666668,2.0,-97.33333333333331,-1.0,-9.666666666666668,0.6666666666666679,-10.333333333333332,-149.33333333333334,-1.333333333333334,-0.3333333333333321,-73.66666666666667
132,-9.333333333333332,-10.666666666666668,-60.66666666666667,-10.0,-18.666666666666668,-123.66666666666666,-96.33333333333331,-7.666666666666668,-13.0,-40.33333333333333,-11.666666666666668,-126.33333333333334,-0.3333333333333339,-1.333333333333332,-75.66666666666667
133,-1.0,-7.666666666666668,-7.0,-1.333333333333332,-2.333333333333332,3.333333333333336,-19.333333333333336,0.0,-8.666666666666668,-3.333333333333332,-1.333333333333334,107.0,-0.3333333333333339,-2.333333333333332,-7.0
134,-2.0,-7.0,-50.66666666666667,-6.333333333333332,-10.0,16.333333333333343,-69.33333333333333,-3.333333333333334,-11.0,-12.666666666666671,-8.0,-133.33333333333334,-3.666666666666668,-0.3333333333333321,-67.66666666666667
135,-1.0,-8.666666666666668,-61.66666666666667,-12.666666666666668,-20.666666666666668,-117.0,-88.33333333333333,-5.0,-8.0,-33.33333333333333,-8.666666666666668,-163.33333333333334,-0.3333333333333339,-0.3333333333333321,-72.66666666666667
136,-0.6666666666666661,-2.0,-9.333333333333336,-2.333333333333332,-2.666666666666668,2.0,-3.666666666666668,0.0,-8.666666666666668,-3.333333333333332,-1.333333333333334,-14.666666666666655,-0.3333333333333339,-5.333333333333332,-38.33333333333333
137,-2.0,-5.666666666666668,-42.0,-6.0,-11.0,0.3333333333333357,-79.33333333333333,-2.333333333333332,-6.666666666666668,-1.333333333333332,-9.333333333333332,-85.33333333333334,-0.3333333333333339,-16.0,-68.66666666666667
138,-6.666666666666668,-12.666666666666668,-62.66666666666667,-9.333333333333332,-17.0,-125.66666666666666,-101.33333333333331,-8.0,-13.333333333333332,-34.33333333333333,-7.666666666666668,-175.33333333333334,-0.3333333333333339,-0.3333333333333321,-71.66666666666667
139,-0.6666666666666661,-2.0,-8.0,-0.6666666666666661,-3.0,3.333333333333336,-16.333333333333336,1.0,-10.666666666666668,-1.333333333333332,-1.333333333333334,107.0,0.6666666666666661,-0.3333333333333321,-3.0
140,-7.333333333333332,-8.333333333333332,-44.66666666666667,-9.666666666666668,-18.666666666666668,34.333333333333336,-106.33333333333331,0.0,-7.0,0.0,-10.0,-55.33333333333334,-0.3333333333333339,-0.3333333333333321,-60.66666666666667
141,-7.0,-13.0,-62.66666666666667,-11.0,-19.0,-167.66666666666666,-95.33333333333331,-8.666666666666668,-14.333333333333332,-44.33333333333333,-10.333333333333332,-180.33333333333331,-1.333333333333334,0.6666666666666679,-73.66666666666667
142,-1.666666666666666,-0.6666666666666661,-5.0,0.3333333333333339,-3.0,29.0,-5.666666666666668,0.0,-6.666666666666668,1.0,-0.6666666666666679,18.0,-0.3333333333333339,-0.3333333333333321,-12.333333333333329
143,-6.666666666666668,-9.0,-41.66666666666667,-9.333333333333332,-9.0,30.0,-85.33333333333333,0.0,-9.666666666666668,-2.0,-9.666666666666668,23.666666666666657,-1.333333333333334,-1.333333333333332,-36.33333333333333
144,-8.333333333333332,-12.0,-8.666666666666671,-10.333333333333332,-18.666666666666668,-163.66666666666666,-86.33333333333333,-8.666666666666668,-13.0,-38.0,-12.0,-182.33333333333331,-0.3333333333333339,-0.3333333333333321,-74.66666666666667
145,-0.6666666666666661,-0.6666666666666661,2.0,-1.0,-3.666666666666668,7.0,-26.33333333333333,-2.333333333333334,-9.0,1.666666666666668,0.3333333333333339,24.0,-1.333333333333334,-2.333333333333332,1.0
146,0.3333333333333339,-1.666666666666666,-9.0,-0.6666666666666661,-4.0,4.0,-101.33333333333331,-1.0,-7.666666666666668,-0.3333333333333321,-0.6666666666666661,20.66666666666667,-0.3333333333333339,-3.333333333333332,-10.0
147,1.333333333333334,-10.0,-36.0,-9.0,-14.0,5.0,-57.33333333333333,0.0,-8.0,-0.3333333333333321,-9.666666666666668,-131.66666666666666,-0.3333333333333339,-0.3333333333333321,-52.66666666666667
148,0.3333333333333339,-0.6666666666666661,3.333333333333332,-1.333333333333332,-6.0,37.0,-3.0,0.0,-9.666666666666668,0.6666666666666679,1.666666666666666,18.66666666666667,-0.3333333333333339,-3.333333333333332,0.6666666666666643
149,0.3333333333333339,0.0,-1.6666666666666714,-2.333333333333332,-13.333333333333332,4.0,-3.0,0.0,-8.666666666666668,0.0,-0.3333333333333339,105.66666666666669,-0.3333333333333339,-0.3333333333333321,-28.33333333333333
150,-0.6666666666666661,-10.0,0.0,-16.0,-16.0,7.0,-9.333333333333329,-1.0,-9.0,-1.0,-8.666666666666668,-168.33333333333334,1.666666666666666,-1.333333333333332,-71.66666666666667
151,1.333333333333334,0.3333333333333339,1.333333333333332,-3.333333333333332,-2.666666666666668,4.0,-4.0,1.0,-8.0,5.666666666666668,-0.6666666666666661,23.66666666666667,0.6666666666666661,-0.3333333333333321,-2.333333333333336
152,-0.6666666666666661,-0.6666666666666661,0.3333333333333321,-3.666666666666668,-5.0,6.0,-3.0,1.0,-9.0,1.666666666666668,0.3333333333333339,22.66666666666667,-1.333333333333334,-0.3333333333333321,-42.33333333333333
153,0.3333333333333339,0.0,-26.0,-7.333333333333332,-16.0,35.0,-88.33333333333333,0.0,-10.0,-12.333333333333329,-8.666666666666668,-139.33333333333334,-0.3333333333333339,-2.0,-76.66666666666667
154,0.3333333333333339,-0.6666666666666661,1.0,-0.6666666666666661,-2.666666666666668,32.0,-4.0,0.0,-9.666666666666668,8.333333333333332,-1.333333333333334,21.66666666666667,0.6666666666666661,0.6666666666666679,-1.3333333333333357
155,0.3333333333333339,0.3333333333333339,1.333333333333332,-2.333333333333332,-7.0,6.0,-9.0,1.0,-8.0,0.6666666666666679,-1.333333333333332,19.666666666666657,-1.333333333333334,-0.3333333333333321,-64.66666666666667
156,-4.333333333333332,-10.0,-28.66666666666667,-9.333333333333332,-14.0,-58.66666666666666,-84.33333333333333,1.0,-15.0,-21.0,-9.333333333333332,-185.33333333333331,-0.3333333333333339,-2.0,-75.66666666666667
157,0.3333333333333339,-0.6666666666666661,1.0,-0.3333333333333321,-1.666666666666668,-6.0,-2.0,-0.3333333333333339,-9.666666666666668,-0.3333333333333321,-1.666666666666666,13.666666666666671,-0.3333333333333339,0.6666666666666679,1.0
158,0.3333333333333339,-0.6666666666666661,-6.0,-2.0,-12.0,6.0,-3.0,0.0,-7.0,1.333333333333332,-0.6666666666666661,115.66666666666669,0.6666666666666661,-1.333333333333332,-17.33333333333333
159,0.3333333333333339,-8.0,-37.66666666666667,-8.0,-16.666666666666668,4.333333333333336,-80.33333333333333,0.0,-10.666666666666668,-7.333333333333329,-9.666666666666668,-180.33333333333331,-0.3333333333333339,-3.333333333333332,1.0
160,-0.6666666666666661,-0.6666666666666661,0.3333333333333321,-0.6666666666666661,-4.666666666666668,31.0,7.666666666666666,0.0,-7.0,-1.333333333333332,-1.333333333333332,21.66666666666667,-1.333333333333334,-1.333333333333332,0.0
161,0.3333333333333339,-1.666666666666666,1.3333333333333286,-3.333333333333332,-14.333333333333332,6.0,-98.33333333333331,0.0,-7.666666666666668,0.3333333333333321,-1.0,23.0,-0.3333333333333339,-3.333333333333332,-31.33333333333333
162,0.3333333333333339,-6.333333333333332,-24.66666666666667,-9.333333333333332,-21.0,3.0,-72.33333333333333,1.0,-10.0,-2.0,-9.666666666666668,-126.33333333333334,0.6666666666666661,-0.3333333333333321,-57.66666666666667
163,-4.0,-1.666666666666666,-2.0,-2.0,-2.333333333333332,4.0,-95.33333333333331,-2.0,-9.666666666666668,-5.0,-1.333333333333334,17.66666666666667,-0.3333333333333339,-1.333333333333332,-1.3333333333333357
164,0.3333333333333339,-0.6666666666666661,1.0,-2.0,-9.0,5.0,-4.0,0.0,-7.666666666666668,-2.333333333333332,-1.0,21.66666666666667,-0.3333333333333339,-0.3333333333333321,-56.33333333333333
165,0.3333333333333339,-8.666666666666668,-31.66666666666667,-8.333333333333332,-15.666666666666668,5.0,-97.33333333333331,1.0,-9.666666666666668,-0.6666666666666679,-10.333333333333332,-157.33333333333334,-0.3333333333333339,-1.333333333333332,-58.66666666666667
166,1.333333333333334,0.3333333333333339,-1.0,-0.6666666666666661,-7.0,5.0,-1.333333333333334,0.0,-8.666666666666668,3.333333333333332,-3.333333333333332,101.0,-0.3333333333333339,-0.3333333333333321,-1.3333333333333357
167,1.333333333333334,-0.6666666666666661,-1.0,-1.333333333333332,-7.0,7.0,-4.0,0.0,-9.666666666666668,5.666666666666668,-1.0,-16.333333333333343,-0.3333333333333339,-0.3333333333333321,-67.66666666666667
168,1.333333333333334,-10.666666666666668,-50.66666666666667,-9.666666666666668,-4.0,-99.66666666666666,-88.33333333333333,-7.333333333333332,-13.0,-35.33333333333333,-9.333333333333332,-182.33333333333331,-12.0,-1.333333333333332,-75.66666666666667
169,0.3333333333333339,-0.6666666666666661,1.333333333333332,-0.6666666666666679,-15.0,7.0,-4.333333333333334,-1.0,-7.666666666666668,0.0,-1.666666666666668,21.66666666666667,0.6666666666666661,-1.333333333333332,1.0
170,-1.666666666666666,-1.666666666666666,1.0,-4.333333333333332,-6.0,3.0,-2.0,0.0,-9.666666666666668,0.6666666666666679,-2.333333333333332,24.0,-0.3333333333333339,-0.3333333333333321,-5.0
171,-0.6666666666666661,-2.666666666666666,-28.66666666666667,-7.333333333333332,-14.333333333333332,3.0,-46.33333333333333,0.0,-10.666666666666668,-5.333333333333329,-10.333333333333332,-174.33333333333334,-0.3333333333333339,0.6666666666666679,-1.0
172,0.3333333333333339,-0.6666666666666661,0.0,0.0,-2.666666666666668,6.0,-3.0,-1.0,-9.666666666666668,-0.3333333333333321,-2.0,17.66666666666667,-0.3333333333333339,-1.333333333333332,-1.3333333333333357
173,0.3333333333333339,-1.666666666666666,2.333333333333332,-4.333333333333332,-9.666666666666668,3.0,-99.33333333333331,0.0,-6.666666666666668,1.666666666666668,-3.333333333333332,19.66666666666667,0.6666666666666661,0.6666666666666679,-8.0
174,0.3333333333333339,-8.0,-26.66666666666667,-9.333333333333332,-17.0,3.0,-83.33333333333333,1.0,-9.0,-22.33333333333333,-9.333333333333332,-161.33333333333334,0.6666666666666661,-0.3333333333333321,-50.66666666666667
175,-0.6666666666666661,-0.6666666666666661,-0.6666666666666679,-0.6666666666666661,-2.0,5.0,-65.33333333333333,-1.0,-5.666666666666668,0.0,-1.333333333333332,22.66666666666667,-0.3333333333333339,-4.333333333333332,1.6666666666666643
176,0.3333333333333339,-1.0,0.3333333333333321,-3.0,-8.333333333333332,7.0,-4.0,1.0,-10.666666666666668,-0.3333333333333321,-1.333333333333334,114.66666666666669,0.6666666666666661,-4.333333333333332,0.0
177,-1.666666666666666,-7.333333333333332,-16.66666666666667,-9.0,-17.666666666666668,4.0,-61.33333333333333,0.0,-10.666666666666668,-30.33333333333333,-8.666666666666668,105.66666666666669,0.6666666666666661,-0.3333333333333321,-74.66666666666667
178,-0.6666666666666661,-1.666666666666666,0.0,-1.333333333333332,-7.0,2.0,-27.0,1.0,-8.666666666666668,-1.333333333333332,-0.6666666666666661,17.0,-0.3333333333333339,-0.3333333333333321,-4.333333333333336
179,1.333333333333334,-1.0,0.3333333333333321,-3.0,-8.0,5.0,-103.33333333333331,0.0,-10.666666666666668,-0.6666666666666679,-1.666666666666668,19.66666666666667,-0.3333333333333339,-0.3333333333333321,-34.33333333333333
180,0.3333333333333339,-10.0,-47.66666666666667,-9.0,-18.0,-67.0,-95.33333333333331,-6.0,-14.333333333333332,-12.0,-6.666666666666668,-179.33333333333334,-0.3333333333333339,-1.333333333333332,-73.66666666666667
181,0.3333333333333339,0.3333333333333339,0.0,0.3333333333333339,0.0,6.0,-102.33333333333331,0.0,-9.0,-2.333333333333332,-0.6666666666666661,24.66666666666667,0.6666666666666661,-4.333333333333332,0.0
182,-0.6666666666666661,0.0,1.0,-1.666666666666668,-7.333333333333332,43.0,-44.0,0.0,-7.666666666666668,-4.0,-0.3333333333333321,-16.333333333333343,-1.333333333333334,0.6666666666666679,-1.6666666666666643
183,1.333333333333334,-10.0,-28.66666666666667,-10.0,-17.666666666666668,2.0,-83.33333333333333,1.0,-11.666666666666668,-0.6666666666666679,-10.666666666666668,-167.33333333333334,0.6666666666666661,-1.333333333333332,-74.66666666666667
184,0.3333333333333339,1.333333333333334,-1.666666666666668,1.333333333333334,0.0,35.0,-3.0,1.0,-8.666666666666668,2.333333333333332,-0.6666666666666661,23.0,-0.3333333333333339,-1.333333333333332,-2.333333333333336
185,1.333333333333334,-1.0,-0.6666666666666679,-1.0,-2.0,7.0,-5.0,1.0,-8.666666666666668,-5.333333333333332,-0.6666666666666661,-26.333333333333343,-0.3333333333333339,-2.333333333333332,-60.66666666666667
186,1.333333333333334,-10.0,-62.66666666666667,-7.333333333333332,-16.0,6.0,8.666666666666666,2.0,-9.0,-23.33333333333333,-8.666666666666668,-174.33333333333334,0.6666666666666661,0.6666666666666679,-72.66666666666667
187,1.333333333333334,0.3333333333333339,0.0,-0.6666666666666661,-3.0,5.0,-3.0,1.0,-8.0,0.6666666666666679,2.333333333333334,112.0,0.6666666666666661,-1.333333333333332,0.6666666666666643
188,0.3333333333333339,-1.0,0.3333333333333321,-2.333333333333332,-15.333333333333332,6.0,-42.33333333333333,1.0,-9.666666666666668,-0.3333333333333321,-0.6666666666666679,-72.33333333333334,0.6666666666666661,-0.3333333333333321,-49.33333333333333
189,1.333333333333334,-10.0,-46.0,-12.666666666666668,-14.333333333333332,4.0,-99.33333333333331,1.0,-13.0,-1.333333333333332,-8.666666666666668,-166.33333333333334,1.666666666666666,-0.3333333333333321,-74.33333333333333
190,1.333333333333334,0.3333333333333339,3.0,0.3333333333333321,-0.6666666666666679,5.0,-4.0,1.0,-7.666666666666668,1.666666666666668,-1.0,20.66666666666667,-2.333333333333334,-0.3333333333333321,-7.333333333333329
191,0.3333333333333339,-4.666666666666668,2.0,-2.666666666666668,-9.0,4.0,-8.0,0.0,-7.666666666666668,3.666666666666668,-6.333333333333332,106.66666666666669,-0.3333333333333339,-4.333333333333332,-70.66666666666667
192,-2.0,-9.666666666666668,-61.0,-10.333333333333332,-17.0,-21.666666666666657,-96.33333333333331,2.0,-14.333333333333332,-45.33333333333333,-9.666666666666668,-174.33333333333334,1.666666666666666,-18.0,-74.66666666666667
193,0.3333333333333339,-0.6666666666666661,-0.6666666666666679,-2.333333333333332,-1.666666666666668,7.0,-103.33333333333331,-1.0,-7.666666666666668,7.666666666666668,0.6666666666666661,14.666666666666671,-0.3333333333333339,-0.3333333333333321,-1.3333333333333357
194,-0.6666666666666661,0.3333333333333339,0.0,-1.333333333333332,-2.0,4.0,-101.33333333333331,1.0,-6.666666666666668,4.666666666666668,-2.333333333333334,19.0,-0.3333333333333339,-0.3333333333333321,-53.33333333333333
195,1.333333333333334,-9.333333333333332,-50.66666666666667,-7.333333333333332,-18.0,38.0,-66.33333333333333,1.0,-10.0,-6.333333333333329,-9.0,-151.33333333333334,0.6666666666666661,-15.333333333333332,-63.66666666666667
196,1.333333333333334,0.3333333333333339,0.0,0.3333333333333321,-0.6666666666666679,7.0,-2.0,1.0,-7.0,-0.3333333333333321,-0.3333333333333339,19.66666666666667,-0.3333333333333339,-0.3333333333333321,1.0
197,-0.6666666666666661,0.3333333333333339,-1.0,-4.0,-4.0,6.0,-76.33333333333333,2.0,-7.666666666666668,-1.666666666666668,0.0,-11.333333333333345,-0.3333333333333339,0.6666666666666679,-64.66666666666667
198,0.3333333333333339,-8.333333333333332,-24.66666666666667,-6.0,-16.0,6.0,-67.33333333333333,1.0,-9.0,-36.0,-9.666666666666668,-185.33333333333331,-0.3333333333333339,-1.333333333333332,-72.66666666666667
199,1.333333333333334,0.3333333333333339,0.0,0.3333333333333339,-1.0,3.0,-5.0,2.0,-8.666666666666668,5.666666666666668,-0.6666666666666661,23.0,0.6666666666666661,-0.3333333333333321,2.0
200,0.3333333333333339,-0.6666666666666661,0.3333333333333321,-1.333333333333332,-3.0,6.0,-5.0,2.0,-10.666666666666668,2.333333333333332,-7.666666666666668,-23.333333333333343,-0.3333333333333339,-0.3333333333333321,-65.66666666666667
201,0.3333333333333339,-8.666666666666668,-13.0,-8.333333333333332,-17.0,36.0,-96.33333333333331,0.0,-12.0,0.3333333333333321,-9.666666666666668,-155.33333333333334,-0.3333333333333339,-1.333333333333332,-70.66666666666667
202,1.333333333333334,1.333333333333334,0.3333333333333321,0.3333333333333339,-4.0,5.0,-106.33333333333331,1.0,-8.666666666666668,-2.333333333333332,-1.666666666666666,16.66666666666667,0.6666666666666661,-4.333333333333332,-5.333333333333336
203,0.3333333333333339,-1.333333333333332,1.0,-7.0,-7.0,6.0,-25.33333333333333,1.0,-9.666666666666668,-0.3333333333333321,-6.0,-77.33333333333334,-0.3333333333333339,-9.333333333333332,-5.0
204,0.3333333333333339,-12.0,-59.66666666666667,-9.0,-16.0,-50.0,-89.33333333333333,2.0,-14.333333333333332,-38.33333333333333,-9.666666666666668,-184.33333333333331,0.6666666666666661,-21.0,-73.66666666666667
205,-0.6666666666666661,-0.6666666666666661,1.0,-0.6666666666666661,-2.333333333333332,4.0,-72.66666666666667,0.0,-8.666666666666668,0.6666666666666679,-1.0,22.0,-0.3333333333333339,-1.333333333333332,-0.3333333333333357
206,0.3333333333333339,-0.6666666666666661,2.0,-5.0,-5.0,7.0,-5.0,0.0,-7.666666666666668,-2.0,-1.666666666666668,17.66666666666667,-0.3333333333333339,-4.333333333333332,-44.33333333333333
207,0.3333333333333339,-14.333333333333332,-18.66666666666667,-7.333333333333332,-17.0,7.0,-75.33333333333333,1.0,-8.0,1.333333333333332,-9.666666666666668,-176.33333333333334,0.6666666666666661,-1.333333333333332,-66.66666666666667
208,0.3333333333333339,-2.666666666666666,0.0,-0.6666666666666661,-1.0,6.0,9.666666666666666,0.0,-7.666666666666668,0.6666666666666679,-1.0,23.66666666666667,-0.3333333333333339,0.6666666666666679,0.0
209,1.333333333333334,0.3333333333333339,0.0,-4.0,-3.0,4.0,-70.33333333333333,0.0,-10.666666666666668,0.3333333333333321,-2.0,20.0,-0.3333333333333339,0.6666666666666679,-61.66666666666667
210,1.333333333333334,-12.0,-23.66666666666667,-7.333333333333332,-14.0,5.0,-89.33333333333333,2.0,-12.666666666666668,-0.6666666666666714,-8.666666666666668,-130.33333333333334,0.6666666666666661,-16.0,-71.66666666666667
211,0.3333333333333339,-1.666666666666666,1.0,0.3333333333333339,-4.666666666666668,40.0,-5.0,1.0,-7.666666666666668,10.333333333333332,-2.333333333333332,18.0,4.666666666666666,-0.3333333333333321,-1.3333333333333357
212,-0.6666666666666661,-11.333333333333332,3.0,-4.333333333333332,-2.333333333333332,37.0,-101.33333333333331,3.0,-7.666666666666668,-0.6666666666666679,-2.333333333333332,-33.33333333333334,-0.3333333333333339,-1.333333333333332,-30.66666666666667
213,0.3333333333333339,-9.0,-51.66666666666667,-6.666666666666668,-16.666666666666668,34.0,-92.33333333333331,1.0,-13.0,-9.333333333333329,-10.333333333333332,-148.33333333333334,1.666666666666666,0.6666666666666679,-63.66666666666667
214,-0.6666666666666661,-1.666666666666666,1.0,-0.6666666666666679,-1.0,38.0,-1.0,0.0,-6.666666666666668,-0.3333333333333321,0.3333333333333339,17.66666666666667,-1.333333333333334,-1.333333333333332,-0.3333333333333357
215,0.3333333333333339,-0.6666666666666661,1.0,-2.333333333333332,-8.0,7.0,-4.0,0.0,-10.666666666666668,-0.3333333333333321,-2.0,23.66666666666667,0.6666666666666661,-1.333333333333332,-71.66666666666667
216,0.3333333333333339,-12.0,-55.66666666666667,-9.0,-17.0,-58.0,6.666666666666666,0.0,-15.0,-20.66666666666667,-8.666666666666668,16.333333333333343,0.6666666666666661,0.6666666666666679,-74.66666666666667
217,-0.6666666666666661,0.0,-1.666666666666668,-0.6666666666666661,-1.333333333333334,4.333333333333336,-5.0,0.0,-8.666666666666668,0.6666666666666679,1.333333333333334,19.0,-0.3333333333333339,-0.3333333333333321,-5.333333333333329
218,1.333333333333334,-7.333333333333332,0.0,-3.333333333333332,-15.333333333333332,5.0,-4.666666666666668,0.0,-7.666666666666668,-0.6666666666666679,-3.666666666666668,-138.33333333333334,-0.3333333333333339,-2.333333333333332,-61.66666666666667
219,0.3333333333333339,-12.333333333333332,-52.66666666666667,-8.0,-20.0,-93.66666666666666,-83.33333333333333,2.0,-9.666666666666668,-11.0,-11.0,-183.33333333333331,0.6666666666666661,0.6666666666666679,-74.66666666666667
220,1.333333333333334,0.3333333333333339,3.333333333333332,-1.333333333333332,-1.333333333333332,3.0,-5.0,2.0,-8.666666666666668,0.6666666666666679,0.6666666666666661,13.0,-0.3333333333333339,-4.333333333333332,-3.333333333333336
221,0.3333333333333339,-4.333333333333332,-1.0,-3.666666666666668,-1.0,6.0,-4.0,0.0,-8.666666666666668,-4.333333333333332,-9.666666666666668,-142.33333333333334,0.6666666666666661,-4.333333333333332,-67.66666666666667
222,1.333333333333334,-13.333333333333332,-55.66666666666667,-10.0,-16.666666666666668,5.333333333333336,-107.33333333333331,1.0,-10.0,-28.66666666666667,-9.333333333333332,-152.33333333333334,-0.3333333333333339,-0.3333333333333321,-72.66666666666667
223,0.3333333333333339,-0.6666666666666661,-0.6666666666666679,-1.666666666666666,-0.3333333333333321,6.333333333333336,-6.666666666666668,2.0,-7.666666666666668,-0.3333333333333321,-0.3333333333333339,22.66666666666667,0.6666666666666661,-3.333333333333332,-12.333333333333329
224,0.3333333333333339,-2.333333333333332,1.0,-2.333333333333332,-2.666666666666668,7.0,-50.33333333333333,1.0,-8.666666666666668,-9.333333333333336,-7.333333333333332,-164.33333333333334,0.6666666666666661,-0.3333333333333321,-61.66666666666667
225,-0.6666666666666661,-9.0,-59.66666666666667,-9.333333333333332,-17.666666666666668,-110.66666666666666,-102.33333333333331,-2.666666666666668,-13.333333333333332,-19.0,-9.666666666666668,-175.33333333333334,-11.333333333333332,-0.3333333333333321,-72.66666666666667
226,0.3333333333333339,-0.6666666666666661,-0.6666666666666679,0.3333333333333339,-1.0,4.0,-103.33333333333331,1.0,-10.666666666666668,0.0,0.3333333333333339,13.666666666666671,-0.3333333333333339,-1.333333333333332,-23.33333333333333
227,-1.666666666666666,-4.333333333333332,1.0,-6.666666666666668,-10.0,37.0,-60.33333333333333,2.0,-7.666666666666668,-0.3333333333333321,-1.666666666666668,113.0,1.666666666666666,-10.0,-17.666666666666664
228,-3.0,-12.0,-58.66666666666667,-11.333333333333332,-16.666666666666668,-149.66666666666666,-101.33333333333331,-0.6666666666666679,-11.0,-43.0,-9.666666666666668,-115.33333333333334,0.6666666666666661,-19.33333333333333,-74.66666666666667
229,1.333333333333334,-0.6666666666666661,-1.666666666666668,0.3333333333333339,-0.3333333333333339,2.0,-5.0,1.0,-8.666666666666668,-48.0,-0.6666666666666661,19.0,-0.3333333333333339,-1.333333333333332,-5.333333333333336
230,1.333333333333334,-4.333333333333332,-10.0,-2.0,-3.0,8.333333333333336,-5.666666666666668,2.0,-7.666666666666668,-1.333333333333332,-6.666666666666668,-115.33333333333334,-1.333333333333334,0.6666666666666679,-59.66666666666667
231,0.3333333333333339,-9.666666666666668,-52.66666666666667,-7.0,-16.666666666666668,6.0,-90.33333333333331,0.0,-9.333333333333332,-44.33333333333333,-11.333333333333332,-165.33333333333334,0.6666666666666661,-1.333333333333332,-74.66666666666667
232,-0.6666666666666661,-0.6666666666666661,0.3333333333333321,-1.666666666666666,0.0,3.0,-3.0,1.0,-8.666666666666668,-1.333333333333332,-1.333333333333334,16.0,-0.3333333333333339,0.6666666666666679,-5.0
233,-0.6666666666666661,-7.0,1.0,-4.666666666666668,-1.0,32.0,-62.33333333333333,1.0,-9.666666666666668,-3.333333333333332,-4.666666666666668,-94.33333333333334,0.6666666666666661,0.6666666666666679,-72.66666666666667
234,0.3333333333333339,-9.333333333333332,-21.66666666666667,-12.0,-18.0,-117.66666666666666,-94.33333333333331,0.0,-11.666666666666668,-2.3333333333333286,-9.666666666666668,-171.33333333333334,0.6666666666666661,-2.333333333333332,-73.66666666666667
235,0.3333333333333339,0.3333333333333339,-1.0,-1.666666666666666,-2.0,6.0,-6.0,1.0,-9.666666666666668,-3.333333333333332,-0.3333333333333339,15.0,-2.333333333333334,-0.3333333333333321,-3.0
236,-4.0,-10.0,-1.0,-6.333333333333332,-2.0,4.0,-51.33333333333333,1.0,-8.666666666666668,1.333333333333332,-4.666666666666668,-149.33333333333334,-0.3333333333333339,-1.333333333333332,-37.33333333333333
237,0.3333333333333339,-9.0,-56.66666666666667,-10.333333333333332,-17.666666666666668,-97.66666666666666,-95.33333333333331,-1.0,-14.333333333333332,-30.0,-8.666666666666668,-178.33333333333334,-1.333333333333334,-0.3333333333333321,-74.66666666666667
238,1.333333333333334,0.3333333333333339,0.0,-0.6666666666666661,-2.666666666666668,33.0,-4.666666666666668,1.0,-7.666666666666668,-1.333333333333332,-1.666666666666666,21.0,-0.3333333333333339,-0.3333333333333321,-2.333333333333336
239,0.3333333333333339,-5.333333333333332,-1.666666666666668,-8.333333333333332,-7.0,4.333333333333336,-71.33333333333333,1.0,-8.0,-2.333333333333332,-9.333333333333332,-146.33333333333334,-1.333333333333334,-1.333333333333332,-56.33333333333333
240,0.0,-10.0,-59.66666666666667,-11.333333333333332,-19.666666666666668,-137.66666666666666,5.0,0.0,-13.333333333333332,-36.33333333333333,-11.0,-112.33333333333334,-0.3333333333333339,-2.333333333333332,-75.66666666666667
241,1.333333333333334,-1.0,-4.0,0.3333333333333339,-1.0,6.0,7.0,1.0,-6.666666666666668,1.666666666666668,-1.333333333333334,19.66666666666667,-0.3333333333333339,-0.3333333333333321,-6.333333333333329
242,0.3333333333333339,-3.333333333333332,-1.0,-6.666666666666668,-1.666666666666668,4.0,-12.0,2.0,-10.0,0.3333333333333321,-4.333333333333332,-30.333333333333343,0.6666666666666661,-0.3333333333333321,-44.33333333333333
243,0.3333333333333339,-9.333333333333332,-56.66666666666667,-3.666666666666668,-19.666666666666668,-115.66666666666666,-92.33333333333331,0.0,-9.333333333333332,-0.3333333333333321,-10.333333333333332,-167.33333333333334,-0.3333333333333339,0.6666666666666679,-71.66666666666667
244,1.333333333333334,-1.666666666666666,1.0,-0.6666666666666661,-0.3333333333333339,3.0,-8.0,0.0,-8.666666666666668,6.666666666666668,1.333333333333334,18.66666666666667,1.666666666666666,-0.3333333333333321,1.0
245,1.333333333333334,-0.6666666666666679,-2.333333333333332,-4.666666666666668,-0.3333333333333339,4.0,-5.666666666666668,1.0,-8.666666666666668,2.333333333333332,-5.0,-124.33333333333334,0.6666666666666661,-0.3333333333333321,-60.66666666666667
246,-0.6666666666666661,-10.333333333333332,-21.66666666666667,-9.333333333333332,-15.0,-69.0,-108.33333333333331,2.0,-12.0,-17.0,-9.0,-172.33333333333334,0.6666666666666661,-19.0,-73.66666666666667
247,0.3333333333333339,0.3333333333333339,-2.666666666666668,-4.333333333333332,-0.3333333333333339,34.0,-5.0,1.0,-10.666666666666668,7.333333333333332,0.3333333333333339,109.0,0.6666666666666661,-0.3333333333333321,-1.0
248,-0.6666666666666661,-8.333333333333332,-55.0,-3.0,-1.666666666666668,3.333333333333336,-60.33333333333333,1.0,-8.0,4.0,-8.333333333333332,-95.33333333333334,-0.3333333333333339,-4.333333333333332,-60.66666666666667
249,0.3333333333333321,-11.333333333333332,-54.66666666666667,-11.333333333333332,-15.0,-98.66666666666666,-107.33333333333331,1.0,-13.0,-12.0,-10.0,-176.33333333333334,-0.3333333333333339,-2.333333333333332,-69.66666666666667
250,1.333333333333334,-0.6666666666666661,0.0,-0.6666666666666661,-2.666666666666668,3.0,-5.666666666666668,1.0,-9.666666666666668,-0.3333333333333321,-0.3333333333333339,20.0,-1.333333333333334,-0.3333333333333321,-3.0
251,0.3333333333333339,-10.0,1.333333333333332,-7.333333333333332,-3.666666666666668,4.0,-90.33333333333331,2.0,-8.0,-7.333333333333336,-6.666666666666668,-129.33333333333334,0.6666666666666661,-1.333333333333332,-70.66666666666667
252,-1.0,-11.0,-61.66666666666667,-11.333333333333332,-18.0,-160.66666666666666,-105.33333333333331,0.0,-10.666666666666668,-10.333333333333329,-10.333333333333332,-177.33333333333334,1.666666666666666,-1.333333333333332,-74.66666666666667
253,0.3333333333333339,-0.6666666666666661,-20.33333333333333,-4.333333333333332,-2.0,4.333333333333336,-16.333333333333336,0.0,-10.666666666666668,3.0,-0.3333333333333339,-62.33333333333334,-0.3333333333333339,-0.3333333333333321,-51.33333333333333
254,-0.6666666666666661,-7.333333333333332,-20.0,-6.333333333333332,-12.0,-8.666666666666657,-93.33333333333331,1.0,-11.666666666666668,-1.333333333333332,-10.0,-169.33333333333334,0.6666666666666661,-16.0,-68.66666666666667
255,-2.333333333333332,-12.333333333333332,-62.66666666666667,-9.333333333333332,-17.666666666666668,-162.66666666666666,-96.33333333333331,-0.6666666666666679,-11.0,-30.33333333333333,-9.666666666666668,-182.33333333333331,0.6666666666666661,-0.3333333333333321,-72.66666666666667
256,0.0,-3.333333333333332,-24.0,-0.6666666666666661,-1.333333333333332,4.0,-69.33333333333333,0.0,-8.666666666666668,-1.333333333333332,-0.6666666666666679,-32.33333333333334,-0.3333333333333339,-0.3333333333333321,-53.33333333333333
257,0.3333333333333339,-11.0,0.3333333333333286,-7.333333333333332,-4.0,-3.0,-105.33333333333331,0.0,-9.666666666666668,1.666666666666668,-11.0,-161.33333333333334,-0.3333333333333339,0.6666666666666679,-70.66666666666667
258,-3.0,-0.6666666666666661,-60.66666666666667,-9.0,-18.0,-147.66666666666666,-108.33333333333331,2.0,-13.666666666666668,-24.0,-10.333333333333332,-174.33333333333334,-0.3333333333333339,0.6666666666666679,-75.66666666666667
259,0.0,-6.333333333333332,-8.0,0.3333333333333339,0.0,2.333333333333336,-17.0,0.0,-6.666666666666668,-0.6666666666666679,0.6666666666666661,20.0,-0.3333333333333339,-4.333333333333332,-3.666666666666664
260,-1.333333333333332,-8.666666666666668,-42.0,-10.0,-18.0,4.333333333333336,9.0,1.0,-10.666666666666668,-0.3333333333333321,-8.0,-165.33333333333334,0.6666666666666661,-1.333333333333332,-72.33333333333333
261,-7.0,-11.0,-62.66666666666667,-9.0,-17.0,-161.66666666666666,-101.33333333333331,-0.6666666666666679,-11.0,-40.0,-9.333333333333332,-177.33333333333334,0.6666666666666661,-7.0,-76.66666666666667
262,0.3333333333333339,-0.6666666666666661,-2.0,-7.666666666666668,0.0,36.0,-2.666666666666668,0.0,-10.0,1.333333333333332,-0.3333333333333339,22.0,-1.333333333333334,-0.3333333333333321,-24.33333333333333
263,0.3333333333333339,-6.666666666666668,-25.66666666666667,-8.333333333333332,-2.333333333333332,5.0,-83.33333333333333,1.0,-9.666666666666668,1.666666666666668,-4.666666666666668,-76.33333333333334,-14.333333333333332,-0.3333333333333321,-72.66666666666667
264,-6.333333333333332,-10.0,-61.66666666666667,-10.0,-19.0,-169.66666666666666,-90.33333333333331,-3.0,-15.333333333333332,-45.33333333333333,-9.666666666666668,-184.33333333333331,-1.333333333333334,-0.3333333333333321,-79.66666666666667
265,0.3333333333333339,-5.333333333333332,-10.333333333333336,-5.333333333333332,-16.666666666666668,3.333333333333336,-17.0,0.0,-7.666666666666668,6.666666666666668,-1.333333333333334,13.666666666666671,-1.333333333333334,-0.3333333333333321,-59.33333333333333
266,0.3333333333333339,-9.333333333333332,-52.66666666666667,-6.333333333333332,-8.666666666666668,7.0,-51.33333333333333,-1.0,-7.666666666666668,1.666666666666668,-6.0,-160.33333333333334,1.666666666666666,-2.333333333333332,-67.66666666666667
267,-0.6666666666666679,-9.333333333333332,-35.66666666666667,-10.0,-15.0,-152.66666666666666,-90.33333333333331,1.0,-11.333333333333332,-27.33333333333333,-10.666666666666668,-131.33333333333334,-0.3333333333333339,-1.333333333333332,-77.66666666666667
268,-0.6666666666666661,-2.333333333333332,-4.0,-0.6666666666666661,-1.0,0.3333333333333357,-14.333333333333336,0.0,-9.666666666666668,-2.333333333333332,-1.333333333333334,-2.333333333333343,0.6666666666666661,-1.333333333333332,-63.33333333333333
269,0.3333333333333339,-11.0,-53.66666666666667,-6.0,-9.0,1.3333333333333357,-108.33333333333331,1.0,-9.0,0.3333333333333321,-10.0,-170.33333333333334,-0.3333333333333339,0.6666666666666679,-64.66666666666667
270,-7.666666666666668,-10.0,-63.0,-10.0,-16.0,-152.66666666666666,-104.33333333333331,-1.666666666666668,-15.666666666666668,-26.66666666666667,-11.333333333333332,-178.33333333333334,0.6666666666666661,-0.3333333333333321,-74.66666666666667
271,0.3333333333333339,-0.6666666666666661,-5.0,0.3333333333333339,0.0,4.0,-12.0,0.0,-9.666666666666668,-0.3333333333333321,-0.3333333333333339,13.0,0.6666666666666661,-5.333333333333332,-33.33333333333333
272,0.3333333333333339,-7.0,-50.0,-9.333333333333332,-9.0,-25.0,-95.33333333333331,-1.0,-7.666666666666668,-0.6666666666666679,-9.666666666666668,-156.33333333333334,-3.666666666666668,0.6666666666666679,-70.66666666666667
273,-4.333333333333332,-11.0,-10.666666666666671,-10.666666666666668,-17.0,-157.66666666666666,-104.33333333333331,-1.0,-14.333333333333332,-23.0,-8.666666666666668,-177.33333333333334,-0.3333333333333339,-0.3333333333333321,-72.66666666666667
274,0.3333333333333339,-0.6666666666666661,-4.0,-5.333333333333332,-1.666666666666668,3.0,-4.666666666666668,1.0,-7.666666666666668,0.3333333333333321,-0.3333333333333339,20.0,0.6666666666666661,-2.333333333333332,-13.666666666666664
275,0.3333333333333339,-10.0,-54.66666666666667,-8.333333333333332,-18.0,5.0,-90.33333333333331,1.0,-8.333333333333332,0.0,-9.666666666666668,-49.33333333333334,-0.3333333333333339,-18.0,-73.66666666666667
276,-7.0,-11.0,-14.0,-9.333333333333332,-18.0,-162.66666666666666,-106.33333333333331,-3.0,-13.333333333333332,-44.0,-11.333333333333332,-136.33333333333334,0.6666666666666661,-19.0,-74.66666666666667
277,-0.6666666666666661,0.0,-15.666666666666664,-0.6666666666666679,-1.0,1.3333333333333357,-58.33333333333333,0.0,-8.666666666666668,-2.666666666666668,-2.0,22.0,-0.3333333333333339,-1.333333333333332,-62.66666666666667
278,-2.0,-8.333333333333332,-44.0,-9.333333333333332,-5.0,-13.0,-85.33333333333333,1.0,-11.0,2.333333333333332,-10.333333333333332,-162.33333333333334,0.6666666666666661,0.6666666666666679,-71.66666666666667
279,-0.6666666666666661,-12.333333333333332,-31.66666666666667,-11.333333333333332,-19.666666666666668,-153.66666666666666,-87.33333333333333,0.0,-12.0,-36.33333333333333,-9.666666666666668,-125.33333333333334,0.6666666666666661,-0.3333333333333321,-74.66666666666667
280,1.0,-1.0,-8.333333333333336,-1.333333333333332,-2.333333333333332,2.333333333333336,-20.0,0.0,-9.666666666666668,-1.333333333333332,-1.666666666666666,104.0,-0.3333333333333339,-2.333333333333332,-40.33333333333333
281,-4.0,-10.333333333333332,-54.66666666666667,-7.333333333333332,-11.0,-72.0,-89.33333333333333,1.0,-8.666666666666668,-1.333333333333332,-8.666666666666668,-165.33333333333334,0.6666666666666661,-1.333333333333332,-70.66666666666667
282,-5.0,-10.333333333333332,-61.66666666666667,-9.0,-19.0,-156.66666666666666,-73.66666666666667,0.0,-13.0,-34.0,-7.666666666666668,-113.33333333333334,0.6666666666666661,-1.333333333333332,-73.66666666666667
283,0.3333333333333339,-5.333333333333332,-10.666666666666664,-0.6666666666666661,-0.3333333333333339,3.0,-9.0,2.0,-9.666666666666668,-2.333333333333332,2.666666666666666,-9.333333333333345,0.6666666666666661,0.6666666666666679,-17.33333333333333
284,0.3333333333333339,-7.0,1.0,-7.0,-5.0,-2.6666666666666643,-91.33333333333331,1.0,-12.0,-0.6666666666666679,-6.333333333333332,-162.33333333333334,2.666666666666666,-0.3333333333333321,-69.66666666666667
285,-5.0,-13.0,-61.66666666666667,-11.333333333333332,-19.0,-166.66666666666666,-107.33333333333331,2.0,-15.0,-39.0,-9.666666666666668,-176.33333333333334,0.6666666666666661,-1.333333333333332,-74.66666666666667
286,0.3333333333333339,-0.6666666666666661,0.0,-1.333333333333332,-1.0,6.0,-4.666666666666668,-1.0,-8.666666666666668,0.6666666666666679,-2.333333333333332,117.66666666666669,0.6666666666666661,-4.333333333333332,-28.33333333333333
287,1.333333333333334,-10.333333333333332,-26.66666666666667,-5.666666666666668,-8.0,2.0,-85.33333333333333,2.0,-8.666666666666668,-2.0,-8.333333333333332,-177.33333333333334,0.6666666666666661,-0.3333333333333321,-69.66666666666667
288,-5.0,-9.666666666666668,-63.66666666666667,-10.0,-20.0,-159.66666666666666,-89.33333333333333,-1.666666666666668,-12.0,-40.0,-11.333333333333332,-188.33333333333331,-2.333333333333332,0.6666666666666679,-71.66666666666667
289,2.333333333333334,-0.6666666666666661,0.0,-3.666666666666668,-4.0,34.0,-0.3333333333333339,1.0,-8.0,-0.6666666666666679,-3.666666666666668,23.0,0.6666666666666661,-1.333333333333332,-72.66666666666667
290,0.3333333333333339,-6.666666666666668,0.3333333333333321,-11.333333333333332,-11.333333333333332,35.0,9.666666666666666,1.0,-8.666666666666668,0.6666666666666679,-4.333333333333332,-169.33333333333334,-0.3333333333333339,-1.333333333333332,-2.333333333333336
291,1.333333333333334,-13.333333333333332,-29.66666666666667,-12.0,-20.33333333333333,6.0,-102.33333333333331,2.0,-12.0,0.0,-9.666666666666668,-187.33333333333331,-1.333333333333334,-21.33333333333333,-77.66666666666667
292,1.333333333333334,-2.333333333333334,2.0,-1.0,-7.0,3.0,-107.33333333333331,2.0,-10.666666666666668,0.3333333333333321,-0.6666666666666661,107.0,-0.3333333333333339,0.6666666666666679,-54.0
293,1.333333333333334,-2.666666666666666,0.0,-5.0,-18.666666666666668,40.0,-4.0,2.0,-8.666666666666668,-3.3333333333333286,-4.666666666666668,22.66666666666667,-13.333333333333332,-0.3333333333333321,-73.33333333333333
294,-0.6666666666666661,-12.666666666666668,-15.0,-17.0,-21.666666666666668,6.0,5.666666666666666,1.0,-11.333333333333332,0.3333333333333321,-12.666666666666668,-180.33333333333331,0.6666666666666661,-18.33333333333333,-77.66666666666667
295,-0.6666666666666661,-4.666666666666668,-0.6666666666666679,-8.333333333333332,-5.666666666666668,34.0,-5.0,2.0,-8.0,2.666666666666668,-9.333333333333332,98.0,0.6666666666666661,-0.3333333333333321,-71.66666666666667
296,1.333333333333334,-10.666666666666668,0.3333333333333321,-9.333333333333332,-10.0,5.0,-0.3333333333333339,1.0,-8.666666666666668,-0.3333333333333321,-4.666666666666668,-191.33333333333331,-0.3333333333333339,-1.333333333333332,-68.66666666666667
297,1.333333333333334,-14.333333333333332,-11.0,-11.333333333333332,-19.0,8.0,-95.33333333333331,2.0,-16.666666666666668,-25.0,-11.666666666666668,-160.33333333333334,-1.333333333333334,-2.333333333333332,-75.66666666666667
298,-0.6666666666666661,-12.0,1.0,-7.0,-13.0,-152.0,-2.0,2.0,-9.666666666666668,1.333333333333332,-1.333333333333334,25.0,0.6666666666666661,-4.666666666666668,-30.33333333333333
299,2.333333333333334,-9.333333333333332,1.333333333333332,-9.333333333333332,-16.0,-159.66666666666666,-106.33333333333331,2.0,-8.666666666666668,1.0,-7.333333333333332,17.0,0.6666666666666661,-1.333333333333332,-70.33333333333333
300,-0.6666666666666661,-14.0,-36.66666666666667,-12.333333333333332,-19.0,-136.66666666666666,-86.33333333333333,1.0,-10.666666666666668,-36.33333333333333,-12.666666666666668,-183.33333333333331,-14.666666666666668,-5.0,-74.66666666666667
301,0.3333333333333339,-0.6666666666666661,1.0,-0.3333333333333339,-3.333333333333332,1.0,-103.33333333333331,0.0,-6.666666666666668,-1.333333333333332,-0.6666666666666661,20.66666666666667,-0.3333333333333339,0.6666666666666679,-2.333333333333336
302,0.3333333333333339,-0.6666666666666661,-22.0,-4.0,-5.0,4.0,-4.0,-1.0,-1.666666666666668,1.0,-1.333333333333334,24.0,-0.3333333333333339,-1.333333333333332,-70.33333333333333
303,0.3333333333333339,-5.666666666666668,-14.666666666666671,-10.333333333333332,-20.0,35.0,5.666666666666666,0.0,-9.666666666666668,-6.333333333333329,-8.666666666666668,18.66666666666667,-0.3333333333333339,-3.333333333333332,-54.66666666666667
304,-0.6666666666666661,-0.6666666666666661,1.0,-3.333333333333332,-6.0,4.0,-4.333333333333334,0.0,-12.666666666666668,2.333333333333332,-1.333333333333334,17.66666666666667,0.6666666666666661,-0.3333333333333321,-2.333333333333336
305,0.3333333333333339,-0.6666666666666661,-6.666666666666671,-5.333333333333332,-9.0,4.0,-0.3333333333333339,-1.0,-8.666666666666668,0.6666666666666679,-0.6666666666666661,18.0,0.6666666666666661,-3.333333333333332,-19.33333333333333
306,1.333333333333334,-8.0,-28.66666666666667,-11.0,-15.0,42.0,-36.33333333333333,0.0,-8.0,-16.0,-7.666666666666668,21.66666666666667,-13.333333333333332,0.6666666666666679,-76.66666666666667
307,-0.6666666666666661,1.333333333333334,1.333333333333332,-3.0,-3.666666666666668,5.0,-79.33333333333333,1.0,-7.666666666666668,7.666666666666668,-1.333333333333334,102.66666666666669,-0.3333333333333339,-1.333333333333332,1.0
308,1.333333333333334,-0.6666666666666661,2.333333333333332,-5.333333333333332,-9.333333333333332,36.0,-3.0,0.0,-7.666666666666668,1.666666666666668,-1.333333333333334,17.66666666666667,-13.333333333333332,-3.333333333333332,-2.0
309,-0.6666666666666661,-7.0,-14.666666666666671,-7.333333333333332,-16.0,36.0,-75.33333333333333,0.0,-10.666666666666668,-5.666666666666671,-5.333333333333332,-174.33333333333334,-1.333333333333334,-4.333333333333332,-69.66666666666667
310,0.3333333333333339,0.3333333333333339,0.3333333333333321,-0.3333333333333339,-3.666666666666668,6.0,-3.0,0.0,-6.0,0.3333333333333321,-0.6666666666666661,22.0,-1.333333333333334,-0.3333333333333321,1.0
311,1.333333333333334,-1.666666666666666,1.333333333333332,-2.0,-6.666666666666668,6.0,-3.0,1.0,-7.666666666666668,-0.3333333333333321,-0.6666666666666679,19.0,0.6666666666666661,-1.333333333333332,-72.66666666666667
312,0.3333333333333339,-10.333333333333332,-47.66666666666667,-10.0,-18.0,37.0,-72.66666666666667,-5.0,-14.0,-18.0,-8.0,-194.66666666666663,0.6666666666666661,-0.3333333333333321,-78.33333333333333
313,-0.6666666666666661,0.3333333333333339,1.333333333333332,-0.6666666666666679,-7.666666666666668,8.0,-104.33333333333331,-0.3333333333333339,-10.666666666666668,0.3333333333333321,-0.3333333333333339,23.66666666666667,-1.333333333333334,-1.333333333333332,-0.3333333333333357
314,0.3333333333333339,-0.6666666666666661,-11.0,-2.333333333333332,-4.666666666666668,5.0,-3.0,0.0,-9.666666666666668,2.666666666666668,-1.0,23.66666666666667,-1.333333333333334,-0.3333333333333321,-6.333333333333336
315,0.3333333333333339,-4.333333333333332,-10.666666666666671,-9.333333333333332,-14.333333333333332,3.0,-1.333333333333334,0.0,-8.666666666666668,-26.33333333333333,-9.333333333333332,103.66666666666669,-0.3333333333333339,-0.3333333333333321,-67.66666666666667
316,1.333333333333334,0.3333333333333339,2.333333333333332,-0.6666666666666679,-10.0,5.0,-1.0,0.0,-7.666666666666668,11.333333333333332,-1.333333333333332,104.66666666666669,-1.333333333333334,-1.333333333333332,2.0
317,-0.6666666666666661,1.333333333333334,-0.6666666666666714,-3.666666666666668,-4.0,7.0,-100.33333333333331,0.0,-10.666666666666668,1.333333333333332,-1.333333333333332,21.66666666666667,-1.333333333333334,-1.333333333333332,0.6666666666666643
318,1.333333333333334,-8.0,-19.66666666666667,-10.333333333333332,-15.666666666666668,6.0,-83.33333333333333,0.0,-9.666666666666668,-31.33333333333333,-7.666666666666668,120.66666666666669,-0.3333333333333339,-1.333333333333332,-72.66666666666667
319,0.0,0.3333333333333339,1.0,-4.0,-5.666666666666668,36.0,-4.0,-1.0,-10.666666666666668,2.0,1.333333333333332,114.66666666666669,-0.3333333333333339,-4.333333333333332,-3.333333333333336
320,-0.6666666666666661,0.3333333333333339,1.0,-5.0,-6.0,7.0,-88.33333333333333,0.0,-7.666666666666668,5.666666666666668,-0.3333333333333339,20.0,-0.3333333333333339,-1.333333333333332,-20.33333333333333
321,0.3333333333333339,-6.0,-4.666666666666671,-9.333333333333332,-14.0,33.0,-69.33333333333333,1.0,-8.666666666666668,1.666666666666668,-8.666666666666668,119.0,0.6666666666666661,-0.3333333333333321,-79.66666666666667
322,-4.666666666666668,-13.333333333333332,1.333333333333332,-1.0,-4.666666666666668,6.0,2.666666666666666,0.0,-7.666666666666668,-0.3333333333333321,-3.0,23.0,-0.3333333333333339,-3.333333333333332,-0.3333333333333357
323,0.3333333333333339,0.3333333333333339,0.3333333333333321,-6.666666666666668,-7.333333333333332,5.0,-1.333333333333334,0.0,-8.666666666666668,-1.333333333333332,-4.333333333333332,111.66666666666669,-0.3333333333333339,-1.333333333333332,-3.333333333333336
324,-1.666666666666668,-12.333333333333332,-55.66666666666667,-7.666666666666668,-19.666666666666668,31.0,-91.33333333333331,1.0,-12.666666666666668,-10.0,-12.0,-147.33333333333334,0.6666666666666661,-1.333333333333332,-73.66666666666667
325,0.3333333333333339,-8.666666666666668,1.333333333333332,-6.0,-6.333333333333332,6.0,-3.0,2.0,-10.666666666666668,-1.333333333333332,-0.6666666666666661,17.0,0.6666666666666661,-3.333333333333332,-61.33333333333333
326,0.3333333333333339,-12.0,-8.0,-4.666666666666668,-17.333333333333332,5.0,-0.3333333333333339,2.0,-8.666666666666668,-1.6666666666666714,-5.333333333333332,23.66666666666667,-0.3333333333333339,0.6666666666666679,-76.66666666666667
327,0.3333333333333339,-15.0,-51.66666666666667,-11.666666666666668,-20.0,8.0,-83.33333333333333,2.0,-12.333333333333332,-16.33333333333333,-7.333333333333332,-160.33333333333334,0.6666666666666661,-4.0,-76.66666666666667
328,1.333333333333334,-9.0,0.0,-1.333333333333332,-22.0,8.0,-4.0,3.0,-7.666666666666668,2.333333333333332,-3.666666666666668,23.0,1.666666666666666,0.6666666666666679,-57.33333333333333
329,1.333333333333334,-6.666666666666668,2.0,-1.666666666666666,-18.0,8.0,-4.0,1.0,-7.666666666666668,0.3333333333333321,-6.666666666666668,10.666666666666671,-10.0,-0.3333333333333321,-13.333333333333329
330,1.333333333333334,-12.0,-20.66666666666667,-11.333333333333332,-21.0,-160.66666666666666,-82.33333333333333,3.0,-11.666666666666668,0.3333333333333321,-8.333333333333332,-175.33333333333334,-0.3333333333333339,-20.33333333333333,-77.66666666666667
331,2.333333333333334,-6.0,2.0,-6.0,-11.0,6.0,-5.0,1.0,-11.666666666666668,10.0,-1.333333333333334,-162.33333333333334,-0.3333333333333339,-0.3333333333333321,-8.0
332,1.333333333333334,-14.0,-5.0,-9.0,-18.0,6.0,5.666666666666666,1.0,-8.666666666666668,0.6666666666666679,-7.666666666666668,97.0,-4.333333333333332,-1.333333333333332,-71.66666666666667
333,1.333333333333334,-13.333333333333332,-11.666666666666671,-10.0,-22.0,-102.0,-30.33333333333333,2.0,-11.666666666666668,-31.0,-11.666666666666668,-181.33333333333331,0.6666666666666661,-6.0,-76.66666666666667
334,2.333333333333334,-8.666666666666668,0.0,-2.666666666666666,-18.0,4.0,-89.33333333333333,1.0,-10.0,0.3333333333333321,-8.666666666666668,23.66666666666667,1.666666666666666,-5.0,-72.66666666666667
335,0.3333333333333339,-11.333333333333332,-1.0,-4.333333333333332,-20.0,6.0,6.666666666666666,1.0,-8.666666666666668,0.6666666666666679,-11.666666666666668,-179.33333333333334,0.6666666666666661,-0.3333333333333321,-73.66666666666667
336,1.333333333333334,-13.0,-53.66666666666667,-11.333333333333332,-18.0,-174.66666666666666,-104.33333333333331,0.0,-18.0,-40.33333333333333,-13.0,-187.33333333333331,0.6666666666666661,-14.0,-74.66666666666667
337,0.3333333333333339,0.3333333333333339,-1.0,-2.0,-3.0,4.0,-3.333333333333334,0.0,-6.666666666666668,1.333333333333332,0.6666666666666661,22.66666666666667,-0.3333333333333339,-0.3333333333333321,-2.333333333333336
338,-0.6666666666666661,0.0,-13.666666666666671,-3.333333333333332,-1.0,40.0,-3.0,0.0,-8.666666666666668,-0.3333333333333321,0.3333333333333339,22.66666666666667,-0.3333333333333339,-1.333333333333332,2.0
339,0.3333333333333339,-10.333333333333332,-37.66666666666667,-15.0,-19.0,-1.0,-64.33333333333333,-1.0,-9.666666666666668,0.6666666666666679,-9.666666666666668,-111.33333333333334,-1.333333333333334,-0.3333333333333321,-76.66666666666667
340,-0.6666666666666661,-0.6666666666666661,-1.0,0.0,-0.3333333333333321,5.0,-3.0,1.0,-10.0,-0.6666666666666679,-1.333333333333334,16.0,-0.3333333333333339,0.6666666666666679,-3.333333333333336
341,-0.6666666666666661,-0.6666666666666661,3.0,-3.666666666666668,-1.0,35.0,-104.33333333333331,1.0,-9.666666666666668,1.666666666666668,-1.333333333333334,27.66666666666667,-0.3333333333333339,-9.0,-0.3333333333333357
342,1.333333333333334,-10.0,-26.66666666666667,-10.333333333333332,-20.0,35.0,-108.33333333333331,1.0,-9.0,0.6666666666666679,-11.666666666666668,-122.33333333333334,-1.333333333333334,0.6666666666666679,-68.66666666666667
343,0.3333333333333339,0.3333333333333339,2.0,-1.0,-1.0,6.0,-3.0,0.0,-11.0,0.3333333333333321,-0.6666666666666661,22.66666666666667,0.6666666666666661,-0.3333333333333321,-3.333333333333336
344,0.3333333333333339,-0.6666666666666661,0.0,-8.0,-6.666666666666668,4.0,-52.0,0.0,-8.666666666666668,-0.6666666666666679,-2.666666666666668,107.0,0.6666666666666661,-1.333333333333332,-39.33333333333333
345,-0.6666666666666661,-11.0,-68.66666666666667,-12.333333333333332,-20.0,-101.66666666666666,-96.33333333333331,-1.0,-8.666666666666668,-23.33333333333333,-8.666666666666668,-147.33333333333334,0.6666666666666661,-1.333333333333332,-73.66666666666667
346,0.3333333333333339,-0.6666666666666661,0.0,-3.333333333333332,-6.0,2.0,-5.0,1.0,-7.666666666666668,-1.0,-0.3333333333333339,19.0,0.6666666666666661,-4.333333333333332,-5.333333333333336
347,0.3333333333333339,-6.666666666666668,0.3333333333333321,-6.333333333333332,-7.0,8.0,-1.0,1.0,-9.666666666666668,1.666666666666668,-1.666666666666668,-183.33333333333331,-1.333333333333334,-0.3333333333333321,-56.66666666666667
348,-0.6666666666666661,-12.333333333333332,-42.66666666666667,-10.333333333333332,-14.666666666666668,-153.66666666666666,-96.33333333333331,-2.0,-13.0,-24.66666666666667,-10.666666666666668,-195.33333333333331,1.666666666666666,0.6666666666666679,-78.66666666666667
349,0.3333333333333339,-0.6666666666666661,2.0,0.3333333333333339,-3.666666666666668,7.0,-89.33333333333333,0.0,-6.666666666666668,0.6666666666666679,-1.333333333333332,19.66666666666667,-0.3333333333333339,-0.3333333333333321,1.0
350,0.3333333333333339,-0.6666666666666661,-18.0,-6.666666666666668,-7.333333333333332,6.0,0.0,0.0,-7.666666666666668,-2.333333333333332,-0.3333333333333339,24.66666666666667,-0.3333333333333339,-0.3333333333333321,-36.33333333333333
351,0.3333333333333339,-8.333333333333332,-35.66666666666667,-9.0,-17.0,4.0,-65.33333333333333,-1.0,-7.666666666666668,-37.33333333333333,-11.333333333333332,-135.33333333333334,-0.3333333333333339,-1.333333333333332,-74.66666666666667
352,-0.6666666666666661,0.3333333333333339,2.333333333333332,-7.0,-3.0,5.0,-98.33333333333331,0.0,-6.666666666666668,0.3333333333333321,-1.333333333333334,18.66666666666667,-0.3333333333333339,-1.333333333333332,-2.333333333333336
353,0.3333333333333339,-0.6666666666666661,-2.0,-8.333333333333332,-5.0,4.0,0.0,0.0,-7.666666666666668,2.666666666666668,-2.333333333333332,18.66666666666667,-0.3333333333333339,0.6666666666666679,-47.33333333333333
354,-0.6666666666666661,-13.0,-26.66666666666667,-9.333333333333332,-19.33333333333333,7.0,-104.33333333333331,0.0,-10.666666666666668,-2.333333333333332,-9.0,-115.33333333333334,-0.3333333333333339,-0.3333333333333321,-59.66666666666667
355,-0.6666666666666661,-0.6666666666666661,0.0,-0.6666666666666661,-3.0,4.0,-23.0,0.0,-9.666666666666668,-1.333333333333332,0.6666666666666661,98.0,0.6666666666666661,-0.3333333333333321,-1.3333333333333357
356,0.3333333333333339,-0.6666666666666661,0.0,-5.0,-2.333333333333332,6.0,-4.0,1.0,-7.0,1.666666666666668,-0.3333333333333339,21.0,1.666666666666666,-1.333333333333332,-70.66666666666667
357,0.3333333333333339,-10.333333333333332,-12.666666666666671,-10.0,-21.666666666666668,-72.66666666666666,-108.33333333333331,1.0,-10.666666666666668,1.666666666666668,-9.666666666666668,-150.33333333333334,0.6666666666666661,-2.333333333333332,-75.66666666666667
358,-0.6666666666666661,0.3333333333333339,0.3333333333333321,-0.6666666666666661,-4.333333333333332,4.0,-77.33333333333333,0.0,-7.0,-0.3333333333333321,0.6666666666666661,25.0,-0.3333333333333339,0.6666666666666679,-0.3333333333333357
359,0.3333333333333339,-1.666666666666666,0.0,-3.666666666666668,-17.0,2.0,-2.0,0.0,-10.666666666666668,0.0,-4.666666666666668,11.666666666666655,0.6666666666666661,-1.333333333333332,-35.33333333333333
360,-2.0,-13.333333333333332,-57.66666666666667,-8.333333333333332,-20.0,31.0,-80.33333333333333,-2.666666666666668,-12.333333333333332,-22.33333333333333,-11.666666666666668,-184.33333333333331,0.6666666666666661,0.6666666666666679,-73.66666666666667
361,1.333333333333334,-8.333333333333332,1.333333333333332,-11.0,-10.0,3.333333333333336,-3.0,1.0,-13.0,-0.3333333333333321,-4.666666666666668,21.0,-0.3333333333333339,-0.3333333333333321,-59.33333333333333
362,1.333333333333334,-12.0,2.0,-2.0,-20.0,40.0,-5.0,2.0,-12.666666666666668,0.6666666666666679,-7.333333333333332,-116.33333333333334,-15.333333333333332,-0.3333333333333321,-77.66666666666667
363,-3.0,-14.333333333333332,-29.66666666666667,-11.333333333333332,-13.0,-5.0,-88.33333333333333,1.0,-15.0,-29.0,-11.0,-194.33333333333331,0.6666666666666661,-16.333333333333332,-75.66666666666667
364,0.3333333333333339,-1.666666666666668,1.666666666666668,-10.333333333333332,-15.0,-170.66666666666666,-5.0,-3.0,-7.666666666666668,-0.6666666666666679,-1.333333333333334,22.0,0.6666666666666661,-0.3333333333333321,-5.0
365,1.333333333333334,-12.333333333333332,-38.0,-10.333333333333332,-18.666666666666668,5.0,10.666666666666666,2.0,-10.666666666666668,0.6666666666666679,-11.666666666666668,5.666666666666657,0.6666666666666661,-13.0,-75.66666666666667
366,-2.0,-12.666666666666668,-15.666666666666671,-10.333333333333332,-18.0,-176.66666666666666,-109.33333333333331,2.0,-14.666666666666668,-17.33333333333333,-9.666666666666668,-170.33333333333334,-13.333333333333332,-16.0,-77.66666666666667
367,1.333333333333334,-14.333333333333332,-9.0,-1.666666666666666,-20.0,-165.66666666666666,6.0,2.0,-9.0,-1.333333333333332,-10.0,20.66666666666667,1.666666666666666,-1.333333333333332,-73.66666666666667
368,1.333333333333334,-12.333333333333332,-1.0,-17.0,-18.0,5.0,-64.33333333333333,2.0,-10.0,-0.3333333333333321,-9.666666666666668,-87.33333333333334,-0.3333333333333339,-1.333333333333332,-78.66666666666667
369,0.3333333333333339,-11.666666666666668,-31.66666666666667,-10.666666666666668,-19.0,36.0,-108.33333333333331,2.0,-14.0,-44.33333333333333,-10.333333333333332,-191.33333333333331,-1.333333333333334,-15.666666666666668,-77.66666666666667
370,1.333333333333334,-1.666666666666668,-1.0,-11.0,-19.0,3.0,-4.0,1.0,-8.666666666666668,0.3333333333333321,-9.666666666666668,-193.33333333333331,1.666666666666666,-21.33333333333333,-68.66666666666667
371,1.333333333333334,-14.0,-1.0,-12.333333333333332,-19.0,6.0,-100.33333333333331,3.0,-12.666666666666668,-0.3333333333333321,-10.666666666666668,-153.33333333333334,-14.0,-13.333333333333332,-73.66666666666667
372,-0.6666666666666661,-14.0,-51.66666666666667,-13.333333333333332,-20.0,-157.66666666666666,-99.33333333333331,1.0,-13.666666666666668,-37.33333333333333,-10.333333333333332,-193.33333333333331,-12.333333333333332,-14.0,-76.66666666666667
373,-1.666666666666666,0.3333333333333339,-0.6666666666666679,-0.6666666666666661,-7.333333333333332,39.0,-90.33333333333331,1.0,-8.666666666666668,1.666666666666668,-0.3333333333333339,18.0,-0.3333333333333339,-0.3333333333333321,1.0
374,0.3333333333333339,-2.666666666666666,-19.66666666666667,-3.0,-4.0,4.0,-3.0,2.0,-7.666666666666668,10.333333333333332,-1.0,-182.33333333333331,-0.3333333333333339,-4.333333333333332,-32.0
375,1.333333333333334,-10.333333333333332,-29.66666666666667,-10.333333333333332,-19.0,34.0,-85.33333333333333,1.0,-8.666666666666668,-28.33333333333333,-10.666666666666668,-183.33333333333331,0.6666666666666661,-1.333333333333332,-65.66666666666667
376,0.3333333333333339,0.3333333333333339,3.0,-0.6666666666666679,-6.333333333333332,4.0,-3.0,-4.666666666666668,-10.0,2.666666666666668,0.3333333333333339,22.0,0.6666666666666661,-1.333333333333332,1.0
377,-0.6666666666666661,-1.666666666666666,0.0,-4.0,-18.0,5.0,-1.333333333333334,0.0,-8.666666666666668,0.3333333333333321,-0.3333333333333339,20.66666666666667,0.6666666666666661,-0.3333333333333321,-65.66666666666667
378,0.3333333333333339,-10.0,-13.666666666666671,-8.333333333333332,-17.0,-4.666666666666657,-76.33333333333333,1.0,-9.666666666666668,-2.333333333333332,-9.333333333333332,-140.33333333333334,-0.3333333333333339,-0.3333333333333321,-76.66666666666667
379,0.3333333333333339,0.0,0.0,-0.6666666666666661,-6.0,5.0,-65.33333333333333,1.0,-8.666666666666668,2.0,-1.333333333333334,20.66666666666667,0.6666666666666661,-4.333333333333332,-3.333333333333336
380,1.333333333333334,-5.666666666666668,-1.0,-1.0,-17.0,-1.0,-102.33333333333331,0.0,-8.666666666666668,-0.3333333333333321,-2.666666666666668,-184.33333333333331,-9.0,-1.333333333333332,-66.66666666666667
381,0.3333333333333339,-10.333333333333332,-15.666666666666671,-9.333333333333332,-19.0,-1.0,-89.33333333333333,2.0,-11.0,-7.333333333333329,-12.333333333333332,-149.33333333333334,-13.333333333333332,-18.666666666666668,-74.66666666666667
382,0.3333333333333339,-1.666666666666666,0.0,-9.0,-8.333333333333332,37.0,-4.0,-1.0,-10.0,4.666666666666668,-2.333333333333334,13.0,-0.3333333333333339,0.6666666666666679,-67.33333333333333
383,-1.666666666666666,-12.0,1.0,-7.666666666666668,-18.0,3.0,-73.33333333333333,0.0,-12.0,0.6666666666666679,-12.0,108.66666666666669,-0.3333333333333339,-1.333333333333332,-67.66666666666667
384,0.0,-12.0,-64.66666666666667,-11.0,-19.0,7.0,-92.33333333333331,2.0,-17.0,-42.0,-9.666666666666668,-202.33333333333331,-1.333333333333332,-17.333333333333332,-75.66666666666667
385,-2.333333333333334,-1.666666666666666,-1.0,-2.666666666666668,-3.666666666666668,1.0,-4.0,0.0,-9.666666666666668,1.666666666666668,-1.333333333333334,-185.33333333333331,-0.3333333333333339,-1.333333333333332,-9.0
386,0.3333333333333339,-1.666666666666666,-12.0,-8.0,-4.0,6.0,-4.0,-1.0,-11.666666666666668,-1.333333333333332,-1.333333333333332,-12.333333333333345,0.6666666666666661,0.6666666666666679,-73.66666666666667
387,0.3333333333333339,-11.666666666666668,-36.66666666666667,-9.0,-15.0,-70.0,-75.33333333333333,0.0,-12.0,0.3333333333333321,-8.666666666666668,-178.33333333333334,0.6666666666666661,-1.333333333333332,-62.66666666666667
388,0.3333333333333339,0.3333333333333339,0.0,-5.666666666666668,-2.0,6.0,-4.0,0.0,-6.666666666666668,1.333333333333332,0.0,24.0,0.6666666666666661,-0.3333333333333321,-1.0
389,0.3333333333333339,-0.6666666666666661,2.0,-2.0,-3.0,5.0,-74.33333333333333,-1.0,-7.666666666666668,-1.333333333333332,-10.666666666666668,19.66666666666667,0.6666666666666661,0.6666666666666679,-37.33333333333333
390,-0.6666666666666661,-10.333333333333332,-20.66666666666667,-10.333333333333332,-17.666666666666668,8.0,-103.33333333333331,2.0,-7.666666666666668,-1.0,-9.666666666666668,113.66666666666669,0.6666666666666661,-0.3333333333333321,-74.66666666666667
391,0.3333333333333339,0.3333333333333339,1.333333333333332,-0.6666666666666661,-3.666666666666668,6.0,-4.0,0.0,-6.0,0.0,-1.333333333333334,20.0,0.6666666666666661,-0.3333333333333321,-2.333333333333336
392,1.333333333333334,0.3333333333333339,1.0,-2.333333333333332,-4.0,5.0,-3.333333333333334,0.0,-7.666666666666668,2.666666666666668,-1.666666666666668,19.66666666666667,-0.3333333333333339,-0.3333333333333321,-54.33333333333333
393,1.333333333333334,-11.0,-23.66666666666667,-11.333333333333332,-20.666666666666668,-98.66666666666666,-70.33333333333333,1.0,-12.333333333333332,0.6666666666666679,-10.333333333333332,-174.33333333333334,-0.3333333333333339,0.6666666666666679,-72.66666666666667
394,2.333333333333334,-1.0,0.0,-1.666666666666666,-11.333333333333332,4.0,-2.333333333333334,1.0,-7.666666666666668,2.333333333333332,-0.6666666666666661,19.66666666666667,-2.333333333333332,-4.333333333333332,-1.3333333333333357
395,-0.6666666666666661,-10.333333333333332,2.0,-13.0,-11.0,4.0,-36.33333333333333,3.0,-10.666666666666668,7.666666666666668,-4.333333333333332,16.0,0.6666666666666661,-0.3333333333333321,-77.66666666666667
396,-0.6666666666666661,-13.333333333333332,-29.66666666666667,-9.0,-19.666666666666668,-122.66666666666666,-106.33333333333331,0.0,-13.0,-48.33333333333333,-10.666666666666668,-188.33333333333331,-0.3333333333333339,-0.3333333333333321,-75.66666666666667
397,-0.6666666666666661,-12.333333333333332,-65.66666666666667,-0.6666666666666661,-15.0,-168.66666666666666,-106.33333333333331,-7.0,-14.0,-15.333333333333336,-10.333333333333332,-164.33333333333334,-13.333333333333332,-15.0,-75.66666666666667
398,0.3333333333333339,-12.0,-0.6666666666666679,-11.333333333333332,-21.0,-154.66666666666666,-107.33333333333331,-3.0,-19.0,-49.33333333333333,-11.666666666666668,-195.33333333333331,-5.333333333333332,-9.0,-76.66666666666667
399,-14.0,-13.333333333333332,-63.66666666666667,-10.0,-18.666666666666668,-178.66666666666666,-107.33333333333331,-8.0,-13.666666666666668,-48.0,-10.666666666666668,-197.33333333333331,-9.333333333333332,-1.0,-77.66666666666667
400,0.3333333333333339,-11.666666666666668,-65.66666666666667,-3.0,-17.666666666666668,-176.66666666666666,-100.33333333333331,0.0,-18.666666666666668,-46.33333333333333,-12.333333333333332,-180.33333333333331,-0.3333333333333339,-18.0,-71.66666666666667
401,-9.0,-13.0,-63.66666666666667,-17.0,-19.0,-173.66666666666666,-99.33333333333331,-5.666666666666668,-8.666666666666668,-31.66666666666667,-11.0,-191.33333333333331,-4.666666666666668,-21.0,-74.66666666666667
402,-9.333333333333332,-11.666666666666668,-26.66666666666667,-10.0,-20.666666666666668,-174.66666666666666,-109.33333333333331,-3.0,-14.0,-44.33333333333333,-13.333333333333332,-198.33333333333331,-10.333333333333332,-23.33333333333333,-74.66666666666667
403,-6.666666666666668,-12.0,-26.0,-13.666666666666668,-20.666666666666668,-171.66666666666666,-5.0,1.0,-11.0,-49.33333333333333,-10.333333333333332,-186.33333333333331,-13.666666666666668,-6.0,-4.333333333333336
404,-1.666666666666668,-11.333333333333332,1.0,-5.666666666666668,-21.0,-171.66666666666666,-107.33333333333331,-8.666666666666668,-14.666666666666668,-49.33333333333333,-10.666666666666668,-187.33333333333331,0.6666666666666661,-19.33333333333333,-74.66666666666667
405,-15.666666666666668,-11.0,-6.666666666666671,-10.333333333333332,-18.666666666666668,-177.66666666666666,-93.33333333333331,-9.666666666666668,-14.666666666666668,-47.33333333333333,-12.333333333333332,-195.33333333333331,-9.333333333333332,-17.666666666666668,-76.66666666666667
406,0.3333333333333339,-11.333333333333332,-65.0,-4.333333333333332,-21.0,-174.66666666666666,-99.33333333333331,-6.666666666666668,-9.0,-45.33333333333333,-7.666666666666668,-175.33333333333334,0.6666666666666661,-0.3333333333333321,-74.66666666666667
407,-11.666666666666668,-12.333333333333332,-33.0,-11.0,-18.666666666666668,-175.66666666666666,-106.33333333333331,-7.333333333333332,-12.0,-48.0,-9.666666666666668,-171.33333333333334,-8.333333333333332,-1.333333333333332,-77.66666666666667
408,-12.666666666666668,-10.666666666666668,-65.66666666666667,-11.0,-20.0,-175.66666666666666,-90.33333333333331,-4.666666666666668,-13.666666666666668,-49.33333333333333,-10.666666666666668,-200.33333333333331,-11.333333333333332,-8.0,-76.66666666666667
409,0.3333333333333339,-9.333333333333332,-55.66666666666667,-0.6666666666666661,-20.666666666666668,-124.0,9.0,2.0,-7.666666666666668,-3.0,-9.666666666666668,-181.33333333333331,-12.666666666666668,0.6666666666666679,-2.0
410,-0.3333333333333321,-0.6666666666666661,-38.0,-1.666666666666668,-19.0,-175.66666666666666,-108.33333333333331,0.0,-5.666666666666668,-42.66666666666667,-11.333333333333332,-143.33333333333334,-0.3333333333333339,-1.333333333333332,-56.66666666666667
411,-13.666666666666668,-11.666666666666668,-67.66666666666667,-11.666666666666668,-20.0,-177.66666666666666,-105.33333333333331,0.0,-11.333333333333332,-52.33333333333333,-10.333333333333332,-190.33333333333331,0.6666666666666661,-0.3333333333333321,-74.66666666666667
412,1.333333333333334,-13.0,-65.66666666666667,-1.333333333333332,-18.33333333333333,-171.66666666666666,-106.33333333333331,-7.0,-17.666666666666668,-13.0,-9.0,-166.33333333333334,-0.3333333333333339,-0.3333333333333321,-54.66666666666667
413,1.333333333333334,-12.333333333333332,-48.0,-7.666666666666668,-20.0,-178.66666666666666,-108.33333333333331,-1.0,-8.666666666666668,-48.0,-11.666666666666668,-148.33333333333334,-11.0,-0.3333333333333321,-74.66666666666667
414,-13.0,-14.0,-66.66666666666667,-11.0,-22.0,-176.66666666666666,-70.33333333333333,-8.666666666666668,-14.0,-16.333333333333336,-11.333333333333332,-200.33333333333331,-14.333333333333332,-1.333333333333332,-77.66666666666667
415,0.3333333333333339,-12.333333333333332,-3.0,-1.333333333333332,-20.0,-151.66666666666666,-6.0,1.0,-10.666666666666668,-26.333333333333336,-13.0,-180.33333333333331,1.666666666666666,-11.0,-65.66666666666667
416,-8.666666666666668,-13.333333333333332,-35.66666666666667,-3.333333333333332,-22.0,-170.66666666666666,-106.33333333333331,-8.0,-16.666666666666668,-44.33333333333333,-8.333333333333332,-149.33333333333334,0.6666666666666661,-1.333333333333332,-66.33333333333333
417,-9.333333333333332,-13.666666666666668,-12.666666666666671,-11.333333333333332,-18.0,-176.66666666666666,-108.33333333333331,-9.0,-17.0,-49.33333333333333,-10.666666666666668,-195.33333333333331,0.6666666666666661,0.6666666666666679,-78.66666666666667
418,1.333333333333334,-13.0,-31.0,-7.666666666666668,-19.666666666666668,-175.66666666666666,-105.33333333333331,0.0,-7.0,-39.33333333333333,-6.666666666666668,-193.33333333333331,0.6666666666666661,0.6666666666666679,-75.33333333333333
419,-14.0,-12.0,-64.66666666666667,-9.333333333333332,-18.0,-153.66666666666666,-96.33333333333331,-7.666666666666668,-5.666666666666668,-46.33333333333333,-12.0,-185.33333333333331,-5.333333333333332,-0.3333333333333321,-74.66666666666667
420,-5.333333333333332,-11.333333333333332,-11.666666666666671,-16.0,-18.0,-172.66666666666666,-106.33333333333331,-9.333333333333332,-14.0,-41.33333333333333,-13.333333333333332,-202.33333333333331,-11.333333333333332,-4.0,-79.66666666666667
421,-0.6666666666666661,-13.0,-28.0,-2.333333333333332,-20.0,-165.66666666666666,-9.0,2.0,-7.666666666666668,-1.333333333333332,-10.666666666666668,-175.33333333333334,-0.3333333333333339,-0.3333333333333321,-39.33333333333333
422,-3.0,-12.0,-41.66666666666667,-2.333333333333332,-19.0,-100.0,-88.33333333333333,1.0,-17.666666666666668,4.666666666666668,-9.666666666666668,-190.33333333333331,-13.333333333333332,0.6666666666666679,-67.33333333333333
423,-12.666666666666668,-12.0,-34.66666666666667,-12.0,-20.666666666666668,-179.66666666666666,-108.33333333333331,0.0,-16.0,-48.33333333333333,-7.666666666666668,-184.33333333333331,-0.3333333333333339,-1.333333333333332,-76.66666666666667
424,1.333333333333334,-12.333333333333332,-61.66666666666667,-12.333333333333332,-18.0,-153.66666666666666,-107.33333333333331,3.0,-9.666666666666668,-5.666666666666664,-7.666666666666668,-185.33333333333331,0.6666666666666661,-2.333333333333332,-0.3333333333333357
425,0.3333333333333339,-14.333333333333332,-23.66666666666667,-8.0,-18.0,-102.0,-87.33333333333333,1.0,-13.666666666666668,-4.0,-9.666666666666668,-182.33333333333331,0.6666666666666661,0.6666666666666679,-74.66666666666667
426,-9.666666666666668,-11.333333333333332,-67.0,-9.0,-20.0,-178.66666666666666,-95.33333333333331,-7.0,-16.0,-43.33333333333333,-11.333333333333332,-196.33333333333331,0.6666666666666661,-15.0,-77.66666666666667
427,-9.333333333333332,-12.0,-26.0,-1.0,-21.0,-171.66666666666666,-4.0,1.0,-15.666666666666668,-0.3333333333333321,-12.333333333333332,20.0,0.6666666666666661,-21.666666666666668,-72.66666666666667
428,2.333333333333334,-13.0,-64.66666666666667,-4.0,-19.0,-176.66666666666666,-84.33333333333333,-5.0,-6.666666666666668,-48.33333333333333,-11.666666666666668,-117.33333333333334,-1.333333333333334,-0.3333333333333321,-66.66666666666667
429,-4.0,-12.666666666666668,-63.66666666666667,-12.333333333333332,-19.0,-170.66666666666666,-108.33333333333331,1.0,-14.666666666666668,-49.33333333333333,-11.666666666666668,-192.33333333333331,-0.3333333333333339,-0.3333333333333321,-77.33333333333333
430,0.3333333333333339,-12.0,-58.66666666666667,-10.333333333333332,-20.0,-167.66666666666666,-102.33333333333331,1.0,-7.666666666666668,-22.333333333333336,-12.666666666666668,-179.33333333333334,0.6666666666666661,-20.0,-71.66666666666667
431,-7.666666666666668,-12.333333333333332,-47.0,-15.333333333333332,-18.0,-173.66666666666666,-103.33333333333331,1.0,-8.666666666666668,-4.666666666666664,-10.666666666666668,-146.66666666666666,-4.666666666666668,-20.666666666666668,-75.66666666666667
432,-10.0,-11.333333333333332,-21.66666666666667,-14.0,-21.0,-177.66666666666666,-109.33333333333331,-7.0,-15.0,-30.0,-8.333333333333332,-201.33333333333331,-0.3333333333333339,-1.333333333333332,-78.66666666666667
