Time,0,0.10693694444444445,0.21387,0.3208027777777778,0.4277358333333333,0.5346644444444444,0.6415972222222223,0.7485344444444445,0.8554675,0.9624013888888889,1.0693333333333332,1.176266111111111,1.2831944444444445,1.3901319444444447,1.497068888888889,1.6040022222222223,1.7109347222222222,1.8178727777777777,1.9248008333333335,2.0317333333333334,2.138666388888889,2.2455994444444447,2.352532222222222,2.4594650000000002,2.566393333333333,2.6733308333333334,2.780263611111111,2.8871963888888885,2.9941294444444444,3.101066388888889,3.207999444444445,3.3149325,3.421865,3.5287977777777777,3.635731111111111,3.742659722222222,3.849596944444445,3.956529722222222,4.0634625,4.170391111111111,4.277328333333333,4.384261111111111,4.491194166666667,4.598126944444445,4.705059722222222,4.8119925,4.9189211111111115,5.025858333333334,5.132791111111111,5.239723888888889,5.346661388888889,5.453594166666666,5.560527222222222,5.66746,5.774392777777777,5.8813297222222225,5.988263055555556,6.095195833333334,6.202128888888889,6.309065833333333,6.415998611111111,6.522935833333333,6.6298775,6.736806111111111,6.8437391666666665,6.950671944444445,7.057604722222222,7.1645375,7.271470277777778,7.378403333333334,7.485336388888888,7.592269166666667,7.699201944444445,7.806130555555556,7.913067777777778,8.019996111111112,8.126933333333334,8.233866389,8.340799166666667,8.447731944444444,8.554660555555555,8.661597777777779,8.768530833333333,8.875463611111112,8.982401388888889,9.089329722222223,9.196262222222222,9.303195,9.4101325,9.517065277777776,9.624002222222224,9.730935277777776,9.837868055555555,9.944801111111111,10.051738055555555,10.158671111111111,10.265604166666668,10.372536944444445,10.479469722222222,10.5864025,10.693335555555556,10.800268333333333,10.907205555555556,11.014138333333333,11.121075555555556,11.228008333333333,11.334941666666667,11.441878611111111,11.548811388888888,11.655744166666665,11.762677222222221,11.86961,11.976543055555556,12.083475555555557,12.19040861111111,12.297341666666666,12.40427861111111,12.511215833333333,12.61814888888889,12.72508611111111,12.832023333333334,12.938964722222222,13.0458975,13.152830555555557,13.25976361111111,13.366700555555557,13.473633333333334,13.580570833333333,13.687503611111111,13.794436666666668,13.901369444444445,14.008302222222222,14.115235,14.222168055555557,14.329100833333333,14.43603361111111,14.542966666666667,14.64990361111111,14.756836388888889,14.863769444444443,14.970697777777778,15.077635277777778,15.184568055555555,15.291500833333332,15.398433888888889,15.505366666666667,15.612299722222224,15.7192325,15.826165277777777,15.933098055555556,16.040030833333333,16.146959444444445,16.253896666666666,16.360829722222224,16.4677625,16.574695833333333,16.681628333333332,16.78856138888889,16.89549388888889,17.002426944444444,17.109359722222223,17.216292777777777,17.323225555555556,17.430163611111112,17.537086944444443,17.644028333333335,17.750965833333332,17.857902777777777,17.96484,18.071773055555557,18.178706388888887
A7,0.0956,0.0998,0.1004,0.1007,0.1014,0.1025,0.1041,0.1062,0.109,0.1121,0.1159,0.1206,0.1267,0.1339,0.1435,0.1555,0.1704,0.1886,0.2104,0.2261,0.2431,0.2717,0.3033,0.3429,0.3716,0.4058,0.4419,0.4773,0.5271,0.5566,0.5853,0.6185,0.6446,0.6669,0.6869,0.7068,0.7308,0.749,0.7658,0.7815,0.7979,0.8135,0.828,0.8431,0.8572,0.8716,0.8845,0.8967,0.9091,0.9207,0.9319,0.9444,0.9576,0.9688,0.9785,0.9881,0.9984,1.0073,1.0157,1.0239,1.0312,1.039,1.0476,1.056,1.0632,1.0706,1.0783,1.085,1.0921,1.0984,1.1049,1.1111,1.1173,1.1229,1.1283,1.134,1.1389,1.1478,1.1556,1.1606,1.1637,1.1657,1.1668,1.1678,1.1685,1.1684,1.1692,1.1686,1.168,1.168,1.1679,1.167,1.1675,1.1673,1.1658,1.1651,1.1647,1.164,1.1638,1.1635,1.1626,1.1623,1.1609,1.1603,1.1593,1.1592,1.1584,1.1571,1.1566,1.1552,1.155,1.1544,1.1532,1.153,1.1513,1.1506,1.15,1.1491,1.1484,1.1479,1.1461,1.1458,1.1452,1.145,1.1439,1.143,1.1421,1.1417,1.1405,1.1399,1.1392,1.1386,1.1378,1.1368,1.1367,1.1358,1.1352,1.1344,1.1336,1.1326,1.132,1.1311,1.1305,1.1294,1.1286,1.1273,1.1269,1.1255,1.1252,1.1239,1.1239,1.1231,1.122,1.1216,1.1214,1.121,1.1208,1.12,1.1198,1.119,1.1186,1.1178,1.1174,1.1169,1.1166,1.116,1.1157,1.1157,1.1142,1.1142,1.1137
A8,0.0974,0.1005,0.1004,0.1008,0.1015,0.1028,0.1044,0.1063,0.109,0.1122,0.1161,0.1209,0.1274,0.1353,0.1447,0.1571,0.1725,0.19,0.2132,0.2255,0.246,0.274,0.3086,0.3398,0.3712,0.4059,0.4425,0.4806,0.5276,0.5584,0.595,0.6216,0.6458,0.6666,0.687,0.7123,0.732,0.7499,0.7665,0.7823,0.7981,0.8141,0.8285,0.8435,0.8575,0.8721,0.8859,0.8992,0.9128,0.9257,0.9385,0.9528,0.9651,0.977,0.9875,0.997,1.0068,1.015,1.0247,1.0345,1.0432,1.0521,1.0595,1.0678,1.0753,1.0824,1.0895,1.0971,1.1035,1.1096,1.1165,1.1226,1.1281,1.1328,1.1385,1.1454,1.15,1.1527,1.1549,1.1558,1.1563,1.1563,1.1564,1.1565,1.1563,1.156,1.1564,1.1553,1.1548,1.1546,1.1533,1.1535,1.153,1.1524,1.151,1.1502,1.1493,1.1488,1.1478,1.1471,1.1456,1.1459,1.1445,1.1435,1.1424,1.1416,1.1402,1.1391,1.1386,1.1373,1.1363,1.1355,1.135,1.1344,1.1327,1.132,1.131,1.1299,1.1288,1.1283,1.1271,1.1262,1.1256,1.1243,1.1238,1.1228,1.1217,1.1214,1.1202,1.1185,1.1182,1.1169,1.1164,1.116,1.1153,1.1142,1.1133,1.1125,1.1117,1.1107,1.11,1.1091,1.1082,1.1069,1.1066,1.1054,1.1054,1.1044,1.1041,1.1026,1.1014,1.1005,1.0997,1.0992,1.0981,1.0969,1.0964,1.0959,1.0957,1.0944,1.0946,1.093,1.0926,1.0921,1.0912,1.0904,1.0893,1.0891,1.0878,1.0871,1.0864
A9,0.1061,0.1009,0.1011,0.1009,0.102,0.1031,0.1045,0.1064,0.1092,0.1124,0.1166,0.1215,0.1286,0.1368,0.1468,0.1592,0.1755,0.1937,0.217,0.2307,0.2517,0.2797,0.3129,0.3455,0.3771,0.4114,0.4479,0.4822,0.5295,0.5606,0.5885,0.617,0.6407,0.6614,0.6883,0.7088,0.7274,0.7454,0.7612,0.7768,0.7926,0.808,0.8227,0.8368,0.8503,0.8631,0.8759,0.8882,0.901,0.913,0.9248,0.9368,0.9491,0.9594,0.9722,0.9831,0.9931,1.0031,1.0117,1.0194,1.0274,1.0366,1.0455,1.0541,1.0616,1.068,1.0758,1.0827,1.0894,1.0956,1.1027,1.1085,1.1149,1.121,1.1259,1.1322,1.1362,1.1409,1.1458,1.1535,1.1581,1.1604,1.1621,1.1635,1.1637,1.164,1.1639,1.164,1.1635,1.1637,1.162,1.1624,1.1619,1.1614,1.1605,1.1592,1.1593,1.1581,1.1572,1.1574,1.1557,1.1552,1.1541,1.1534,1.1521,1.1515,1.15,1.1498,1.1487,1.1475,1.1463,1.1458,1.1442,1.1438,1.1422,1.1418,1.1411,1.1397,1.1393,1.1381,1.1366,1.1359,1.135,1.1343,1.1333,1.1323,1.1317,1.1305,1.1297,1.128,1.1277,1.1264,1.1261,1.1248,1.1243,1.1235,1.1221,1.1221,1.1204,1.1193,1.1188,1.1179,1.117,1.1162,1.1148,1.1145,1.1138,1.1129,1.1127,1.1106,1.1111,1.1099,1.1092,1.1085,1.1078,1.1068,1.1057,1.1056,1.1043,1.1036,1.103,1.1018,1.1012,1.0998,1.0995,1.098,1.0969,1.0964,1.0952,1.0941,1.0932
A10,0.0925,0.0985,0.0984,0.0987,0.0992,0.1003,0.1016,0.1032,0.1055,0.1082,0.1114,0.1151,0.1196,0.1251,0.1316,0.1396,0.1493,0.1611,0.175,0.1905,0.2106,0.2242,0.2392,0.2617,0.2883,0.3212,0.3471,0.378,0.4105,0.4437,0.48,0.5182,0.5468,0.5781,0.6029,0.6233,0.6443,0.6639,0.6827,0.7,0.7168,0.7322,0.7459,0.7604,0.7743,0.7869,0.8005,0.8116,0.8249,0.8357,0.8465,0.8579,0.8701,0.8819,0.8928,0.9032,0.9125,0.9228,0.9326,0.9403,0.948,0.9549,0.9618,0.9671,0.9726,0.9789,0.9851,0.9891,0.9956,1.0001,1.0044,1.0096,1.014,1.0173,1.0213,1.0259,1.0286,1.0334,1.0376,1.041,1.0447,1.0486,1.0511,1.054,1.0565,1.0593,1.0604,1.062,1.0645,1.0646,1.0658,1.0681,1.0677,1.0696,1.0696,1.0704,1.0729,1.071,1.0714,1.0725,1.0727,1.0732,1.0733,1.0727,1.0728,1.0745,1.0732,1.0733,1.0739,1.0748,1.0751,1.0758,1.0759,1.0753,1.0733,1.0736,1.0731,1.0717,1.0701,1.0692,1.0681,1.0672,1.0659,1.065,1.0634,1.0623,1.0609,1.0597,1.0586,1.0569,1.056,1.0544,1.0539,1.0525,1.0518,1.05,1.0492,1.0477,1.0466,1.0457,1.0443,1.0424,1.0418,1.0408,1.0392,1.037,1.0369,1.0356,1.0343,1.0329,1.032,1.0311,1.0294,1.029,1.0274,1.0264,1.0283,1.028,1.0232,1.0212,1.0204,1.0217,1.0208,1.0175,1.0162,1.0156,1.0143,1.0133,1.0119,1.0113,1.0103
A11,0.0968,0.1019,0.1023,0.102,0.1026,0.1034,0.1049,0.107,0.1089,0.1111,0.1144,0.1176,0.123,0.1284,0.1348,0.1427,0.1523,0.164,0.1777,0.1939,0.2137,0.2249,0.2419,0.2638,0.2921,0.3229,0.3489,0.3789,0.4121,0.4435,0.4791,0.513,0.541,0.5709,0.5946,0.6153,0.6354,0.6536,0.6753,0.6912,0.7069,0.7229,0.7368,0.7505,0.7648,0.7773,0.7905,0.802,0.8139,0.8243,0.8349,0.8466,0.8562,0.8656,0.8777,0.8869,0.8974,0.9091,0.9174,0.9271,0.9369,0.9441,0.9507,0.9571,0.9626,0.9678,0.9735,0.9792,0.9834,0.9891,0.9948,0.999,1.0041,1.0078,1.012,1.0166,1.0202,1.0236,1.0278,1.032,1.0353,1.0385,1.0436,1.0461,1.0502,1.0532,1.0547,1.0564,1.0588,1.0598,1.0611,1.0633,1.0653,1.0639,1.0653,1.0655,1.0663,1.0669,1.0677,1.0683,1.0679,1.0697,1.07,1.0719,1.0711,1.069,1.0688,1.069,1.0701,1.0697,1.0704,1.0712,1.0718,1.072,1.0716,1.072,1.0712,1.0706,1.0692,1.0682,1.0677,1.0673,1.0649,1.0646,1.0635,1.0616,1.0603,1.0598,1.0585,1.0576,1.0553,1.0548,1.0534,1.0524,1.0513,1.0498,1.0492,1.0477,1.0466,1.0455,1.0434,1.043,1.0415,1.0404,1.0398,1.0385,1.0368,1.0356,1.0342,1.0323,1.0313,1.031,1.0296,1.0285,1.0281,1.0254,1.0247,1.024,1.0235,1.0219,1.0212,1.02,1.0189,1.0174,1.0171,1.0151,1.0151,1.0138,1.0131,1.011,1.0106
A12,0.0941,0.1001,0.0998,0.1002,0.1008,0.1019,0.1034,0.1051,0.1077,0.1105,0.114,0.1177,0.1227,0.1285,0.1358,0.1441,0.1543,0.1671,0.1812,0.1979,0.2188,0.2291,0.2474,0.2705,0.3004,0.3304,0.3578,0.3897,0.4232,0.456,0.4953,0.5282,0.5618,0.589,0.6111,0.6326,0.652,0.6715,0.6911,0.7083,0.7233,0.739,0.752,0.765,0.7803,0.7935,0.8059,0.8168,0.8294,0.8416,0.8536,0.8662,0.8779,0.8889,0.8997,0.91,0.92,0.9306,0.9388,0.9463,0.9544,0.9605,0.9661,0.9727,0.9786,0.9839,0.9895,0.9955,1.0005,1.0035,1.0091,1.0139,1.0182,1.0218,1.0251,1.0292,1.0329,1.0371,1.0418,1.0449,1.048,1.0513,1.0531,1.0558,1.0582,1.0605,1.0607,1.0618,1.0639,1.065,1.0654,1.067,1.0667,1.0692,1.0683,1.0706,1.0698,1.069,1.0697,1.0703,1.0702,1.0706,1.0701,1.0702,1.0713,1.0715,1.0718,1.0716,1.0719,1.0709,1.0706,1.0719,1.0709,1.0708,1.0704,1.0722,1.072,1.0718,1.0711,1.0708,1.0698,1.069,1.0684,1.0677,1.0664,1.065,1.0645,1.0632,1.062,1.0609,1.0599,1.0617,1.0582,1.0572,1.0557,1.0547,1.0533,1.0523,1.0513,1.0498,1.0488,1.0478,1.0469,1.0458,1.0446,1.0433,1.0427,1.0416,1.0408,1.0401,1.0379,1.037,1.0355,1.0353,1.0349,1.0325,1.0341,1.0311,1.03,1.0292,1.0284,1.0272,1.0259,1.0254,1.0243,1.0236,1.022,1.0214,1.0198,1.0183,1.017
B12,0.1069,0.1127,0.1084,0.1082,0.1084,0.11,0.1116,0.1132,0.1156,0.1187,0.1234,0.1264,0.133,0.1355,0.1522,0.1517,0.1617,0.1745,0.1983,0.2283,0.2304,0.2397,0.2609,0.2776,0.311,0.3408,0.3769,0.4059,0.4349,0.4683,0.52,0.5441,0.5766,0.602,0.6254,0.6464,0.6645,0.683,0.7014,0.7164,0.7325,0.7482,0.7609,0.7745,0.7878,0.801,0.8138,0.8241,0.8368,0.8485,0.8589,0.8703,0.8822,0.8934,0.9038,0.9144,0.9256,0.9358,0.9443,0.9523,0.9605,0.9658,0.9716,0.9783,0.9839,0.9888,0.9945,1.0012,1.0026,1.0093,1.0141,1.0171,1.0203,1.0246,1.0288,1.0314,1.0349,1.038,1.0431,1.0441,1.048,1.0501,1.0525,1.0539,1.055,1.0572,1.0584,1.058,1.0601,1.0609,1.0614,1.0625,1.0626,1.065,1.065,1.0657,1.0648,1.0644,1.0659,1.0664,1.0663,1.0659,1.0661,1.0677,1.0676,1.0676,1.0684,1.0676,1.0662,1.0678,1.0687,1.0679,1.0672,1.0665,1.0664,1.0675,1.0682,1.0678,1.0668,1.0661,1.0654,1.0652,1.0664,1.0667,1.0662,1.0658,1.0654,1.0658,1.0652,1.0655,1.0637,1.0631,1.0614,1.0612,1.0616,1.0602,1.0591,1.0573,1.0558,1.0555,1.0554,1.0541,1.0528,1.0506,1.0499,1.0488,1.048,1.0472,1.0472,1.0456,1.0441,1.044,1.0431,1.0415,1.0411,1.04,1.04,1.0392,1.0368,1.0375,1.0361,1.0358,1.0335,1.032,1.0326,1.0307,1.0294,1.029,1.0286,1.0267,1.0264
B11,0.0959,0.1014,0.1015,0.1005,0.101,0.1018,0.1029,0.1044,0.1065,0.1088,0.1116,0.1149,0.1188,0.124,0.1301,0.1372,0.1458,0.1567,0.1695,0.1831,0.1999,0.2189,0.2292,0.2467,0.2687,0.2942,0.3271,0.355,0.3827,0.4143,0.4447,0.4771,0.5174,0.5512,0.5807,0.605,0.6249,0.6448,0.6638,0.6807,0.6965,0.7124,0.7254,0.7388,0.753,0.7644,0.7769,0.7875,0.7994,0.8099,0.8197,0.8309,0.8403,0.8495,0.8589,0.8681,0.8765,0.8855,0.8946,0.9034,0.912,0.9193,0.9263,0.9344,0.9389,0.9448,0.9512,0.9592,0.9637,0.9681,0.975,0.9786,0.984,0.9876,0.9912,0.996,0.9997,1.0028,1.0057,1.0085,1.0112,1.0141,1.0178,1.0217,1.0255,1.0279,1.0305,1.033,1.0342,1.0377,1.0362,1.0376,1.04,1.0398,1.0405,1.0404,1.0417,1.041,1.0416,1.0425,1.043,1.0441,1.0443,1.0447,1.0443,1.0448,1.0451,1.0451,1.0451,1.0453,1.0457,1.0464,1.0454,1.0458,1.0454,1.0455,1.0455,1.0449,1.045,1.0451,1.0449,1.0445,1.0459,1.0464,1.0468,1.0463,1.0461,1.0467,1.0448,1.0445,1.0435,1.0426,1.0421,1.0407,1.0403,1.0388,1.038,1.0362,1.0361,1.0347,1.0333,1.032,1.0314,1.0302,1.0291,1.0282,1.0278,1.0253,1.0247,1.0234,1.023,1.0221,1.0203,1.0197,1.019,1.0181,1.0167,1.016,1.0146,1.0142,1.0133,1.0119,1.011,1.0096,1.009,1.0077,1.0069,1.0059,1.0051,1.0037,1.0032
B10,0.1028,0.1111,0.105,0.1094,0.1098,0.1118,0.1127,0.1165,0.1198,0.1228,0.1249,0.1301,0.1339,0.1409,0.1489,0.1561,0.1672,0.1799,0.1971,0.2107,0.228,0.2419,0.2594,0.2808,0.3063,0.3355,0.3599,0.384,0.4102,0.4404,0.4673,0.4943,0.525,0.5552,0.5835,0.6027,0.6196,0.6386,0.6531,0.666,0.6795,0.6902,0.6995,0.7088,0.7191,0.7272,0.7364,0.7426,0.7545,0.7599,0.7677,0.7741,0.7824,0.7878,0.7943,0.8008,0.8069,0.8124,0.8187,0.8236,0.8323,0.8361,0.8394,0.8451,0.849,0.8564,0.8591,0.8628,0.8648,0.8688,0.875,0.8773,0.8822,0.8852,0.8895,0.8906,0.8944,0.8989,0.9002,0.9027,0.9048,0.9081,0.9104,0.9139,0.916,0.9177,0.9228,0.9243,0.9283,0.93,0.9347,0.9356,0.9392,0.9409,0.9404,0.9429,0.946,0.9451,0.9471,0.9479,0.9486,0.9508,0.9511,0.9526,0.9536,0.9549,0.954,0.9547,0.9539,0.9561,0.959,0.9585,0.9556,0.9567,0.9558,0.9576,0.956,0.9568,0.9552,0.9586,0.9556,0.9569,0.9556,0.9547,0.9569,0.9547,0.9542,0.957,0.955,0.9534,0.9531,0.9537,0.9546,0.9525,0.9528,0.9517,0.9543,0.9508,0.9523,0.9512,0.9508,0.9506,0.9518,0.9519,0.9512,0.9485,0.9527,0.9482,0.9507,0.9465,0.9509,0.9491,0.9449,0.9494,0.9476,0.9472,0.9426,0.9446,0.942,0.94,0.9406,0.9379,0.9355,0.9347,0.9332,0.9316,0.9332,0.9315,0.9323,0.9291,0.9285
B9,0.1042,0.1097,0.116,0.1123,0.112,0.115,0.1111,0.1133,0.1158,0.1183,0.1223,0.1261,0.1307,0.1376,0.1476,0.1559,0.1716,0.1868,0.2071,0.2311,0.2409,0.2658,0.2934,0.3271,0.3622,0.3926,0.4298,0.4649,0.503,0.5496,0.5765,0.6126,0.6423,0.6671,0.6869,0.7081,0.7344,0.7536,0.7716,0.7883,0.805,0.8212,0.8363,0.8507,0.8652,0.8812,0.8962,0.9094,0.9234,0.9359,0.9491,0.9633,0.9752,0.9874,1.0011,1.0115,1.0228,1.0328,1.0424,1.0512,1.0604,1.0694,1.0791,1.0873,1.0954,1.1025,1.1106,1.119,1.1257,1.1328,1.1395,1.1475,1.1522,1.1584,1.1623,1.1662,1.1712,1.1743,1.1764,1.1819,1.1876,1.1913,1.1943,1.1958,1.1967,1.1978,1.1979,1.197,1.1977,1.198,1.1965,1.1955,1.1965,1.1953,1.1951,1.194,1.1932,1.1929,1.1908,1.1914,1.1901,1.1892,1.1887,1.1876,1.1862,1.1849,1.1849,1.1822,1.1819,1.1809,1.1796,1.1785,1.1776,1.1775,1.176,1.175,1.1746,1.1728,1.1715,1.1697,1.1691,1.1684,1.1681,1.1671,1.1646,1.1637,1.1633,1.1629,1.1608,1.1603,1.1591,1.1586,1.1572,1.1562,1.155,1.1545,1.1536,1.153,1.1518,1.1503,1.1496,1.1487,1.1471,1.1465,1.1463,1.1451,1.1434,1.1425,1.1417,1.1415,1.14,1.1387,1.1371,1.136,1.1353,1.1345,1.1337,1.1328,1.131,1.1308,1.1305,1.1285,1.128,1.1268,1.1261,1.1249,1.1239,1.123,1.1214,1.1201,1.1186
B8,0.1018,0.0998,0.0999,0.1006,0.1008,0.1025,0.1029,0.1053,0.1074,0.1107,0.1146,0.1182,0.1234,0.1306,0.1388,0.1501,0.1617,0.1789,0.1986,0.2202,0.2274,0.2521,0.2796,0.3123,0.3463,0.377,0.4113,0.4456,0.4846,0.5274,0.5575,0.5861,0.6149,0.6396,0.6579,0.6822,0.7031,0.7228,0.7387,0.7556,0.7718,0.7866,0.8024,0.8169,0.8346,0.8474,0.8605,0.8724,0.8859,0.8979,0.9101,0.9231,0.9348,0.9464,0.9584,0.9698,0.9819,0.9922,1.0019,1.0103,1.0185,1.0272,1.0376,1.0457,1.0543,1.0613,1.0689,1.0765,1.0825,1.0898,1.0975,1.1044,1.1112,1.1172,1.1221,1.1276,1.1322,1.1372,1.1394,1.1424,1.1486,1.1546,1.1588,1.1613,1.1626,1.1641,1.1643,1.1646,1.1644,1.164,1.163,1.1624,1.162,1.162,1.161,1.1596,1.1591,1.158,1.1574,1.1569,1.1561,1.1547,1.1543,1.153,1.1521,1.1515,1.1493,1.1492,1.1478,1.1479,1.1462,1.1461,1.145,1.1441,1.1426,1.1423,1.1411,1.1398,1.1389,1.1383,1.1371,1.1361,1.1347,1.1345,1.133,1.132,1.1314,1.1306,1.1298,1.1283,1.1275,1.1267,1.1258,1.1246,1.1242,1.1232,1.1231,1.1216,1.1209,1.1199,1.1189,1.118,1.1171,1.1164,1.1158,1.1146,1.1138,1.1122,1.1122,1.1099,1.1099,1.109,1.1072,1.1068,1.106,1.1054,1.1042,1.1032,1.1028,1.1016,1.101,1.0993,1.0986,1.0966,1.0964,1.0943,1.0942,1.0929,1.0922,1.091,1.09
B7,0.1053,0.1053,0.1056,0.1059,0.1041,0.1045,0.1077,0.1049,0.1073,0.1104,0.1154,0.1202,0.1278,0.134,0.1407,0.1486,0.1607,0.1759,0.1937,0.2166,0.2256,0.2466,0.274,0.3076,0.3458,0.3759,0.4102,0.4475,0.4833,0.5337,0.5655,0.6007,0.6298,0.6504,0.6732,0.6937,0.7105,0.7296,0.7452,0.7667,0.7833,0.7986,0.8152,0.8298,0.8454,0.8584,0.8722,0.8852,0.8996,0.9116,0.9225,0.9357,0.9461,0.9579,0.9696,0.9788,0.9885,0.9978,1.0074,1.0144,1.022,1.0299,1.0392,1.0471,1.0553,1.062,1.0694,1.0757,1.0821,1.0882,1.0948,1.1008,1.1084,1.1137,1.1179,1.1256,1.131,1.1351,1.139,1.1444,1.1515,1.1551,1.1586,1.1607,1.1625,1.1624,1.1632,1.1628,1.1634,1.1641,1.1625,1.163,1.1623,1.1625,1.1622,1.1614,1.1619,1.1602,1.1588,1.1597,1.1591,1.1584,1.1575,1.157,1.1557,1.1554,1.1545,1.1544,1.1521,1.1519,1.1513,1.1507,1.1496,1.1491,1.1487,1.1476,1.1472,1.1463,1.1454,1.145,1.1438,1.1438,1.1432,1.1423,1.1416,1.1404,1.1394,1.1389,1.1383,1.1378,1.1373,1.1358,1.1341,1.1332,1.1335,1.1326,1.1314,1.1297,1.1309,1.1298,1.1279,1.1281,1.1275,1.1269,1.1271,1.1253,1.1248,1.1241,1.1245,1.1237,1.1232,1.1222,1.1213,1.1216,1.121,1.1201,1.1197,1.1192,1.1191,1.1192,1.118,1.1174,1.1171,1.1152,1.115,1.114,1.1139,1.1134,1.113,1.1119,1.1106
C7,0.1021,0.1019,0.1017,0.1022,0.1027,0.1036,0.1045,0.1065,0.1078,0.1101,0.1127,0.1158,0.1204,0.1249,0.1317,0.1397,0.1496,0.1625,0.1775,0.1956,0.2149,0.2259,0.2492,0.2748,0.3009,0.3333,0.3675,0.4057,0.4397,0.4794,0.5017,0.5263,0.554,0.5728,0.6097,0.6289,0.6496,0.6704,0.6899,0.7095,0.7284,0.7411,0.7505,0.7687,0.7797,0.7822,0.78,0.7891,0.8032,0.8107,0.8214,0.8333,0.8448,0.8548,0.866,0.875,0.8855,0.8953,0.9039,0.9118,0.9205,0.9285,0.9362,0.9433,0.9492,0.9564,0.9614,0.9712,0.9785,0.9851,0.9913,0.9958,1.0012,1.0049,1.0096,1.0145,1.0182,1.0221,1.0259,1.0279,1.0319,1.0347,1.0374,1.0403,1.0425,1.0439,1.0452,1.0452,1.0444,1.0446,1.0431,1.0426,1.0428,1.0419,1.0406,1.0393,1.0378,1.0356,1.033,1.0313,1.0285,1.0262,1.0236,1.0206,1.0171,1.0141,1.0106,1.0073,1.0042,1.0008,0.9976,0.9947,0.9909,0.9879,0.9843,0.9814,0.979,0.9756,0.9723,0.9694,0.9673,0.9654,0.9635,0.9622,0.9604,0.9595,0.9574,0.9574,0.9555,0.9548,0.9533,0.9522,0.9507,0.9489,0.9487,0.9473,0.9466,0.9453,0.9442,0.9435,0.9428,0.9416,0.9405,0.9397,0.9392,0.938,0.9373,0.936,0.9357,0.9342,0.9333,0.9322,0.9309,0.93,0.9295,0.9284,0.9279,0.9273,0.9261,0.9252,0.9246,0.9235,0.9229,0.9218,0.9211,0.9199,0.9196,0.919,0.9182,0.9171,0.9164
C8,0.1035,0.0999,0.0999,0.1004,0.1009,0.1019,0.1033,0.105,0.107,0.1092,0.1121,0.1154,0.1197,0.1253,0.1321,0.1404,0.1511,0.1641,0.1794,0.1972,0.2186,0.23,0.2536,0.2794,0.3073,0.3415,0.3769,0.414,0.4488,0.4895,0.511,0.5362,0.5718,0.6161,0.6378,0.6572,0.6749,0.6876,0.7021,0.717,0.7367,0.7436,0.7605,0.7822,0.804,0.8163,0.8288,0.8367,0.846,0.8514,0.8514,0.8558,0.8676,0.8776,0.889,0.8982,0.9087,0.9195,0.9286,0.9373,0.9461,0.9533,0.9613,0.9681,0.975,0.9806,0.9873,0.999,1.0055,1.0108,1.016,1.0207,1.0254,1.0309,1.0351,1.0398,1.0439,1.0483,1.0516,1.0543,1.0577,1.0599,1.062,1.0628,1.0633,1.0621,1.0618,1.061,1.061,1.0605,1.06,1.0591,1.0585,1.0566,1.0538,1.0514,1.0491,1.046,1.0435,1.0394,1.0357,1.0323,1.0281,1.024,1.0204,1.0178,1.0143,1.0098,1.0048,1.0011,1.0019,1.002,0.9949,0.9944,0.9897,0.9805,0.9778,0.9753,0.9735,0.972,0.971,0.969,0.9679,0.9666,0.9645,0.9626,0.961,0.9597,0.9574,0.9563,0.9556,0.954,0.9534,0.9517,0.9518,0.9509,0.9499,0.9488,0.9467,0.9463,0.9449,0.9436,0.943,0.9417,0.9405,0.9398,0.9389,0.9376,0.9371,0.9352,0.9347,0.9342,0.9321,0.9317,0.9307,0.93,0.9291,0.9287,0.9278,0.9268,0.9267,0.9258,0.9256,0.9245,0.9242,0.9238,0.9236,0.9233,0.9225,0.9222,0.9219
C9,0.0984,0.0999,0.1,0.0999,0.1005,0.1016,0.1028,0.1044,0.1062,0.1083,0.111,0.114,0.118,0.1229,0.1294,0.137,0.1467,0.1584,0.1726,0.1892,0.2096,0.2221,0.2419,0.2664,0.2929,0.324,0.3582,0.395,0.4295,0.4687,0.4944,0.5175,0.5453,0.567,0.5864,0.621,0.6381,0.6551,0.6759,0.6903,0.7072,0.7315,0.7495,0.7624,0.7811,0.7987,0.8101,0.8174,0.8278,0.8351,0.8426,0.8529,0.8614,0.8664,0.8716,0.8761,0.8857,0.8963,0.9048,0.914,0.9239,0.9317,0.9401,0.9469,0.9539,0.9603,0.9664,0.9723,0.9811,0.9904,0.9963,1.0014,1.0065,1.0105,1.0147,1.0229,1.0244,1.0292,1.0325,1.0362,1.0397,1.0431,1.0449,1.048,1.0495,1.0507,1.0501,1.0489,1.0489,1.0488,1.0484,1.0479,1.0481,1.0472,1.0462,1.0447,1.043,1.04,1.038,1.0353,1.032,1.0291,1.0255,1.0236,1.0192,1.0156,1.0121,1.0082,1.0046,1.0003,0.9963,0.995,0.9976,0.9952,0.9966,0.9954,0.9919,0.9924,0.9877,0.9815,0.969,0.9616,0.96,0.9589,0.9566,0.955,0.9533,0.9512,0.9495,0.9477,0.947,0.9446,0.9442,0.9425,0.9416,0.9408,0.9393,0.9384,0.9369,0.9355,0.9346,0.9333,0.9328,0.9317,0.9303,0.9292,0.9281,0.927,0.9265,0.9247,0.9241,0.9231,0.9214,0.9208,0.9197,0.9191,0.918,0.9174,0.9168,0.9155,0.9149,0.9143,0.9143,0.9128,0.9126,0.9116,0.9117,0.911,0.9103,0.9101,0.9097
C10,0.0941,0.0979,0.0976,0.0981,0.0984,0.0992,0.1002,0.1015,0.103,0.1048,0.107,0.1094,0.1124,0.116,0.1203,0.1256,0.1321,0.1392,0.1485,0.159,0.171,0.1857,0.2022,0.2124,0.228,0.2494,0.273,0.3006,0.3345,0.3695,0.4023,0.4389,0.4673,0.4862,0.5086,0.5325,0.5526,0.574,0.5901,0.6051,0.6183,0.6342,0.6494,0.6674,0.6794,0.6961,0.707,0.7192,0.7341,0.7442,0.7491,0.7657,0.7735,0.7805,0.7919,0.7985,0.8083,0.8204,0.8262,0.8327,0.8424,0.8491,0.8557,0.8638,0.8711,0.8775,0.8849,0.8919,0.8982,0.9035,0.9099,0.9136,0.9197,0.9259,0.9313,0.936,0.9388,0.9465,0.9448,0.9464,0.9482,0.9502,0.951,0.9534,0.954,0.955,0.9561,0.957,0.9571,0.9591,0.9569,0.957,0.9567,0.9563,0.9553,0.9546,0.9545,0.9534,0.953,0.9525,0.9505,0.9503,0.9476,0.9454,0.9434,0.9415,0.9384,0.9362,0.9323,0.9302,0.9264,0.9209,0.9187,0.9156,0.9144,0.9131,0.9019,0.8935,0.8875,0.8834,0.8808,0.8786,0.8727,0.8684,0.8656,0.8621,0.8579,0.8566,0.852,0.8479,0.8459,0.8413,0.8378,0.8353,0.8336,0.8316,0.8302,0.828,0.8267,0.8255,0.8231,0.8222,0.8206,0.8198,0.8182,0.8171,0.8164,0.8149,0.8144,0.813,0.8123,0.8112,0.81,0.8089,0.8081,0.8069,0.8054,0.8048,0.8042,0.8034,0.8027,0.8007,0.8001,0.799,0.7982,0.7975,0.7975,0.7967,0.7957,0.7948,0.7945
C11,0.0952,0.0988,0.0986,0.0987,0.0992,0.0998,0.1008,0.1032,0.1033,0.1052,0.107,0.1093,0.1122,0.1154,0.1194,0.1241,0.1299,0.1365,0.1448,0.1545,0.1652,0.1783,0.1934,0.2061,0.2171,0.236,0.2571,0.2807,0.3102,0.3424,0.3764,0.4103,0.4435,0.466,0.4872,0.5084,0.5291,0.549,0.5694,0.5893,0.6037,0.62,0.6335,0.6476,0.6617,0.6752,0.688,0.7007,0.7138,0.7281,0.7372,0.754,0.7626,0.7699,0.7815,0.7881,0.8031,0.8161,0.8183,0.8245,0.8331,0.8401,0.8439,0.8504,0.8567,0.8633,0.8706,0.8783,0.8859,0.8913,0.8963,0.9014,0.9075,0.913,0.9186,0.926,0.9298,0.9341,0.9375,0.9401,0.9401,0.9411,0.9431,0.9455,0.9474,0.9476,0.9485,0.9489,0.9491,0.9498,0.9505,0.951,0.9521,0.9518,0.9506,0.9497,0.9495,0.9487,0.9486,0.9475,0.9468,0.9457,0.9445,0.9423,0.941,0.9388,0.9362,0.9345,0.9318,0.9299,0.9261,0.9232,0.9195,0.9159,0.9119,0.9111,0.9103,0.9113,0.9033,0.8954,0.8911,0.8852,0.8785,0.8748,0.8737,0.8707,0.8684,0.8675,0.863,0.8597,0.8577,0.8538,0.8479,0.8476,0.8434,0.8416,0.8399,0.8367,0.8339,0.8331,0.8299,0.8296,0.8262,0.8247,0.8231,0.8224,0.8217,0.82,0.8187,0.8176,0.8162,0.8146,0.8131,0.8121,0.8112,0.8103,0.8092,0.8087,0.8068,0.8061,0.8051,0.804,0.8025,0.8012,0.8003,0.799,0.799,0.7974,0.7968,0.7952,0.7948
C12,0.1034,0.1094,0.1099,0.1104,0.111,0.1112,0.1129,0.1144,0.1159,0.1184,0.1212,0.1247,0.1294,0.1359,0.1398,0.1477,0.1572,0.1653,0.1769,0.1916,0.2089,0.23,0.2401,0.2596,0.2827,0.3086,0.3387,0.3721,0.4096,0.4436,0.4828,0.5062,0.528,0.5498,0.5733,0.5958,0.6123,0.6286,0.6402,0.6551,0.6681,0.6827,0.696,0.7116,0.7258,0.739,0.7521,0.7639,0.7755,0.787,0.7955,0.8077,0.8167,0.8257,0.835,0.8435,0.8523,0.8611,0.8692,0.8771,0.8861,0.8946,0.9029,0.9095,0.9153,0.9222,0.9277,0.9338,0.9391,0.9433,0.9489,0.9556,0.96,0.9628,0.9658,0.9699,0.972,0.9755,0.9755,0.9771,0.9789,0.98,0.9811,0.9817,0.9816,0.9822,0.9824,0.9843,0.9831,0.9845,0.9831,0.9851,0.983,0.9822,0.9821,0.9812,0.9814,0.9809,0.9802,0.9799,0.9782,0.9777,0.9768,0.9753,0.9739,0.9714,0.9712,0.9681,0.9666,0.9645,0.9624,0.9599,0.9563,0.9539,0.9497,0.9479,0.9433,0.9404,0.9379,0.9309,0.9305,0.9273,0.9267,0.9219,0.9206,0.9132,0.9086,0.9072,0.9064,0.9044,0.8977,0.8942,0.8912,0.8889,0.8857,0.8826,0.8823,0.8791,0.8741,0.8718,0.8707,0.8689,0.8666,0.8625,0.8602,0.8599,0.857,0.8548,0.8545,0.8514,0.8491,0.8465,0.8456,0.8443,0.8417,0.8406,0.838,0.8385,0.8357,0.8343,0.8324,0.8299,0.8294,0.8278,0.8273,0.8251,0.8235,0.822,0.8211,0.8194,0.8181
D12,0.0924,0.0959,0.0956,0.0959,0.0961,0.0968,0.0975,0.099,0.1,0.1017,0.1036,0.1057,0.1089,0.1124,0.1168,0.1221,0.1289,0.1365,0.146,0.1575,0.1705,0.1861,0.2043,0.2217,0.2353,0.2574,0.2823,0.3126,0.3406,0.3693,0.399,0.4284,0.4609,0.4963,0.5241,0.5511,0.5714,0.5918,0.6095,0.6275,0.6409,0.6571,0.6708,0.6832,0.6974,0.7081,0.7211,0.7319,0.744,0.754,0.7635,0.775,0.7843,0.7927,0.8027,0.8111,0.8202,0.8298,0.8388,0.8466,0.8561,0.8657,0.8739,0.8806,0.8875,0.8931,0.9011,0.9067,0.9121,0.9163,0.9228,0.9277,0.9318,0.9353,0.9402,0.9435,0.9473,0.9501,0.9524,0.9559,0.9584,0.961,0.9642,0.9672,0.9696,0.9716,0.9738,0.976,0.9771,0.9789,0.9799,0.9815,0.9828,0.9843,0.9841,0.9835,0.9851,0.9852,0.9854,0.9845,0.9847,0.9845,0.9845,0.9836,0.9835,0.9836,0.9821,0.9815,0.9816,0.98,0.9808,0.9797,0.9791,0.9787,0.9778,0.9767,0.9756,0.9762,0.9745,0.9734,0.9731,0.9721,0.9713,0.9706,0.9698,0.9691,0.9686,0.9676,0.966,0.9658,0.9647,0.964,0.9628,0.9627,0.9613,0.9604,0.9594,0.959,0.9588,0.9573,0.9564,0.9543,0.9527,0.9525,0.952,0.9504,0.9494,0.9485,0.9479,0.947,0.946,0.9445,0.9436,0.9427,0.9424,0.9411,0.9398,0.9391,0.9375,0.9374,0.9362,0.935,0.9334,0.933,0.9317,0.9306,0.9297,0.9288,0.927,0.9258,0.9252
D11,0.0934,0.0972,0.0968,0.0966,0.0966,0.0973,0.0979,0.0988,0.1,0.1015,0.1034,0.1051,0.1078,0.1112,0.1151,0.1197,0.1253,0.1328,0.1416,0.1514,0.1635,0.1774,0.1936,0.2136,0.2286,0.2451,0.2686,0.2962,0.3275,0.3546,0.3841,0.4128,0.4443,0.48,0.5125,0.5378,0.5635,0.5857,0.6037,0.6229,0.64,0.657,0.6735,0.6876,0.7007,0.7134,0.7252,0.7378,0.7478,0.7596,0.7678,0.7804,0.791,0.7996,0.8093,0.8169,0.8249,0.8365,0.844,0.8506,0.8587,0.8668,0.8749,0.883,0.8898,0.8971,0.9035,0.9102,0.9149,0.9206,0.9273,0.9317,0.938,0.9429,0.9465,0.9507,0.9555,0.9594,0.9613,0.9643,0.9671,0.9704,0.9724,0.9763,0.9789,0.9806,0.9841,0.9867,0.9883,0.9908,0.9913,0.9939,0.9951,0.9971,0.9975,0.9974,0.9992,0.9988,0.9992,0.9988,0.9988,1.0002,0.9998,0.9985,0.9989,0.9986,0.9985,0.9969,0.9967,0.9967,0.9954,0.9944,0.9943,0.9925,0.9917,0.9916,0.9893,0.9893,0.9874,0.9862,0.9855,0.984,0.9829,0.9821,0.9812,0.9797,0.9787,0.978,0.9767,0.9762,0.9747,0.9736,0.9714,0.9713,0.9699,0.9684,0.9669,0.9655,0.9646,0.9638,0.962,0.9603,0.9583,0.9579,0.9567,0.9552,0.9544,0.9517,0.9527,0.9502,0.9496,0.9479,0.9466,0.9455,0.944,0.9421,0.9403,0.9404,0.9392,0.9386,0.9376,0.9364,0.9348,0.9342,0.9322,0.9295,0.9286,0.927,0.9252,0.923,0.9218
D10,0.0944,0.0978,0.0985,0.0975,0.0979,0.0985,0.0988,0.1003,0.1016,0.1031,0.1049,0.1069,0.1097,0.1133,0.1172,0.1222,0.1282,0.1352,0.1444,0.1551,0.1679,0.1829,0.2009,0.2206,0.2338,0.2541,0.2789,0.3092,0.3398,0.3678,0.3974,0.4284,0.4607,0.4967,0.5259,0.551,0.5747,0.5957,0.6135,0.6321,0.6486,0.6644,0.6794,0.6929,0.7061,0.7187,0.7293,0.7403,0.7518,0.7613,0.7722,0.7824,0.7916,0.8013,0.8101,0.8181,0.8281,0.8356,0.8427,0.8519,0.8582,0.8662,0.8746,0.8821,0.8887,0.8945,0.901,0.9075,0.9129,0.9187,0.925,0.9302,0.9354,0.9401,0.9452,0.9488,0.9517,0.955,0.9578,0.9609,0.9639,0.9663,0.9694,0.9724,0.9747,0.977,0.9799,0.9812,0.9826,0.9842,0.9863,0.9868,0.9888,0.9891,0.9893,0.99,0.9908,0.9909,0.991,0.9907,0.9908,0.9917,0.9914,0.9908,0.9903,0.9896,0.9894,0.9887,0.9876,0.9876,0.9913,0.9915,0.993,0.9884,0.9836,0.9869,0.9864,0.9889,0.9834,0.98,0.9772,0.9759,0.9759,0.9748,0.9745,0.9715,0.9711,0.9693,0.9668,0.9655,0.9643,0.9632,0.9618,0.9601,0.9598,0.9612,0.9594,0.9554,0.9533,0.9526,0.9505,0.9492,0.948,0.9472,0.9446,0.9437,0.9432,0.941,0.9435,0.9386,0.9386,0.9374,0.9356,0.935,0.9337,0.932,0.9299,0.9285,0.9268,0.9249,0.9226,0.9214,0.9196,0.917,0.9152,0.9134,0.912,0.9098,0.9085,0.9061,0.9045
D9,0.0994,0.101,0.1005,0.1006,0.1008,0.1018,0.103,0.1044,0.1061,0.1083,0.1113,0.1148,0.1193,0.1252,0.133,0.1425,0.1544,0.1683,0.1853,0.2067,0.2212,0.2387,0.2654,0.2962,0.3279,0.3551,0.3844,0.4165,0.4522,0.4934,0.5202,0.5459,0.5717,0.5958,0.6157,0.633,0.658,0.6761,0.6907,0.7075,0.7226,0.7363,0.7509,0.7651,0.7797,0.7922,0.8056,0.8171,0.8299,0.8415,0.853,0.8636,0.8741,0.884,0.8942,0.9026,0.9126,0.922,0.9293,0.936,0.9431,0.9482,0.9553,0.962,0.9684,0.974,0.9805,0.9848,0.9891,0.9938,0.9981,1.0016,1.0047,1.0081,1.0106,1.0134,1.015,1.017,1.0181,1.0195,1.0194,1.0205,1.0204,1.0217,1.0225,1.0224,1.0222,1.0223,1.0228,1.0223,1.0216,1.022,1.0222,1.0225,1.0214,1.0206,1.0207,1.0206,1.0222,1.024,1.0239,1.0248,1.0235,1.0224,1.0206,1.0192,1.0179,1.016,1.0139,1.012,1.0109,1.0088,1.0068,1.0053,1.0035,1.0021,1.0007,0.9984,0.9963,0.9944,0.9928,0.9911,0.9896,0.9884,0.986,0.9848,0.9827,0.9818,0.9793,0.9773,0.9763,0.9752,0.9736,0.9719,0.9706,0.9695,0.9674,0.9651,0.9635,0.9621,0.9605,0.9589,0.9579,0.9567,0.9554,0.9545,0.9537,0.951,0.9511,0.95,0.949,0.9476,0.9466,0.9456,0.9446,0.9437,0.9428,0.9421,0.9403,0.9391,0.9383,0.9376,0.9362,0.9352,0.9342,0.9329,0.9326,0.9311,0.9295,0.9291,0.9278
D8,0.1005,0.103,0.1026,0.1027,0.1033,0.1044,0.1057,0.1074,0.1093,0.1119,0.1149,0.1188,0.1239,0.1308,0.1392,0.149,0.1628,0.1781,0.1965,0.2202,0.2308,0.2537,0.2819,0.3186,0.3437,0.3742,0.4048,0.4393,0.4793,0.516,0.5426,0.5738,0.5975,0.6191,0.6393,0.6567,0.6799,0.6979,0.7132,0.73,0.7447,0.7604,0.7737,0.7873,0.8008,0.814,0.8268,0.8387,0.8519,0.8626,0.8735,0.8849,0.8965,0.905,0.9156,0.9245,0.9332,0.9414,0.9477,0.9538,0.9616,0.9681,0.9748,0.981,0.9864,0.9917,0.9967,1.002,1.0059,1.01,1.0145,1.0168,1.0197,1.022,1.0241,1.0261,1.0279,1.0291,1.029,1.0299,1.0302,1.0308,1.0307,1.0318,1.0317,1.0317,1.0316,1.0314,1.0314,1.0307,1.0308,1.0301,1.0306,1.033,1.0334,1.0345,1.0347,1.0341,1.0323,1.0319,1.0299,1.0286,1.0264,1.0254,1.0232,1.0217,1.0189,1.0178,1.0157,1.0139,1.0123,1.0109,1.0089,1.0075,1.005,1.0033,1.0022,1,0.9981,0.9966,0.9945,0.9931,0.9911,0.9904,0.988,0.9862,0.9846,0.9837,0.9816,0.98,0.9791,0.9774,0.9753,0.9739,0.9729,0.9712,0.9698,0.9678,0.9663,0.9652,0.9631,0.9619,0.9606,0.9592,0.9576,0.9568,0.956,0.9536,0.954,0.9523,0.9523,0.9507,0.9491,0.9484,0.9475,0.9464,0.9455,0.9446,0.9433,0.9423,0.9412,0.9408,0.9395,0.9383,0.9375,0.9364,0.9358,0.935,0.9332,0.9322,0.9309
D7,0.1387,0.1709,0.1638,0.1631,0.1645,0.1691,0.1505,0.1755,0.1826,0.1832,0.1933,0.2059,0.2224,0.2434,0.2688,0.3001,0.313,0.3459,0.3764,0.3948,0.4183,0.4471,0.4838,0.5189,0.5525,0.58,0.5884,0.6039,0.618,0.6342,0.6532,0.671,0.6809,0.6892,0.6969,0.7065,0.7172,0.729,0.735,0.7468,0.7577,0.767,0.7772,0.7859,0.7947,0.8048,0.8111,0.821,0.8302,0.838,0.8423,0.852,0.8601,0.8681,0.8749,0.8787,0.8829,0.8886,0.8929,0.8977,0.902,0.9071,0.9115,0.9145,0.9186,0.9225,0.9258,0.9274,0.9319,0.9342,0.9366,0.9384,0.9396,0.9429,0.9442,0.9471,0.9484,0.9509,0.952,0.9508,0.9522,0.9515,0.9529,0.9541,0.9532,0.9531,0.9543,0.9539,0.9522,0.9523,0.9509,0.9503,0.951,0.9505,0.9491,0.948,0.9475,0.947,0.9497,0.9512,0.9521,0.9521,0.9508,0.9507,0.948,0.9463,0.944,0.9431,0.94,0.9384,0.937,0.9343,0.9317,0.9299,0.928,0.9254,0.9248,0.9226,0.919,0.9188,0.9147,0.915,0.9118,0.9105,0.9083,0.9067,0.9046,0.9037,0.9005,0.8989,0.8977,0.8954,0.8934,0.8916,0.89,0.8891,0.8863,0.8835,0.8838,0.8817,0.879,0.8766,0.8746,0.8734,0.8707,0.869,0.8687,0.8657,0.865,0.8622,0.8621,0.86,0.8579,0.8571,0.8554,0.8542,0.8529,0.8513,0.8503,0.8486,0.8482,0.8454,0.8449,0.8432,0.8411,0.8408,0.8396,0.839,0.8349,0.8348,0.835
E7,0.0963,0.1009,0.1011,0.1017,0.1026,0.1036,0.1052,0.1073,0.1096,0.1123,0.1159,0.12,0.1253,0.1318,0.1402,0.1494,0.1613,0.1755,0.1929,0.212,0.2318,0.2449,0.2678,0.2929,0.3216,0.3562,0.3788,0.4073,0.4366,0.4713,0.5037,0.539,0.5786,0.6054,0.6379,0.6608,0.6807,0.6977,0.7078,0.7209,0.7324,0.742,0.7525,0.7644,0.7746,0.7844,0.791,0.7995,0.8095,0.8173,0.8244,0.8338,0.8429,0.8501,0.8593,0.8653,0.8731,0.8806,0.8875,0.8935,0.9,0.9066,0.9135,0.92,0.9249,0.9305,0.9359,0.9413,0.9463,0.95,0.9562,0.9623,0.9679,0.9734,0.9778,0.9822,0.9865,0.9917,0.994,0.9983,1.0028,1.0072,1.0111,1.0159,1.0203,1.0239,1.0289,1.0328,1.036,1.0408,1.044,1.0477,1.051,1.0534,1.055,1.0566,1.0589,1.0595,1.0615,1.0631,1.064,1.0661,1.0665,1.0718,1.0724,1.0742,1.0745,1.0748,1.0752,1.075,1.0743,1.0747,1.0741,1.073,1.0723,1.0709,1.0707,1.0696,1.0681,1.0681,1.0671,1.0652,1.0652,1.0645,1.0629,1.0619,1.0602,1.0614,1.0588,1.0579,1.0578,1.0566,1.0556,1.0543,1.0546,1.0527,1.0518,1.0518,1.0494,1.05,1.0482,1.0471,1.0469,1.0452,1.0448,1.044,1.0433,1.0405,1.041,1.0389,1.0393,1.0378,1.0362,1.0359,1.0343,1.0347,1.0332,1.033,1.0319,1.0309,1.0302,1.03,1.0289,1.0281,1.0269,1.0267,1.0257,1.0256,1.0242,1.0235,1.0226
E8,0.0975,0.1014,0.1017,0.1023,0.1031,0.1043,0.1061,0.1081,0.1116,0.1147,0.1188,0.1235,0.1299,0.1374,0.1464,0.1573,0.1707,0.1868,0.2065,0.2293,0.2438,0.2661,0.2923,0.3225,0.3595,0.3857,0.4139,0.448,0.4813,0.518,0.5514,0.5933,0.6256,0.6528,0.6774,0.6964,0.7152,0.73,0.7401,0.753,0.7644,0.7738,0.7845,0.7952,0.8048,0.8145,0.8237,0.8331,0.843,0.8513,0.8581,0.868,0.8766,0.884,0.892,0.899,0.9068,0.9142,0.9211,0.9272,0.9339,0.9409,0.9467,0.9525,0.9574,0.9624,0.9682,0.9737,0.9802,0.9849,0.9915,0.9976,1.0028,1.0075,1.0122,1.0179,1.0231,1.0281,1.0316,1.0357,1.0398,1.0446,1.0484,1.0525,1.0566,1.0599,1.0618,1.0644,1.0667,1.0685,1.0698,1.0713,1.0734,1.0746,1.0753,1.0766,1.0782,1.0784,1.0794,1.0804,1.0808,1.0837,1.086,1.0884,1.089,1.0898,1.0899,1.0904,1.0896,1.089,1.0888,1.0886,1.0876,1.0869,1.0862,1.0852,1.0845,1.083,1.0821,1.0815,1.0799,1.0794,1.0786,1.0778,1.0761,1.0754,1.0743,1.0748,1.0721,1.0713,1.071,1.0701,1.0688,1.0678,1.068,1.066,1.0661,1.065,1.0633,1.0626,1.0614,1.0601,1.0594,1.0572,1.0573,1.0558,1.0555,1.0535,1.054,1.0513,1.0512,1.05,1.0485,1.0475,1.0468,1.0464,1.0452,1.0449,1.0438,1.0424,1.0417,1.0414,1.0398,1.0388,1.0383,1.0376,1.037,1.036,1.0352,1.0332,1.0334
E9,0.1008,0.1051,0.1054,0.1063,0.1077,0.1096,0.1123,0.1157,0.1201,0.1252,0.1314,0.1387,0.148,0.1595,0.1736,0.1902,0.2103,0.2337,0.2524,0.2735,0.2999,0.3335,0.3655,0.3936,0.4245,0.4607,0.4952,0.5299,0.5707,0.6066,0.634,0.6645,0.6865,0.7036,0.7232,0.7369,0.7502,0.7625,0.7731,0.7886,0.7977,0.8076,0.8173,0.8273,0.8364,0.8462,0.8545,0.8629,0.8719,0.8809,0.8873,0.8961,0.9044,0.9124,0.9206,0.927,0.935,0.9422,0.9494,0.9551,0.9623,0.9681,0.9743,0.9791,0.9846,0.9898,0.9969,1.0037,1.01,1.0146,1.0213,1.0271,1.0317,1.0374,1.0424,1.0478,1.0524,1.058,1.062,1.0658,1.0702,1.0739,1.077,1.0799,1.0824,1.0846,1.0862,1.0882,1.0905,1.093,1.0938,1.0961,1.0976,1.0997,1.1002,1.1017,1.1028,1.1033,1.1043,1.1051,1.1083,1.111,1.1128,1.1139,1.1139,1.114,1.1145,1.1138,1.1135,1.1129,1.1132,1.112,1.1119,1.1106,1.1114,1.1098,1.1099,1.1088,1.1074,1.1072,1.106,1.1062,1.105,1.1051,1.1037,1.103,1.102,1.1014,1.0994,1.0989,1.0988,1.0969,1.0966,1.0952,1.0945,1.0937,1.0935,1.0914,1.0905,1.0895,1.0887,1.0874,1.0863,1.0847,1.0832,1.0825,1.0818,1.0794,1.0798,1.0784,1.0781,1.0766,1.0756,1.0746,1.0734,1.0734,1.0719,1.0711,1.0711,1.0691,1.0683,1.0676,1.0666,1.066,1.0653,1.0643,1.0635,1.0631,1.062,1.0604,1.0604
E10,0.0957,0.1017,0.1014,0.1011,0.1018,0.1022,0.1032,0.1041,0.1054,0.1074,0.1099,0.1126,0.1156,0.1195,0.124,0.1288,0.1349,0.1414,0.1495,0.158,0.1686,0.1799,0.1931,0.2087,0.2258,0.2412,0.2564,0.2746,0.2945,0.3177,0.339,0.3629,0.3833,0.4018,0.4287,0.4509,0.4757,0.4976,0.5194,0.5508,0.573,0.595,0.6131,0.6311,0.6445,0.6596,0.6701,0.6801,0.6877,0.6942,0.7006,0.7122,0.719,0.7293,0.7393,0.7433,0.7555,0.7394,0.7456,0.7452,0.7633,0.7848,0.8032,0.8147,0.8249,0.8394,0.8455,0.8687,0.8834,0.8788,0.9102,0.8946,0.8987,0.9189,0.9317,0.9324,0.9674,0.9619,0.9642,0.8256,0.8322,0.8405,0.847,0.8555,0.8645,0.8695,0.8812,0.8881,0.8932,0.9064,0.9145,0.9211,0.9354,0.9364,0.9461,0.9625,0.9721,0.9773,0.9883,0.9963,0.9953,1.0112,1.016,1.026,1.0304,1.038,1.0484,1.0537,1.0631,1.0641,1.0623,1.0782,1.0772,1.0919,1.0862,1.0972,1.1038,1.1063,1.113,1.1146,1.0925,1.0833,1.066,1.0506,1.0334,1.0109,0.9043,0.9055,0.9035,0.9042,0.9064,0.907,0.9102,0.915,0.9203,0.9235,0.9287,0.9343,0.9354,0.9379,0.9402,0.9438,0.9456,0.9476,0.9501,0.9576,0.9587,0.9622,0.9625,0.9654,0.9677,0.9755,0.9733,0.9753,0.9799,0.9798,0.9812,0.9813,0.9854,0.9879,0.9919,1.0014,1.0032,1.0008,1.0112,1.0118,1.021,1.0265,1.0236,1.0159,1.0217
E11,0.0978,0.1037,0.1033,0.1033,0.1036,0.1041,0.1051,0.1063,0.108,0.1101,0.1128,0.1156,0.1191,0.123,0.1277,0.1331,0.1397,0.1467,0.1552,0.1657,0.1766,0.189,0.2039,0.2197,0.2374,0.2495,0.2675,0.2873,0.3084,0.3301,0.3505,0.3723,0.3943,0.4171,0.442,0.4657,0.4902,0.515,0.5401,0.5661,0.5876,0.605,0.6181,0.6359,0.6461,0.6579,0.6699,0.675,0.6849,0.693,0.6985,0.7081,0.7109,0.7171,0.7225,0.7384,0.7496,0.7592,0.7661,0.7789,0.7855,0.8071,0.8241,0.8373,0.8392,0.8428,0.849,0.8589,0.8759,0.7881,0.8022,0.8205,0.8279,0.8374,0.8526,0.8435,0.8769,0.8931,0.881,0.9184,0.9193,0.9519,0.9478,0.9467,0.9658,0.9873,0.9796,0.9707,0.9998,0.9985,0.991,0.8532,0.8585,0.8621,0.8682,0.877,0.8846,0.896,0.904,0.9068,0.928,0.9375,0.9394,0.9468,0.9635,0.9626,0.975,0.9798,0.9956,1.0021,1.0161,1.0099,1.0288,1.0243,1.0305,1.029,1.0287,1.0361,1.0336,1.0427,1.0572,1.0621,1.0737,1.0646,1.0752,1.0656,1.0391,1.0128,1.012,1.0085,1.0165,0.8876,0.8886,0.8909,0.8903,0.8892,0.8906,0.8923,0.896,0.8998,0.8992,0.9082,0.909,0.9085,0.9182,0.9154,0.9265,0.9234,0.9289,0.936,0.9355,0.9376,0.9396,0.946,0.9341,0.9391,0.938,0.9484,0.9479,0.9517,0.9508,0.9488,0.9459,0.9541,0.9534,0.96,0.9562,0.9591,0.9526,0.9593,0.9553
E12,0.0982,0.1041,0.1039,0.1039,0.105,0.1048,0.1057,0.1069,0.1087,0.1131,0.1141,0.1174,0.1208,0.1251,0.1302,0.1364,0.1441,0.1513,0.1608,0.1715,0.1836,0.197,0.213,0.23,0.2482,0.2634,0.285,0.3048,0.3291,0.3511,0.3744,0.397,0.4199,0.4431,0.4703,0.4928,0.5202,0.5481,0.5727,0.6005,0.6209,0.6352,0.6523,0.6682,0.6792,0.6904,0.7013,0.7102,0.7178,0.7247,0.7293,0.7369,0.7382,0.7665,0.7466,0.7665,0.7769,0.8008,0.7979,0.8167,0.8328,0.8357,0.8544,0.8832,0.886,0.8931,0.9265,0.9139,0.9129,0.9459,0.9834,0.9494,0.9993,0.9939,0.9874,0.9562,0.9573,0.9633,0.962,0.9677,0.8312,0.835,0.8318,0.8449,0.8439,0.8584,0.8597,0.8954,0.9097,0.9301,0.9507,0.9611,0.9558,0.9763,1.0066,0.9974,1.0156,1.0306,1.022,1.0348,1.0153,1.0491,1.0029,1.0521,1.0484,1.0243,1.0368,1.0694,1.04,1.0389,1.0499,1.0828,1.0636,1.0693,1.0532,1.0274,1.0316,1.0278,1.0249,1.0625,1.043,1.0622,1.0615,1.0706,1.0653,1.0489,0.9342,0.9387,0.9512,0.9455,0.9551,0.9539,0.9586,0.9744,0.9822,0.9824,0.9913,1.0021,0.9915,0.9937,1.0038,1.0138,0.8615,0.8676,0.8732,0.872,0.8827,0.88,0.8774,0.884,0.8852,0.8936,0.8933,0.8995,0.894,0.911,0.892,0.9097,0.8961,0.9124,0.9071,0.901,0.8993,0.9162,0.9077,0.9188,0.9152,0.9054,0.9097,0.9121,0.9171
F12,0.1032,0.1087,0.1089,0.1098,0.1094,0.1101,0.1111,0.1117,0.1123,0.1135,0.1155,0.1179,0.1222,0.1256,0.13,0.1345,0.1417,0.1478,0.1556,0.1653,0.1758,0.1875,0.2012,0.2161,0.2344,0.2446,0.2622,0.2805,0.2992,0.3215,0.3439,0.3645,0.3854,0.4061,0.4284,0.452,0.4754,0.4985,0.5192,0.551,0.572,0.5944,0.6109,0.6276,0.6397,0.6511,0.6648,0.672,0.6782,0.6881,0.6936,0.7022,0.7085,0.7199,0.7199,0.7241,0.7245,0.747,0.7674,0.7743,0.7905,0.7987,0.806,0.8235,0.8406,0.8442,0.8423,0.7723,0.7851,0.7901,0.8087,0.8267,0.8506,0.8723,0.871,0.8867,0.9011,0.9194,0.9079,0.9259,0.9551,0.9599,0.8219,0.8208,0.8373,0.8393,0.8411,0.8444,0.86,0.8671,0.8761,0.8391,0.8555,0.8605,0.8679,0.8803,0.891,0.8962,0.9003,0.907,0.9131,0.9246,0.9233,0.9363,0.9544,0.9585,0.9713,0.9679,0.9872,0.9779,0.9906,0.9774,0.8713,0.8728,0.8758,0.877,0.8794,0.8824,0.882,0.8852,0.8882,0.8911,0.8972,0.8923,0.8917,0.8976,0.9025,0.9067,0.9115,0.9155,0.9186,0.9212,0.9192,0.9262,0.9247,0.9242,0.9164,0.9201,0.9189,0.9165,0.922,0.9232,0.9262,0.9205,0.9255,0.922,0.9264,0.9266,0.9231,0.9349,0.9371,0.9313,0.938,0.9351,0.9331,0.8467,0.847,0.8451,0.8445,0.8439,0.8416,0.8406,0.8388,0.842,0.8377,0.8381,0.8391,0.8428,0.8346,0.8366,0.8327
F11,0.103,0.1051,0.1037,0.1038,0.1048,0.1052,0.1055,0.1064,0.1084,0.1101,0.1123,0.1149,0.1176,0.1211,0.1251,0.1302,0.1364,0.1425,0.1504,0.1589,0.1695,0.1814,0.1934,0.2084,0.2249,0.2364,0.2528,0.2714,0.2911,0.3125,0.3351,0.3557,0.3774,0.3978,0.4213,0.4442,0.4673,0.4917,0.5124,0.5419,0.5657,0.5885,0.6048,0.6232,0.6366,0.6478,0.6576,0.6658,0.6758,0.6871,0.6894,0.6997,0.7082,0.7146,0.7217,0.7248,0.7305,0.7365,0.75,0.7562,0.7689,0.7779,0.7817,0.7855,0.7998,0.8151,0.8233,0.8233,0.8394,0.8468,0.8648,0.8706,0.8624,0.86,0.8873,0.8998,0.9031,0.9213,0.8944,0.9309,0.817,0.8337,0.8489,0.8596,0.8545,0.8722,0.8771,0.882,0.8941,0.8927,0.9161,0.9196,0.9325,0.9337,0.9327,0.861,0.8633,0.8743,0.8802,0.8811,0.8963,0.9066,0.9106,0.9182,0.9239,0.9295,0.945,0.9462,0.9586,0.9686,0.9742,0.971,0.9782,0.9835,0.9798,0.989,0.9915,0.997,0.9991,1.0111,1.0133,1.0194,1.0225,1.0192,1.0178,1.0139,1.0138,1.014,0.9996,1.0046,1.012,1.0061,1.0074,1.015,0.9999,1.0068,1.0082,1.0093,1.003,1.0024,0.998,0.9941,0.9963,0.9941,0.9944,0.9963,1.0009,1.0006,1.0057,0.9953,0.9929,0.9874,0.9804,0.979,0.9859,0.8793,0.8817,0.8804,0.8777,0.8797,0.8787,0.8789,0.8788,0.8772,0.8737,0.8729,0.8732,0.8715,0.8753,0.8755,0.877
F10,0.0989,0.1033,0.103,0.1026,0.1029,0.1031,0.1046,0.1051,0.1061,0.1078,0.11,0.1129,0.1156,0.1191,0.123,0.1272,0.1328,0.1393,0.1464,0.1544,0.1639,0.1746,0.1865,0.2002,0.2153,0.2312,0.244,0.2594,0.2788,0.2979,0.319,0.342,0.3627,0.3821,0.4035,0.4239,0.4473,0.471,0.4929,0.5159,0.5409,0.5661,0.5895,0.6075,0.6224,0.6354,0.6495,0.6599,0.6695,0.6777,0.6835,0.6948,0.696,0.7081,0.7136,0.7208,0.7341,0.7376,0.7531,0.7621,0.7725,0.7858,0.7898,0.7938,0.822,0.8332,0.845,0.862,0.854,0.8594,0.8792,0.8999,0.7915,0.7913,0.8071,0.819,0.8329,0.8434,0.8659,0.8731,0.8794,0.8949,0.9034,0.9202,0.922,0.8249,0.8344,0.8461,0.8533,0.8607,0.8715,0.8785,0.8912,0.8994,0.9097,0.9217,0.9207,0.9375,0.9501,0.9412,0.9634,0.9713,0.9705,0.9727,0.9818,0.9707,0.99,0.9751,0.9971,0.985,1.0036,0.8801,0.8937,0.8928,0.8999,0.9056,0.9078,0.9157,0.9166,0.925,0.9271,0.9334,0.9409,0.9427,0.9465,0.9536,0.9563,0.9573,0.9589,0.9655,0.9688,0.9713,0.974,0.9765,0.9739,0.9785,0.9771,0.979,0.9815,0.9843,0.9837,0.9913,0.9939,0.9923,0.9926,0.9954,0.9946,0.9957,0.9939,1.001,0.9992,0.9977,0.9936,0.998,0.9932,0.9884,0.9941,0.9921,0.9959,0.9987,0.9932,0.9917,0.9883,0.9911,0.9772,0.9814,0.9856,0.9837,0.971,0.9806,0.9663
F9,0.1032,0.1075,0.107,0.1059,0.1102,0.1115,0.1128,0.1141,0.1186,0.1202,0.1266,0.1356,0.145,0.151,0.1687,0.18,0.1801,0.2178,0.2332,0.2687,0.2606,0.2529,0.3242,0.3003,0.3355,0.3791,0.4112,0.448,0.4619,0.5063,0.523,0.5603,0.5938,0.6227,0.6426,0.6629,0.6855,0.6995,0.7156,0.728,0.7382,0.7481,0.7602,0.7693,0.7802,0.7881,0.8013,0.8083,0.8179,0.8267,0.836,0.8465,0.8523,0.8636,0.8702,0.8781,0.8865,0.8947,0.9014,0.908,0.9128,0.9196,0.925,0.9305,0.9368,0.9413,0.9475,0.9511,0.9574,0.9625,0.9679,0.9725,0.977,0.9815,0.9853,0.9907,0.9952,0.9997,1.0034,1.0078,1.0115,1.0162,1.0198,1.0234,1.0268,1.0299,1.0324,1.0344,1.0354,1.0372,1.0392,1.0412,1.0424,1.0432,1.0459,1.0456,1.0463,1.0479,1.0473,1.0485,1.0503,1.0504,1.0511,1.0518,1.0521,1.0529,1.053,1.0536,1.0549,1.0559,1.056,1.0562,1.0568,1.0593,1.061,1.0629,1.0636,1.0644,1.0637,1.0638,1.0626,1.0624,1.0626,1.0614,1.061,1.0597,1.0586,1.0584,1.0573,1.0572,1.0556,1.0546,1.0532,1.0519,1.0518,1.0511,1.0499,1.0496,1.0482,1.0482,1.047,1.0467,1.0457,1.0449,1.0457,1.0439,1.0443,1.0428,1.0419,1.0418,1.0411,1.0401,1.0398,1.0399,1.0387,1.0372,1.0375,1.0366,1.0361,1.0354,1.035,1.0336,1.0334,1.032,1.0319,1.0303,1.0304,1.0288,1.0281,1.0265,1.0266
F8,0.1026,0.1034,0.1044,0.1032,0.1044,0.105,0.1067,0.1085,0.1094,0.1122,0.1152,0.1197,0.1251,0.1304,0.1406,0.1502,0.1621,0.1774,0.1925,0.2139,0.2323,0.2431,0.2657,0.2926,0.3214,0.3548,0.3833,0.4095,0.4397,0.4718,0.5039,0.5404,0.5817,0.6175,0.6426,0.6628,0.6853,0.7025,0.7162,0.7291,0.7415,0.7525,0.7629,0.7725,0.7818,0.7895,0.8005,0.8098,0.8181,0.8272,0.8362,0.8455,0.853,0.8609,0.8698,0.8771,0.8845,0.8924,0.8993,0.9058,0.9135,0.9194,0.9273,0.932,0.9379,0.9434,0.9483,0.9533,0.9598,0.9649,0.9723,0.9757,0.9814,0.9863,0.9895,0.9935,0.9992,1.004,1.0076,1.0123,1.0165,1.0195,1.0236,1.0269,1.0314,1.0346,1.0378,1.0393,1.0405,1.0438,1.0441,1.0461,1.0479,1.0481,1.0527,1.0506,1.0515,1.0528,1.0531,1.0545,1.0553,1.0552,1.0568,1.057,1.0564,1.0582,1.0583,1.059,1.06,1.0605,1.062,1.0647,1.066,1.0673,1.0667,1.0675,1.0673,1.0666,1.067,1.0656,1.0638,1.0642,1.0628,1.062,1.0609,1.0598,1.0588,1.0589,1.0581,1.058,1.0566,1.0538,1.0529,1.051,1.0508,1.0505,1.0486,1.0483,1.0471,1.0467,1.0455,1.0457,1.0445,1.0435,1.0447,1.0425,1.0427,1.0417,1.0406,1.0402,1.0398,1.0387,1.0382,1.0372,1.0373,1.0354,1.0353,1.0351,1.0357,1.0337,1.0361,1.0346,1.031,1.0307,1.0296,1.0291,1.03,1.027,1.0269,1.0248,1.0255
F7,0.0991,0.1018,0.1028,0.1017,0.1039,0.1049,0.1054,0.1035,0.11,0.1093,0.1143,0.1183,0.1234,0.1252,0.1348,0.1413,0.1526,0.1651,0.1774,0.1938,0.2124,0.2262,0.2424,0.2638,0.2886,0.3158,0.3491,0.3734,0.3973,0.4244,0.456,0.4871,0.5186,0.5609,0.5951,0.6213,0.6423,0.6609,0.6721,0.6865,0.6977,0.7088,0.7155,0.7266,0.7367,0.744,0.7536,0.7624,0.7688,0.7791,0.7823,0.7903,0.8008,0.8069,0.8138,0.8212,0.8264,0.8329,0.8372,0.8436,0.849,0.8581,0.8631,0.8664,0.8732,0.8808,0.8836,0.8865,0.8928,0.8974,0.9039,0.9082,0.9095,0.9154,0.9211,0.9266,0.9316,0.9352,0.9376,0.9436,0.9458,0.9481,0.9536,0.9586,0.9613,0.9633,0.9696,0.972,0.9716,0.977,0.9775,0.9803,0.984,0.9878,0.9906,0.9925,0.998,0.9992,0.9985,1.002,1.0016,1.0051,1.0044,1.0062,1.0034,1.0055,1.0063,1.0098,1.0118,1.0118,1.0123,1.0118,1.0124,1.0179,1.0165,1.0182,1.0211,1.0207,1.0215,1.0209,1.0187,1.0165,1.0193,1.0161,1.0129,1.0134,1.0104,1.0124,1.0075,1.007,1.0084,1.0069,1.0081,1.0027,1.0066,1.0031,1.0047,1.0008,1.0003,0.9994,0.9987,0.9983,0.9971,0.9964,0.9987,0.9976,0.9991,0.9967,0.9952,0.9947,0.9949,0.9931,0.9904,0.9929,0.992,0.9908,0.9901,0.9897,0.9885,0.9903,0.9868,0.9866,0.9856,0.9858,0.984,0.9839,0.9837,0.9843,0.982,0.9811,0.9782
G8,0.0991,0.0998,0.0998,0.1001,0.1009,0.1017,0.1028,0.104,0.1056,0.1075,0.1098,0.1125,0.1159,0.1202,0.1251,0.1311,0.1391,0.1482,0.1586,0.1712,0.185,0.201,0.2187,0.2323,0.2492,0.2714,0.2947,0.3225,0.3527,0.3878,0.4205,0.4514,0.4827,0.5172,0.5475,0.5699,0.5917,0.6154,0.6341,0.6552,0.6755,0.6917,0.7072,0.721,0.7318,0.7408,0.752,0.7609,0.7729,0.7798,0.787,0.7993,0.8075,0.8165,0.8223,0.8309,0.8371,0.8444,0.8498,0.8558,0.8627,0.8684,0.8725,0.8775,0.8836,0.8898,0.895,0.8993,0.9036,0.9076,0.9123,0.9181,0.9211,0.9251,0.9276,0.9299,0.9349,0.9363,0.94,0.9426,0.9451,0.948,0.951,0.9548,0.9572,0.9596,0.9614,0.9638,0.9651,0.9688,0.9695,0.9742,0.9755,0.9807,0.9859,0.9879,0.9909,0.9923,0.9931,0.9942,0.9942,0.9957,0.9957,0.9959,0.9954,0.9968,0.9959,0.9972,0.9964,0.9974,0.996,0.9963,0.9944,0.9946,0.9927,0.9927,0.9915,0.9907,0.9904,0.9889,0.9872,0.9857,0.9841,0.9827,0.9807,0.9792,0.9772,0.9765,0.973,0.9715,0.9704,0.9682,0.9666,0.9635,0.9618,0.9589,0.9558,0.9542,0.9504,0.9494,0.9474,0.9439,0.943,0.9401,0.9388,0.9366,0.936,0.9322,0.9315,0.9297,0.9277,0.9266,0.9246,0.922,0.9212,0.92,0.9182,0.9171,0.9155,0.9146,0.9116,0.9123,0.9112,0.9093,0.9082,0.9068,0.9068,0.9056,0.9045,0.9035,0.9027
G9,0.1048,0.1096,0.11,0.1054,0.1057,0.108,0.1073,0.1094,0.1097,0.1127,0.1135,0.1175,0.1199,0.1252,0.1303,0.1369,0.142,0.1528,0.1646,0.1752,0.1901,0.2057,0.2259,0.2384,0.257,0.2782,0.3037,0.3302,0.3617,0.3949,0.4227,0.4525,0.4818,0.5157,0.5464,0.5672,0.5911,0.6131,0.6363,0.6529,0.67,0.6838,0.6983,0.7118,0.7244,0.7339,0.7447,0.7546,0.7636,0.7728,0.7793,0.7893,0.7974,0.8055,0.8121,0.819,0.8274,0.834,0.8405,0.8462,0.8536,0.8598,0.8657,0.8707,0.8757,0.8825,0.8876,0.8922,0.8973,0.9025,0.9064,0.9103,0.9146,0.9177,0.9202,0.9234,0.9279,0.9308,0.9341,0.9373,0.94,0.9427,0.9455,0.9492,0.9511,0.9543,0.9563,0.959,0.9604,0.9652,0.966,0.9723,0.9769,0.9816,0.982,0.9832,0.9853,0.9858,0.9871,0.9871,0.9867,0.9874,0.9879,0.9874,0.9873,0.9879,0.9867,0.9858,0.9855,0.9866,0.9845,0.9858,0.983,0.9831,0.9821,0.9812,0.9797,0.9785,0.9782,0.9771,0.9746,0.9736,0.9723,0.9709,0.9694,0.9683,0.9674,0.9645,0.9623,0.9613,0.959,0.957,0.9544,0.9533,0.9511,0.9482,0.9464,0.9429,0.9392,0.9379,0.9364,0.9322,0.9299,0.9285,0.9262,0.9236,0.9233,0.92,0.919,0.9166,0.9151,0.9128,0.9117,0.9101,0.909,0.9065,0.9054,0.9044,0.9028,0.9022,0.899,0.8997,0.899,0.8976,0.8953,0.8951,0.8951,0.8929,0.8928,0.8904,0.8903
G10,0.0968,0.103,0.1024,0.1022,0.1027,0.1034,0.1046,0.1061,0.108,0.1104,0.1131,0.1161,0.1197,0.1234,0.1283,0.1334,0.1396,0.1464,0.1548,0.1644,0.1754,0.1877,0.2018,0.2185,0.2363,0.251,0.2726,0.2915,0.3122,0.3331,0.3564,0.3764,0.3997,0.4195,0.4408,0.4619,0.4821,0.5026,0.5188,0.5397,0.5584,0.5724,0.5901,0.6011,0.6145,0.6235,0.6377,0.6464,0.6529,0.6591,0.6655,0.6755,0.6766,0.6826,0.6858,0.6888,0.6947,0.6993,0.7136,0.7012,0.7142,0.7118,0.7149,0.7141,0.7181,0.7423,0.7215,0.7435,0.7532,0.7618,0.7606,0.7695,0.7797,0.7971,0.8123,0.8096,0.8063,0.8329,0.7917,0.8391,0.8244,0.7399,0.7463,0.7501,0.7543,0.7572,0.7584,0.7683,0.7639,0.7709,0.7768,0.7548,0.773,0.7697,0.7837,0.7852,0.7978,0.8012,0.8015,0.8001,0.7463,0.7481,0.7431,0.746,0.7534,0.7526,0.7599,0.7533,0.7556,0.7661,0.7671,0.7677,0.7679,0.7666,0.7669,0.7431,0.746,0.7413,0.7428,0.7419,0.7409,0.7416,0.7419,0.739,0.7403,0.7381,0.7387,0.7399,0.7382,0.7377,0.7369,0.7361,0.7341,0.7357,0.7357,0.7331,0.7342,0.7326,0.732,0.7314,0.7302,0.7299,0.7287,0.7256,0.7258,0.7244,0.7277,0.7235,0.7225,0.7212,0.7211,0.7194,0.7191,0.7175,0.718,0.7158,0.7144,0.7143,0.7143,0.7124,0.7115,0.7111,0.7099,0.7082,0.708,0.7051,0.706,0.704,0.7042,0.7024,0.7025
G11,0.0958,0.1004,0.1,0.0998,0.1001,0.1006,0.1015,0.1025,0.1039,0.1055,0.1074,0.1094,0.1118,0.1147,0.118,0.1216,0.1261,0.1309,0.1368,0.1433,0.1515,0.16,0.1704,0.1821,0.1954,0.2115,0.2288,0.2397,0.2558,0.272,0.2887,0.3075,0.3268,0.3483,0.369,0.3903,0.4118,0.4337,0.4556,0.4782,0.5005,0.5172,0.534,0.5501,0.568,0.5812,0.5949,0.6077,0.6158,0.6252,0.6309,0.6385,0.6428,0.6499,0.6528,0.6601,0.6591,0.6629,0.6669,0.6824,0.6753,0.6736,0.6757,0.6876,0.6831,0.6846,0.6956,0.6973,0.6938,0.6934,0.7112,0.7084,0.7022,0.7074,0.7195,0.7177,0.7141,0.7145,0.7183,0.7206,0.7209,0.7228,0.7248,0.7329,0.728,0.7299,0.7392,0.7335,0.7329,0.7452,0.7464,0.7491,0.7503,0.7562,0.7611,0.7609,0.7611,0.7665,0.7651,0.7701,0.7513,0.7555,0.7609,0.7605,0.7634,0.7592,0.7693,0.7731,0.7687,0.7714,0.7699,0.7674,0.7671,0.7723,0.7728,0.7714,0.7712,0.7717,0.7759,0.7764,0.7742,0.7741,0.7748,0.7754,0.777,0.7763,0.776,0.7767,0.7768,0.7775,0.778,0.7785,0.7775,0.7773,0.7771,0.777,0.7772,0.7765,0.7752,0.7757,0.7751,0.7737,0.7737,0.7721,0.7721,0.7711,0.7717,0.7696,0.7693,0.7677,0.7682,0.7658,0.766,0.7644,0.7641,0.7628,0.7611,0.761,0.7593,0.7581,0.7565,0.7566,0.7546,0.7539,0.753,0.7503,0.7507,0.7485,0.748,0.7454,0.7457
G12,0.1005,0.1028,0.1022,0.102,0.1022,0.1027,0.1033,0.1048,0.1055,0.107,0.1092,0.1108,0.1135,0.1161,0.1191,0.1223,0.1267,0.1313,0.1372,0.1432,0.1508,0.1598,0.1701,0.1811,0.1952,0.2109,0.227,0.2384,0.2528,0.2685,0.2847,0.3023,0.3194,0.3394,0.3625,0.382,0.4024,0.4236,0.4465,0.4688,0.4908,0.5098,0.5282,0.544,0.5617,0.5737,0.5896,0.6008,0.6096,0.6187,0.6271,0.6318,0.6372,0.6442,0.6457,0.6584,0.6641,0.6515,0.6684,0.6857,0.6886,0.6926,0.695,0.7145,0.7005,0.7031,0.692,0.7138,0.6939,0.6909,0.6893,0.686,0.6876,0.71,0.7169,0.7181,0.729,0.7381,0.739,0.743,0.7139,0.7121,0.7107,0.7158,0.7126,0.7138,0.7161,0.7287,0.7197,0.7234,0.7228,0.7214,0.7295,0.7278,0.7316,0.7323,0.7374,0.732,0.7314,0.7358,0.7356,0.7361,0.7383,0.7392,0.7439,0.7424,0.7443,0.7425,0.7438,0.7459,0.7462,0.7472,0.749,0.7526,0.7539,0.7531,0.7516,0.7528,0.753,0.7532,0.7549,0.7548,0.7541,0.7543,0.7551,0.7544,0.7538,0.7551,0.7555,0.7562,0.7559,0.7544,0.7539,0.7543,0.754,0.7543,0.7537,0.7524,0.7524,0.7511,0.7522,0.7496,0.749,0.7482,0.7469,0.7455,0.7469,0.7448,0.7452,0.7426,0.7435,0.7419,0.7404,0.7396,0.7399,0.7382,0.7368,0.736,0.7351,0.7343,0.733,0.7312,0.7309,0.7295,0.7284,0.7266,0.7274,0.7244,0.7228,0.7223,0.721
H12,0.0984,0.1009,0.1009,0.1011,0.1012,0.1013,0.1016,0.1016,0.1022,0.1042,0.1049,0.1064,0.1094,0.1109,0.1142,0.1176,0.1216,0.1268,0.132,0.1386,0.1458,0.1541,0.1634,0.1748,0.1867,0.1994,0.2144,0.2289,0.2435,0.2575,0.2732,0.2909,0.3107,0.3282,0.3478,0.3658,0.3866,0.4071,0.4275,0.4518,0.4725,0.4924,0.5173,0.5394,0.5562,0.5674,0.5801,0.5882,0.5907,0.5963,0.5979,0.6061,0.6048,0.608,0.6105,0.6103,0.6141,0.6262,0.6479,0.6449,0.6524,0.6529,0.6593,0.6485,0.6632,0.6621,0.6642,0.6714,0.6694,0.6753,0.6563,0.6768,0.6776,0.6762,0.6873,0.6819,0.6863,0.688,0.6866,0.695,0.6848,0.6971,0.6954,0.6951,0.7008,0.6992,0.7029,0.7054,0.6934,0.7054,0.7101,0.7052,0.7107,0.7013,0.7136,0.71,0.7089,0.7091,0.7077,0.7023,0.7122,0.7122,0.7139,0.7104,0.7175,0.7189,0.7202,0.7144,0.7201,0.717,0.7188,0.7089,0.7119,0.7137,0.7118,0.709,0.7149,0.7165,0.7152,0.7125,0.7047,0.7124,0.7115,0.7089,0.7099,0.7131,0.7107,0.7138,0.7063,0.7082,0.7085,0.706,0.7072,0.704,0.7035,0.6998,0.6963,0.6945,0.6962,0.6944,0.6926,0.6955,0.6942,0.6917,0.69,0.6884,0.6874,0.6841,0.6923,0.6937,0.6956,0.6931,0.6952,0.6939,0.6958,0.693,0.692,0.6903,0.6897,0.6917,0.6871,0.6882,0.6912,0.6947,0.6947,0.6991,0.6678,0.6599,0.6612,0.6593,0.6589
H11,0.0997,0.1014,0.1014,0.1011,0.1015,0.1016,0.1024,0.103,0.104,0.1051,0.1069,0.1082,0.1102,0.1126,0.1153,0.1183,0.1225,0.1265,0.1314,0.1376,0.1442,0.1518,0.1606,0.1701,0.1814,0.1926,0.2066,0.22,0.2343,0.2478,0.2616,0.2765,0.2958,0.3138,0.3316,0.351,0.3688,0.3887,0.4088,0.43,0.4515,0.4711,0.4934,0.5163,0.5349,0.5488,0.5627,0.5712,0.5756,0.584,0.5844,0.5878,0.5913,0.593,0.5978,0.5971,0.599,0.6021,0.6046,0.6047,0.6127,0.6144,0.6164,0.6202,0.6214,0.6282,0.6241,0.63,0.6319,0.6364,0.6391,0.643,0.6454,0.6466,0.6504,0.6521,0.6541,0.656,0.6604,0.661,0.6628,0.6632,0.6662,0.6684,0.6691,0.672,0.6745,0.6757,0.6772,0.6805,0.6815,0.6842,0.686,0.6868,0.69,0.6911,0.6916,0.693,0.6932,0.6964,0.6976,0.7006,0.7042,0.7037,0.704,0.7071,0.7081,0.7087,0.7115,0.7121,0.712,0.7136,0.7141,0.7166,0.716,0.7183,0.7176,0.7176,0.7194,0.7182,0.7199,0.7196,0.7194,0.72,0.7192,0.7187,0.7168,0.7194,0.7185,0.7187,0.7179,0.7165,0.7178,0.7201,0.7181,0.7175,0.7151,0.7134,0.7131,0.7126,0.711,0.7101,0.7091,0.7066,0.7066,0.7055,0.7076,0.7052,0.703,0.7007,0.701,0.699,0.6969,0.6956,0.697,0.6988,0.6983,0.6918,0.693,0.6972,0.6921,0.6929,0.6894,0.6937,0.6947,0.6847,0.6849,0.6901,0.6866,0.6882,0.6869
H10,0.1005,0.1028,0.1024,0.1024,0.1026,0.1028,0.1035,0.1039,0.1049,0.1061,0.1074,0.1089,0.1108,0.1129,0.1155,0.119,0.1224,0.1265,0.131,0.1367,0.1442,0.1508,0.1591,0.1684,0.1801,0.1893,0.2038,0.2163,0.2299,0.2441,0.2573,0.2715,0.2869,0.3041,0.3231,0.3409,0.3574,0.3774,0.3947,0.4155,0.4363,0.4551,0.474,0.494,0.513,0.5314,0.551,0.5629,0.5724,0.5804,0.5803,0.5835,0.584,0.5848,0.5863,0.5865,0.5908,0.5886,0.588,0.5985,0.6028,0.6026,0.6094,0.5988,0.6086,0.6076,0.6097,0.6168,0.6065,0.6087,0.6088,0.6114,0.6159,0.6162,0.6181,0.6201,0.6218,0.6225,0.626,0.6267,0.6287,0.6276,0.6321,0.6327,0.6338,0.6366,0.6386,0.6375,0.6393,0.6414,0.6433,0.6439,0.6451,0.6467,0.6476,0.6479,0.6497,0.6491,0.6495,0.6526,0.6539,0.6569,0.6581,0.6594,0.6593,0.6612,0.6637,0.6629,0.6661,0.6656,0.6665,0.6682,0.6697,0.6709,0.6718,0.6732,0.6726,0.674,0.6764,0.6762,0.6766,0.6764,0.6791,0.6794,0.6784,0.6789,0.6795,0.6814,0.6802,0.6821,0.6817,0.6816,0.6809,0.6818,0.6808,0.6812,0.6815,0.6823,0.6832,0.682,0.6823,0.6816,0.6814,0.6798,0.6802,0.6781,0.6785,0.6762,0.6751,0.6744,0.6743,0.6733,0.6725,0.6709,0.67,0.6691,0.6673,0.6647,0.6659,0.6645,0.6633,0.6632,0.6615,0.6598,0.6595,0.6571,0.6578,0.6563,0.6533,0.6547,0.6516
H9,0.095,0.0971,0.0973,0.0972,0.0979,0.0984,0.0992,0.1002,0.1017,0.1034,0.1052,0.1077,0.1109,0.1145,0.1196,0.1254,0.1326,0.1409,0.1512,0.1632,0.1767,0.192,0.2092,0.2283,0.2432,0.263,0.2859,0.3126,0.3451,0.3744,0.401,0.4299,0.461,0.4913,0.5229,0.5552,0.5882,0.6159,0.637,0.6573,0.6756,0.6887,0.7005,0.7134,0.7222,0.7302,0.7417,0.7488,0.7557,0.7642,0.7706,0.7797,0.784,0.7923,0.7975,0.804,0.8113,0.8175,0.823,0.8273,0.8348,0.8391,0.8461,0.8508,0.8566,0.8599,0.8641,0.8695,0.8744,0.8777,0.8813,0.8859,0.8897,0.8916,0.895,0.899,0.9026,0.9063,0.9094,0.9134,0.9153,0.9177,0.9215,0.9246,0.9265,0.9308,0.9325,0.9339,0.9364,0.9387,0.9409,0.9427,0.9448,0.9457,0.9462,0.9462,0.9475,0.9468,0.9459,0.9477,0.9483,0.9494,0.9472,0.9467,0.9467,0.9461,0.9464,0.9443,0.9452,0.9438,0.9431,0.9421,0.9414,0.941,0.9396,0.9391,0.9369,0.9363,0.9361,0.9342,0.9331,0.931,0.9307,0.9297,0.9285,0.9284,0.9252,0.9263,0.925,0.9236,0.9221,0.921,0.9195,0.9188,0.9174,0.9164,0.9163,0.915,0.9142,0.9116,0.9103,0.9097,0.9081,0.9064,0.9052,0.9047,0.9044,0.9017,0.902,0.9005,0.8996,0.8989,0.8974,0.8969,0.8955,0.8945,0.8936,0.8917,0.8916,0.8892,0.888,0.8867,0.8855,0.8827,0.8828,0.8817,0.881,0.8804,0.879,0.8774,0.8769
H8,0.0954,0.0978,0.0978,0.0979,0.0987,0.0995,0.1005,0.102,0.1037,0.1056,0.108,0.111,0.1149,0.1194,0.1253,0.1323,0.1412,0.1516,0.1633,0.1775,0.194,0.2125,0.2318,0.2461,0.2667,0.2914,0.3193,0.3541,0.3824,0.4103,0.4395,0.4718,0.5036,0.5361,0.5741,0.6049,0.6287,0.6518,0.6683,0.6854,0.6983,0.7078,0.7208,0.7302,0.7394,0.7447,0.7557,0.7622,0.7697,0.7769,0.7832,0.7917,0.796,0.8042,0.8109,0.8155,0.8239,0.8305,0.8359,0.8394,0.8469,0.8505,0.8573,0.863,0.8672,0.871,0.8759,0.8806,0.8844,0.8883,0.8916,0.8953,0.8993,0.902,0.9046,0.9094,0.9126,0.9161,0.9194,0.9234,0.9255,0.927,0.9309,0.934,0.9366,0.9399,0.9422,0.9431,0.9461,0.9477,0.9499,0.9522,0.9525,0.9538,0.9545,0.9549,0.9547,0.9542,0.9541,0.954,0.9551,0.9559,0.9545,0.9536,0.9525,0.9531,0.9522,0.9511,0.9527,0.9504,0.9507,0.9494,0.948,0.9471,0.9467,0.9452,0.9451,0.9425,0.9434,0.9409,0.9392,0.9392,0.938,0.9371,0.9356,0.9343,0.9329,0.9339,0.9319,0.9307,0.9292,0.9283,0.9274,0.9271,0.9251,0.9238,0.925,0.9236,0.9228,0.9201,0.9202,0.9192,0.9173,0.9155,0.9161,0.9147,0.9136,0.9104,0.9107,0.908,0.9074,0.9072,0.9051,0.9046,0.9033,0.9037,0.9021,0.9007,0.9003,0.8994,0.8971,0.8965,0.8951,0.8935,0.8941,0.8935,0.8931,0.8903,0.8893,0.8889,0.8883